,timesteps,units,numerical units,dropout,learning_rate,cnn_filter,cnn_kernel,cnn_pool,f1_score,threshold,best_report,confusion_matrix
0,10,128,8,0.2,0.001,64,2,2,0.4,0.5,"{'0': {'precision': 0.3783783783783784, 'recall': 0.7368421052631579, 'f1-score': 0.5, 'support': 19.0}, '1': {'precision': 0.5454545454545454, 'recall': 0.20689655172413793, 'f1-score': 0.3, 'support': 29.0}, 'accuracy': 0.4166666666666667, 'macro avg': {'precision': 0.4619164619164619, 'recall': 0.4718693284936479, 'f1-score': 0.4, 'support': 48.0}, 'weighted avg': {'precision': 0.4793202293202293, 'recall': 0.4166666666666667, 'f1-score': 0.37916666666666665, 'support': 48.0}}","[[14  5]
 [23  6]]"
1,10,128,8,0.2,0.001,64,2,3,0.2835820895522388,0.5,"{'0': {'precision': 0.3958333333333333, 'recall': 1.0, 'f1-score': 0.5671641791044776, 'support': 19.0}, '1': {'precision': 0.0, 'recall': 0.0, 'f1-score': 0.0, 'support': 29.0}, 'accuracy': 0.3958333333333333, 'macro avg': {'precision': 0.19791666666666666, 'recall': 0.5, 'f1-score': 0.2835820895522388, 'support': 48.0}, 'weighted avg': {'precision': 0.15668402777777776, 'recall': 0.3958333333333333, 'f1-score': 0.22450248756218905, 'support': 48.0}}","[[19  0]
 [29  0]]"
2,10,128,8,0.2,0.001,64,3,2,0.3212121212121212,0.5,"{'0': {'precision': 0.40425531914893614, 'recall': 1.0, 'f1-score': 0.5757575757575758, 'support': 19.0}, '1': {'precision': 1.0, 'recall': 0.034482758620689655, 'f1-score': 0.06666666666666667, 'support': 29.0}, 'accuracy': 0.4166666666666667, 'macro avg': {'precision': 0.7021276595744681, 'recall': 0.5172413793103449, 'f1-score': 0.3212121212121212, 'support': 48.0}, 'weighted avg': {'precision': 0.7641843971631205, 'recall': 0.4166666666666667, 'f1-score': 0.2681818181818182, 'support': 48.0}}","[[19  0]
 [28  1]]"
3,10,128,8,0.2,0.001,64,3,3,0.2835820895522388,0.5,"{'0': {'precision': 0.3958333333333333, 'recall': 1.0, 'f1-score': 0.5671641791044776, 'support': 19.0}, '1': {'precision': 0.0, 'recall': 0.0, 'f1-score': 0.0, 'support': 29.0}, 'accuracy': 0.3958333333333333, 'macro avg': {'precision': 0.19791666666666666, 'recall': 0.5, 'f1-score': 0.2835820895522388, 'support': 48.0}, 'weighted avg': {'precision': 0.15668402777777776, 'recall': 0.3958333333333333, 'f1-score': 0.22450248756218905, 'support': 48.0}}","[[19  0]
 [29  0]]"
4,10,128,8,0.2,0.001,64,5,2,0.3445378151260504,0.5,"{'0': {'precision': 0.1111111111111111, 'recall': 0.05263157894736842, 'f1-score': 0.07142857142857142, 'support': 19.0}, '1': {'precision': 0.5384615384615384, 'recall': 0.7241379310344828, 'f1-score': 0.6176470588235294, 'support': 29.0}, 'accuracy': 0.4583333333333333, 'macro avg': {'precision': 0.32478632478632474, 'recall': 0.3883847549909256, 'f1-score': 0.3445378151260504, 'support': 48.0}, 'weighted avg': {'precision': 0.36930199430199434, 'recall': 0.4583333333333333, 'f1-score': 0.40143557422969195, 'support': 48.0}}","[[ 1 18]
 [ 8 21]]"
5,10,128,8,0.2,0.001,64,5,3,0.2835820895522388,0.5,"{'0': {'precision': 0.3958333333333333, 'recall': 1.0, 'f1-score': 0.5671641791044776, 'support': 19.0}, '1': {'precision': 0.0, 'recall': 0.0, 'f1-score': 0.0, 'support': 29.0}, 'accuracy': 0.3958333333333333, 'macro avg': {'precision': 0.19791666666666666, 'recall': 0.5, 'f1-score': 0.2835820895522388, 'support': 48.0}, 'weighted avg': {'precision': 0.15668402777777776, 'recall': 0.3958333333333333, 'f1-score': 0.22450248756218905, 'support': 48.0}}","[[19  0]
 [29  0]]"
6,10,128,8,0.2,0.001,128,2,2,0.2835820895522388,0.5,"{'0': {'precision': 0.3958333333333333, 'recall': 1.0, 'f1-score': 0.5671641791044776, 'support': 19.0}, '1': {'precision': 0.0, 'recall': 0.0, 'f1-score': 0.0, 'support': 29.0}, 'accuracy': 0.3958333333333333, 'macro avg': {'precision': 0.19791666666666666, 'recall': 0.5, 'f1-score': 0.2835820895522388, 'support': 48.0}, 'weighted avg': {'precision': 0.15668402777777776, 'recall': 0.3958333333333333, 'f1-score': 0.22450248756218905, 'support': 48.0}}","[[19  0]
 [29  0]]"
7,10,128,8,0.2,0.001,128,2,3,0.37662337662337664,0.0,"{'0': {'precision': 0.0, 'recall': 0.0, 'f1-score': 0.0, 'support': 19.0}, '1': {'precision': 0.6041666666666666, 'recall': 1.0, 'f1-score': 0.7532467532467533, 'support': 29.0}, 'accuracy': 0.6041666666666666, 'macro avg': {'precision': 0.3020833333333333, 'recall': 0.5, 'f1-score': 0.37662337662337664, 'support': 48.0}, 'weighted avg': {'precision': 0.3650173611111111, 'recall': 0.6041666666666666, 'f1-score': 0.45508658008658015, 'support': 48.0}}","[[ 0 19]
 [ 0 29]]"
8,10,128,8,0.2,0.001,128,3,2,0.37662337662337664,0.5,"{'0': {'precision': 0.0, 'recall': 0.0, 'f1-score': 0.0, 'support': 19.0}, '1': {'precision': 0.6041666666666666, 'recall': 1.0, 'f1-score': 0.7532467532467533, 'support': 29.0}, 'accuracy': 0.6041666666666666, 'macro avg': {'precision': 0.3020833333333333, 'recall': 0.5, 'f1-score': 0.37662337662337664, 'support': 48.0}, 'weighted avg': {'precision': 0.3650173611111111, 'recall': 0.6041666666666666, 'f1-score': 0.45508658008658015, 'support': 48.0}}","[[ 0 19]
 [ 0 29]]"
9,10,128,8,0.2,0.001,128,3,3,0.2835820895522388,0.5,"{'0': {'precision': 0.3958333333333333, 'recall': 1.0, 'f1-score': 0.5671641791044776, 'support': 19.0}, '1': {'precision': 0.0, 'recall': 0.0, 'f1-score': 0.0, 'support': 29.0}, 'accuracy': 0.3958333333333333, 'macro avg': {'precision': 0.19791666666666666, 'recall': 0.5, 'f1-score': 0.2835820895522388, 'support': 48.0}, 'weighted avg': {'precision': 0.15668402777777776, 'recall': 0.3958333333333333, 'f1-score': 0.22450248756218905, 'support': 48.0}}","[[19  0]
 [29  0]]"
10,10,128,8,0.2,0.001,128,5,2,0.5104212860310421,0.5,"{'0': {'precision': 0.4444444444444444, 'recall': 0.8421052631578947, 'f1-score': 0.5818181818181818, 'support': 19.0}, '1': {'precision': 0.75, 'recall': 0.3103448275862069, 'f1-score': 0.43902439024390244, 'support': 29.0}, 'accuracy': 0.5208333333333334, 'macro avg': {'precision': 0.5972222222222222, 'recall': 0.5762250453720508, 'f1-score': 0.5104212860310421, 'support': 48.0}, 'weighted avg': {'precision': 0.6290509259259259, 'recall': 0.5208333333333334, 'f1-score': 0.49554693274205475, 'support': 48.0}}","[[16  3]
 [20  9]]"
11,10,128,8,0.2,0.001,128,5,3,0.37662337662337664,0.0,"{'0': {'precision': 0.0, 'recall': 0.0, 'f1-score': 0.0, 'support': 19.0}, '1': {'precision': 0.6041666666666666, 'recall': 1.0, 'f1-score': 0.7532467532467533, 'support': 29.0}, 'accuracy': 0.6041666666666666, 'macro avg': {'precision': 0.3020833333333333, 'recall': 0.5, 'f1-score': 0.37662337662337664, 'support': 48.0}, 'weighted avg': {'precision': 0.3650173611111111, 'recall': 0.6041666666666666, 'f1-score': 0.45508658008658015, 'support': 48.0}}","[[ 0 19]
 [ 0 29]]"
12,10,128,8,0.2,0.0005,64,2,2,0.3888888888888889,0.5,"{'0': {'precision': 0.2, 'recall': 0.05263157894736842, 'f1-score': 0.08333333333333333, 'support': 19.0}, '1': {'precision': 0.5813953488372093, 'recall': 0.8620689655172413, 'f1-score': 0.6944444444444444, 'support': 29.0}, 'accuracy': 0.5416666666666666, 'macro avg': {'precision': 0.3906976744186047, 'recall': 0.45735027223230484, 'f1-score': 0.3888888888888889, 'support': 48.0}, 'weighted avg': {'precision': 0.4304263565891473, 'recall': 0.5416666666666666, 'f1-score': 0.4525462962962963, 'support': 48.0}}","[[ 1 18]
 [ 4 25]]"
13,10,128,8,0.2,0.0005,64,2,3,0.2835820895522388,0.5,"{'0': {'precision': 0.3958333333333333, 'recall': 1.0, 'f1-score': 0.5671641791044776, 'support': 19.0}, '1': {'precision': 0.0, 'recall': 0.0, 'f1-score': 0.0, 'support': 29.0}, 'accuracy': 0.3958333333333333, 'macro avg': {'precision': 0.19791666666666666, 'recall': 0.5, 'f1-score': 0.2835820895522388, 'support': 48.0}, 'weighted avg': {'precision': 0.15668402777777776, 'recall': 0.3958333333333333, 'f1-score': 0.22450248756218905, 'support': 48.0}}","[[19  0]
 [29  0]]"
14,10,128,8,0.2,0.0005,64,3,2,0.6039947894051237,0.5,"{'0': {'precision': 0.5, 'recall': 0.7368421052631579, 'f1-score': 0.5957446808510638, 'support': 19.0}, '1': {'precision': 0.75, 'recall': 0.5172413793103449, 'f1-score': 0.6122448979591837, 'support': 29.0}, 'accuracy': 0.6041666666666666, 'macro avg': {'precision': 0.625, 'recall': 0.6270417422867514, 'f1-score': 0.6039947894051237, 'support': 48.0}, 'weighted avg': {'precision': 0.6510416666666666, 'recall': 0.6041666666666666, 'f1-score': 0.6057135620205528, 'support': 48.0}}","[[14  5]
 [14 15]]"
15,10,128,8,0.2,0.0005,64,3,3,0.2835820895522388,0.5,"{'0': {'precision': 0.3958333333333333, 'recall': 1.0, 'f1-score': 0.5671641791044776, 'support': 19.0}, '1': {'precision': 0.0, 'recall': 0.0, 'f1-score': 0.0, 'support': 29.0}, 'accuracy': 0.3958333333333333, 'macro avg': {'precision': 0.19791666666666666, 'recall': 0.5, 'f1-score': 0.2835820895522388, 'support': 48.0}, 'weighted avg': {'precision': 0.15668402777777776, 'recall': 0.3958333333333333, 'f1-score': 0.22450248756218905, 'support': 48.0}}","[[19  0]
 [29  0]]"
16,10,128,8,0.2,0.0005,64,5,2,0.4103194103194103,0.5,"{'0': {'precision': 0.3333333333333333, 'recall': 0.05263157894736842, 'f1-score': 0.09090909090909091, 'support': 19.0}, '1': {'precision': 0.6, 'recall': 0.9310344827586207, 'f1-score': 0.7297297297297297, 'support': 29.0}, 'accuracy': 0.5833333333333334, 'macro avg': {'precision': 0.4666666666666667, 'recall': 0.49183303085299457, 'f1-score': 0.4103194103194103, 'support': 48.0}, 'weighted avg': {'precision': 0.4944444444444444, 'recall': 0.5833333333333334, 'f1-score': 0.47686322686322685, 'support': 48.0}}","[[ 1 18]
 [ 2 27]]"
17,10,128,8,0.2,0.0005,64,5,3,0.37662337662337664,0.5,"{'0': {'precision': 0.0, 'recall': 0.0, 'f1-score': 0.0, 'support': 19.0}, '1': {'precision': 0.6041666666666666, 'recall': 1.0, 'f1-score': 0.7532467532467533, 'support': 29.0}, 'accuracy': 0.6041666666666666, 'macro avg': {'precision': 0.3020833333333333, 'recall': 0.5, 'f1-score': 0.37662337662337664, 'support': 48.0}, 'weighted avg': {'precision': 0.3650173611111111, 'recall': 0.6041666666666666, 'f1-score': 0.45508658008658015, 'support': 48.0}}","[[ 0 19]
 [ 0 29]]"
18,10,128,8,0.2,0.0005,128,2,2,0.2835820895522388,0.5,"{'0': {'precision': 0.3958333333333333, 'recall': 1.0, 'f1-score': 0.5671641791044776, 'support': 19.0}, '1': {'precision': 0.0, 'recall': 0.0, 'f1-score': 0.0, 'support': 29.0}, 'accuracy': 0.3958333333333333, 'macro avg': {'precision': 0.19791666666666666, 'recall': 0.5, 'f1-score': 0.2835820895522388, 'support': 48.0}, 'weighted avg': {'precision': 0.15668402777777776, 'recall': 0.3958333333333333, 'f1-score': 0.22450248756218905, 'support': 48.0}}","[[19  0]
 [29  0]]"
19,10,128,8,0.2,0.0005,128,2,3,0.37662337662337664,0.5,"{'0': {'precision': 0.0, 'recall': 0.0, 'f1-score': 0.0, 'support': 19.0}, '1': {'precision': 0.6041666666666666, 'recall': 1.0, 'f1-score': 0.7532467532467533, 'support': 29.0}, 'accuracy': 0.6041666666666666, 'macro avg': {'precision': 0.3020833333333333, 'recall': 0.5, 'f1-score': 0.37662337662337664, 'support': 48.0}, 'weighted avg': {'precision': 0.3650173611111111, 'recall': 0.6041666666666666, 'f1-score': 0.45508658008658015, 'support': 48.0}}","[[ 0 19]
 [ 0 29]]"
20,10,128,8,0.2,0.0005,128,3,2,0.48121461657231085,0.5,"{'0': {'precision': 0.4, 'recall': 0.21052631578947367, 'f1-score': 0.27586206896551724, 'support': 19.0}, '1': {'precision': 0.6052631578947368, 'recall': 0.7931034482758621, 'f1-score': 0.6865671641791045, 'support': 29.0}, 'accuracy': 0.5625, 'macro avg': {'precision': 0.5026315789473684, 'recall': 0.5018148820326679, 'f1-score': 0.48121461657231085, 'support': 48.0}, 'weighted avg': {'precision': 0.5240131578947369, 'recall': 0.5625, 'f1-score': 0.5239963973237262, 'support': 48.0}}","[[ 4 15]
 [ 6 23]]"
21,10,128,8,0.2,0.0005,128,3,3,0.2835820895522388,0.5,"{'0': {'precision': 0.3958333333333333, 'recall': 1.0, 'f1-score': 0.5671641791044776, 'support': 19.0}, '1': {'precision': 0.0, 'recall': 0.0, 'f1-score': 0.0, 'support': 29.0}, 'accuracy': 0.3958333333333333, 'macro avg': {'precision': 0.19791666666666666, 'recall': 0.5, 'f1-score': 0.2835820895522388, 'support': 48.0}, 'weighted avg': {'precision': 0.15668402777777776, 'recall': 0.3958333333333333, 'f1-score': 0.22450248756218905, 'support': 48.0}}","[[19  0]
 [29  0]]"
22,10,128,8,0.2,0.0005,128,5,2,0.5,0.5,"{'0': {'precision': 0.6, 'recall': 0.15789473684210525, 'f1-score': 0.25, 'support': 19.0}, '1': {'precision': 0.627906976744186, 'recall': 0.9310344827586207, 'f1-score': 0.75, 'support': 29.0}, 'accuracy': 0.625, 'macro avg': {'precision': 0.613953488372093, 'recall': 0.5444646098003629, 'f1-score': 0.5, 'support': 48.0}, 'weighted avg': {'precision': 0.6168604651162791, 'recall': 0.625, 'f1-score': 0.5520833333333334, 'support': 48.0}}","[[ 3 16]
 [ 2 27]]"
23,10,128,8,0.2,0.0005,128,5,3,0.4,0.5,"{'0': {'precision': 0.2857142857142857, 'recall': 0.3157894736842105, 'f1-score': 0.3, 'support': 19.0}, '1': {'precision': 0.5185185185185185, 'recall': 0.4827586206896552, 'f1-score': 0.5, 'support': 29.0}, 'accuracy': 0.4166666666666667, 'macro avg': {'precision': 0.4021164021164021, 'recall': 0.3992740471869328, 'f1-score': 0.4, 'support': 48.0}, 'weighted avg': {'precision': 0.4263668430335097, 'recall': 0.4166666666666667, 'f1-score': 0.42083333333333334, 'support': 48.0}}","[[ 6 13]
 [15 14]]"
24,10,128,8,0.5,0.001,64,2,2,0.5804195804195804,0.5,"{'0': {'precision': 0.48484848484848486, 'recall': 0.8421052631578947, 'f1-score': 0.6153846153846154, 'support': 19.0}, '1': {'precision': 0.8, 'recall': 0.41379310344827586, 'f1-score': 0.5454545454545454, 'support': 29.0}, 'accuracy': 0.5833333333333334, 'macro avg': {'precision': 0.6424242424242425, 'recall': 0.6279491833030852, 'f1-score': 0.5804195804195804, 'support': 48.0}, 'weighted avg': {'precision': 0.6752525252525253, 'recall': 0.5833333333333334, 'f1-score': 0.5731351981351981, 'support': 48.0}}","[[16  3]
 [17 12]]"
25,10,128,8,0.5,0.001,64,2,3,0.37662337662337664,0.5,"{'0': {'precision': 0.0, 'recall': 0.0, 'f1-score': 0.0, 'support': 19.0}, '1': {'precision': 0.6041666666666666, 'recall': 1.0, 'f1-score': 0.7532467532467533, 'support': 29.0}, 'accuracy': 0.6041666666666666, 'macro avg': {'precision': 0.3020833333333333, 'recall': 0.5, 'f1-score': 0.37662337662337664, 'support': 48.0}, 'weighted avg': {'precision': 0.3650173611111111, 'recall': 0.6041666666666666, 'f1-score': 0.45508658008658015, 'support': 48.0}}","[[ 0 19]
 [ 0 29]]"
26,10,128,8,0.5,0.001,64,3,2,0.5104212860310421,0.5,"{'0': {'precision': 0.4444444444444444, 'recall': 0.8421052631578947, 'f1-score': 0.5818181818181818, 'support': 19.0}, '1': {'precision': 0.75, 'recall': 0.3103448275862069, 'f1-score': 0.43902439024390244, 'support': 29.0}, 'accuracy': 0.5208333333333334, 'macro avg': {'precision': 0.5972222222222222, 'recall': 0.5762250453720508, 'f1-score': 0.5104212860310421, 'support': 48.0}, 'weighted avg': {'precision': 0.6290509259259259, 'recall': 0.5208333333333334, 'f1-score': 0.49554693274205475, 'support': 48.0}}","[[16  3]
 [20  9]]"
27,10,128,8,0.5,0.001,64,3,3,0.37662337662337664,0.0,"{'0': {'precision': 0.0, 'recall': 0.0, 'f1-score': 0.0, 'support': 19.0}, '1': {'precision': 0.6041666666666666, 'recall': 1.0, 'f1-score': 0.7532467532467533, 'support': 29.0}, 'accuracy': 0.6041666666666666, 'macro avg': {'precision': 0.3020833333333333, 'recall': 0.5, 'f1-score': 0.37662337662337664, 'support': 48.0}, 'weighted avg': {'precision': 0.3650173611111111, 'recall': 0.6041666666666666, 'f1-score': 0.45508658008658015, 'support': 48.0}}","[[ 0 19]
 [ 0 29]]"
28,10,128,8,0.5,0.001,64,5,2,0.4773139745916515,0.5,"{'0': {'precision': 0.3684210526315789, 'recall': 0.3684210526315789, 'f1-score': 0.3684210526315789, 'support': 19.0}, '1': {'precision': 0.5862068965517241, 'recall': 0.5862068965517241, 'f1-score': 0.5862068965517241, 'support': 29.0}, 'accuracy': 0.5, 'macro avg': {'precision': 0.4773139745916515, 'recall': 0.4773139745916515, 'f1-score': 0.4773139745916515, 'support': 48.0}, 'weighted avg': {'precision': 0.5, 'recall': 0.5, 'f1-score': 0.5, 'support': 48.0}}","[[ 7 12]
 [12 17]]"
29,10,128,8,0.5,0.001,64,5,3,0.37662337662337664,0.0,"{'0': {'precision': 0.0, 'recall': 0.0, 'f1-score': 0.0, 'support': 19.0}, '1': {'precision': 0.6041666666666666, 'recall': 1.0, 'f1-score': 0.7532467532467533, 'support': 29.0}, 'accuracy': 0.6041666666666666, 'macro avg': {'precision': 0.3020833333333333, 'recall': 0.5, 'f1-score': 0.37662337662337664, 'support': 48.0}, 'weighted avg': {'precision': 0.3650173611111111, 'recall': 0.6041666666666666, 'f1-score': 0.45508658008658015, 'support': 48.0}}","[[ 0 19]
 [ 0 29]]"
30,10,128,8,0.5,0.001,128,2,2,0.37662337662337664,0.5,"{'0': {'precision': 0.0, 'recall': 0.0, 'f1-score': 0.0, 'support': 19.0}, '1': {'precision': 0.6041666666666666, 'recall': 1.0, 'f1-score': 0.7532467532467533, 'support': 29.0}, 'accuracy': 0.6041666666666666, 'macro avg': {'precision': 0.3020833333333333, 'recall': 0.5, 'f1-score': 0.37662337662337664, 'support': 48.0}, 'weighted avg': {'precision': 0.3650173611111111, 'recall': 0.6041666666666666, 'f1-score': 0.45508658008658015, 'support': 48.0}}","[[ 0 19]
 [ 0 29]]"
31,10,128,8,0.5,0.001,128,2,3,0.546218487394958,0.5,"{'0': {'precision': 0.5555555555555556, 'recall': 0.2631578947368421, 'f1-score': 0.35714285714285715, 'support': 19.0}, '1': {'precision': 0.6410256410256411, 'recall': 0.8620689655172413, 'f1-score': 0.7352941176470589, 'support': 29.0}, 'accuracy': 0.625, 'macro avg': {'precision': 0.5982905982905984, 'recall': 0.5626134301270417, 'f1-score': 0.546218487394958, 'support': 48.0}, 'weighted avg': {'precision': 0.6071937321937323, 'recall': 0.625, 'f1-score': 0.585609243697479, 'support': 48.0}}","[[ 5 14]
 [ 4 25]]"
32,10,128,8,0.5,0.001,128,3,2,0.37662337662337664,0.5,"{'0': {'precision': 0.0, 'recall': 0.0, 'f1-score': 0.0, 'support': 19.0}, '1': {'precision': 0.6041666666666666, 'recall': 1.0, 'f1-score': 0.7532467532467533, 'support': 29.0}, 'accuracy': 0.6041666666666666, 'macro avg': {'precision': 0.3020833333333333, 'recall': 0.5, 'f1-score': 0.37662337662337664, 'support': 48.0}, 'weighted avg': {'precision': 0.3650173611111111, 'recall': 0.6041666666666666, 'f1-score': 0.45508658008658015, 'support': 48.0}}","[[ 0 19]
 [ 0 29]]"
33,10,128,8,0.5,0.001,128,3,3,0.37662337662337664,0.5,"{'0': {'precision': 0.0, 'recall': 0.0, 'f1-score': 0.0, 'support': 19.0}, '1': {'precision': 0.6041666666666666, 'recall': 1.0, 'f1-score': 0.7532467532467533, 'support': 29.0}, 'accuracy': 0.6041666666666666, 'macro avg': {'precision': 0.3020833333333333, 'recall': 0.5, 'f1-score': 0.37662337662337664, 'support': 48.0}, 'weighted avg': {'precision': 0.3650173611111111, 'recall': 0.6041666666666666, 'f1-score': 0.45508658008658015, 'support': 48.0}}","[[ 0 19]
 [ 0 29]]"
34,10,128,8,0.5,0.001,128,5,2,0.5555555555555556,0.5,"{'0': {'precision': 0.47058823529411764, 'recall': 0.42105263157894735, 'f1-score': 0.4444444444444444, 'support': 19.0}, '1': {'precision': 0.6451612903225806, 'recall': 0.6896551724137931, 'f1-score': 0.6666666666666666, 'support': 29.0}, 'accuracy': 0.5833333333333334, 'macro avg': {'precision': 0.5578747628083491, 'recall': 0.5553539019963702, 'f1-score': 0.5555555555555556, 'support': 48.0}, 'weighted avg': {'precision': 0.5760594560404807, 'recall': 0.5833333333333334, 'f1-score': 0.5787037037037037, 'support': 48.0}}","[[ 8 11]
 [ 9 20]]"
35,10,128,8,0.5,0.001,128,5,3,0.37662337662337664,0.5,"{'0': {'precision': 0.0, 'recall': 0.0, 'f1-score': 0.0, 'support': 19.0}, '1': {'precision': 0.6041666666666666, 'recall': 1.0, 'f1-score': 0.7532467532467533, 'support': 29.0}, 'accuracy': 0.6041666666666666, 'macro avg': {'precision': 0.3020833333333333, 'recall': 0.5, 'f1-score': 0.37662337662337664, 'support': 48.0}, 'weighted avg': {'precision': 0.3650173611111111, 'recall': 0.6041666666666666, 'f1-score': 0.45508658008658015, 'support': 48.0}}","[[ 0 19]
 [ 0 29]]"
36,10,128,8,0.5,0.0005,64,2,2,0.37662337662337664,0.5,"{'0': {'precision': 0.0, 'recall': 0.0, 'f1-score': 0.0, 'support': 19.0}, '1': {'precision': 0.6041666666666666, 'recall': 1.0, 'f1-score': 0.7532467532467533, 'support': 29.0}, 'accuracy': 0.6041666666666666, 'macro avg': {'precision': 0.3020833333333333, 'recall': 0.5, 'f1-score': 0.37662337662337664, 'support': 48.0}, 'weighted avg': {'precision': 0.3650173611111111, 'recall': 0.6041666666666666, 'f1-score': 0.45508658008658015, 'support': 48.0}}","[[ 0 19]
 [ 0 29]]"
37,10,128,8,0.5,0.0005,64,2,3,0.2835820895522388,0.5,"{'0': {'precision': 0.3958333333333333, 'recall': 1.0, 'f1-score': 0.5671641791044776, 'support': 19.0}, '1': {'precision': 0.0, 'recall': 0.0, 'f1-score': 0.0, 'support': 29.0}, 'accuracy': 0.3958333333333333, 'macro avg': {'precision': 0.19791666666666666, 'recall': 0.5, 'f1-score': 0.2835820895522388, 'support': 48.0}, 'weighted avg': {'precision': 0.15668402777777776, 'recall': 0.3958333333333333, 'f1-score': 0.22450248756218905, 'support': 48.0}}","[[19  0]
 [29  0]]"
38,10,128,8,0.5,0.0005,64,3,2,0.4079696394686907,0.5,"{'0': {'precision': 0.4186046511627907, 'recall': 0.9473684210526315, 'f1-score': 0.5806451612903226, 'support': 19.0}, '1': {'precision': 0.8, 'recall': 0.13793103448275862, 'f1-score': 0.23529411764705882, 'support': 29.0}, 'accuracy': 0.4583333333333333, 'macro avg': {'precision': 0.6093023255813954, 'recall': 0.542649727767695, 'f1-score': 0.4079696394686907, 'support': 48.0}, 'weighted avg': {'precision': 0.649031007751938, 'recall': 0.4583333333333333, 'f1-score': 0.3719955724225174, 'support': 48.0}}","[[18  1]
 [25  4]]"
39,10,128,8,0.5,0.0005,64,3,3,0.37662337662337664,0.0,"{'0': {'precision': 0.0, 'recall': 0.0, 'f1-score': 0.0, 'support': 19.0}, '1': {'precision': 0.6041666666666666, 'recall': 1.0, 'f1-score': 0.7532467532467533, 'support': 29.0}, 'accuracy': 0.6041666666666666, 'macro avg': {'precision': 0.3020833333333333, 'recall': 0.5, 'f1-score': 0.37662337662337664, 'support': 48.0}, 'weighted avg': {'precision': 0.3650173611111111, 'recall': 0.6041666666666666, 'f1-score': 0.45508658008658015, 'support': 48.0}}","[[ 0 19]
 [ 0 29]]"
40,10,128,8,0.5,0.0005,64,5,2,0.2835820895522388,0.5,"{'0': {'precision': 0.3958333333333333, 'recall': 1.0, 'f1-score': 0.5671641791044776, 'support': 19.0}, '1': {'precision': 0.0, 'recall': 0.0, 'f1-score': 0.0, 'support': 29.0}, 'accuracy': 0.3958333333333333, 'macro avg': {'precision': 0.19791666666666666, 'recall': 0.5, 'f1-score': 0.2835820895522388, 'support': 48.0}, 'weighted avg': {'precision': 0.15668402777777776, 'recall': 0.3958333333333333, 'f1-score': 0.22450248756218905, 'support': 48.0}}","[[19  0]
 [29  0]]"
41,10,128,8,0.5,0.0005,64,5,3,0.5833333333333334,0.5,"{'0': {'precision': 0.4827586206896552, 'recall': 0.7368421052631579, 'f1-score': 0.5833333333333334, 'support': 19.0}, '1': {'precision': 0.7368421052631579, 'recall': 0.4827586206896552, 'f1-score': 0.5833333333333334, 'support': 29.0}, 'accuracy': 0.5833333333333334, 'macro avg': {'precision': 0.6098003629764065, 'recall': 0.6098003629764065, 'f1-score': 0.5833333333333334, 'support': 48.0}, 'weighted avg': {'precision': 0.6362673926194797, 'recall': 0.5833333333333334, 'f1-score': 0.5833333333333334, 'support': 48.0}}","[[14  5]
 [15 14]]"
42,10,128,8,0.5,0.0005,128,2,2,0.2835820895522388,0.5,"{'0': {'precision': 0.3958333333333333, 'recall': 1.0, 'f1-score': 0.5671641791044776, 'support': 19.0}, '1': {'precision': 0.0, 'recall': 0.0, 'f1-score': 0.0, 'support': 29.0}, 'accuracy': 0.3958333333333333, 'macro avg': {'precision': 0.19791666666666666, 'recall': 0.5, 'f1-score': 0.2835820895522388, 'support': 48.0}, 'weighted avg': {'precision': 0.15668402777777776, 'recall': 0.3958333333333333, 'f1-score': 0.22450248756218905, 'support': 48.0}}","[[19  0]
 [29  0]]"
43,10,128,8,0.5,0.0005,128,2,3,0.2835820895522388,0.5,"{'0': {'precision': 0.3958333333333333, 'recall': 1.0, 'f1-score': 0.5671641791044776, 'support': 19.0}, '1': {'precision': 0.0, 'recall': 0.0, 'f1-score': 0.0, 'support': 29.0}, 'accuracy': 0.3958333333333333, 'macro avg': {'precision': 0.19791666666666666, 'recall': 0.5, 'f1-score': 0.2835820895522388, 'support': 48.0}, 'weighted avg': {'precision': 0.15668402777777776, 'recall': 0.3958333333333333, 'f1-score': 0.22450248756218905, 'support': 48.0}}","[[19  0]
 [29  0]]"
44,10,128,8,0.5,0.0005,128,3,2,0.5111111111111111,0.5,"{'0': {'precision': 0.4117647058823529, 'recall': 0.3684210526315789, 'f1-score': 0.3888888888888889, 'support': 19.0}, '1': {'precision': 0.6129032258064516, 'recall': 0.6551724137931034, 'f1-score': 0.6333333333333333, 'support': 29.0}, 'accuracy': 0.5416666666666666, 'macro avg': {'precision': 0.5123339658444023, 'recall': 0.5117967332123412, 'f1-score': 0.5111111111111111, 'support': 48.0}, 'weighted avg': {'precision': 0.5332858950031626, 'recall': 0.5416666666666666, 'f1-score': 0.5365740740740741, 'support': 48.0}}","[[ 7 12]
 [10 19]]"
45,10,128,8,0.5,0.0005,128,3,3,0.37662337662337664,0.0,"{'0': {'precision': 0.0, 'recall': 0.0, 'f1-score': 0.0, 'support': 19.0}, '1': {'precision': 0.6041666666666666, 'recall': 1.0, 'f1-score': 0.7532467532467533, 'support': 29.0}, 'accuracy': 0.6041666666666666, 'macro avg': {'precision': 0.3020833333333333, 'recall': 0.5, 'f1-score': 0.37662337662337664, 'support': 48.0}, 'weighted avg': {'precision': 0.3650173611111111, 'recall': 0.6041666666666666, 'f1-score': 0.45508658008658015, 'support': 48.0}}","[[ 0 19]
 [ 0 29]]"
46,10,128,8,0.5,0.0005,128,5,2,0.4103194103194103,0.5,"{'0': {'precision': 0.3333333333333333, 'recall': 0.05263157894736842, 'f1-score': 0.09090909090909091, 'support': 19.0}, '1': {'precision': 0.6, 'recall': 0.9310344827586207, 'f1-score': 0.7297297297297297, 'support': 29.0}, 'accuracy': 0.5833333333333334, 'macro avg': {'precision': 0.4666666666666667, 'recall': 0.49183303085299457, 'f1-score': 0.4103194103194103, 'support': 48.0}, 'weighted avg': {'precision': 0.4944444444444444, 'recall': 0.5833333333333334, 'f1-score': 0.47686322686322685, 'support': 48.0}}","[[ 1 18]
 [ 2 27]]"
47,10,128,8,0.5,0.0005,128,5,3,0.6190476190476191,0.5,"{'0': {'precision': 0.5217391304347826, 'recall': 0.631578947368421, 'f1-score': 0.5714285714285714, 'support': 19.0}, '1': {'precision': 0.72, 'recall': 0.6206896551724138, 'f1-score': 0.6666666666666666, 'support': 29.0}, 'accuracy': 0.625, 'macro avg': {'precision': 0.6208695652173912, 'recall': 0.6261343012704175, 'f1-score': 0.6190476190476191, 'support': 48.0}, 'weighted avg': {'precision': 0.6415217391304348, 'recall': 0.625, 'f1-score': 0.628968253968254, 'support': 48.0}}","[[12  7]
 [11 18]]"
48,10,128,16,0.2,0.001,64,2,2,0.37662337662337664,0.0,"{'0': {'precision': 0.0, 'recall': 0.0, 'f1-score': 0.0, 'support': 19.0}, '1': {'precision': 0.6041666666666666, 'recall': 1.0, 'f1-score': 0.7532467532467533, 'support': 29.0}, 'accuracy': 0.6041666666666666, 'macro avg': {'precision': 0.3020833333333333, 'recall': 0.5, 'f1-score': 0.37662337662337664, 'support': 48.0}, 'weighted avg': {'precision': 0.3650173611111111, 'recall': 0.6041666666666666, 'f1-score': 0.45508658008658015, 'support': 48.0}}","[[ 0 19]
 [ 0 29]]"
49,10,128,16,0.2,0.001,64,2,3,0.2835820895522388,0.5,"{'0': {'precision': 0.3958333333333333, 'recall': 1.0, 'f1-score': 0.5671641791044776, 'support': 19.0}, '1': {'precision': 0.0, 'recall': 0.0, 'f1-score': 0.0, 'support': 29.0}, 'accuracy': 0.3958333333333333, 'macro avg': {'precision': 0.19791666666666666, 'recall': 0.5, 'f1-score': 0.2835820895522388, 'support': 48.0}, 'weighted avg': {'precision': 0.15668402777777776, 'recall': 0.3958333333333333, 'f1-score': 0.22450248756218905, 'support': 48.0}}","[[19  0]
 [29  0]]"
50,10,128,16,0.2,0.001,64,3,2,0.2835820895522388,0.5,"{'0': {'precision': 0.3958333333333333, 'recall': 1.0, 'f1-score': 0.5671641791044776, 'support': 19.0}, '1': {'precision': 0.0, 'recall': 0.0, 'f1-score': 0.0, 'support': 29.0}, 'accuracy': 0.3958333333333333, 'macro avg': {'precision': 0.19791666666666666, 'recall': 0.5, 'f1-score': 0.2835820895522388, 'support': 48.0}, 'weighted avg': {'precision': 0.15668402777777776, 'recall': 0.3958333333333333, 'f1-score': 0.22450248756218905, 'support': 48.0}}","[[19  0]
 [29  0]]"
51,10,128,16,0.2,0.001,64,3,3,0.37662337662337664,0.5,"{'0': {'precision': 0.0, 'recall': 0.0, 'f1-score': 0.0, 'support': 19.0}, '1': {'precision': 0.6041666666666666, 'recall': 1.0, 'f1-score': 0.7532467532467533, 'support': 29.0}, 'accuracy': 0.6041666666666666, 'macro avg': {'precision': 0.3020833333333333, 'recall': 0.5, 'f1-score': 0.37662337662337664, 'support': 48.0}, 'weighted avg': {'precision': 0.3650173611111111, 'recall': 0.6041666666666666, 'f1-score': 0.45508658008658015, 'support': 48.0}}","[[ 0 19]
 [ 0 29]]"
52,10,128,16,0.2,0.001,64,5,2,0.5408695652173914,0.5,"{'0': {'precision': 0.4444444444444444, 'recall': 0.631578947368421, 'f1-score': 0.5217391304347826, 'support': 19.0}, '1': {'precision': 0.6666666666666666, 'recall': 0.4827586206896552, 'f1-score': 0.56, 'support': 29.0}, 'accuracy': 0.5416666666666666, 'macro avg': {'precision': 0.5555555555555556, 'recall': 0.5571687840290381, 'f1-score': 0.5408695652173914, 'support': 48.0}, 'weighted avg': {'precision': 0.5787037037037037, 'recall': 0.5416666666666666, 'f1-score': 0.5448550724637681, 'support': 48.0}}","[[12  7]
 [15 14]]"
53,10,128,16,0.2,0.001,64,5,3,0.37662337662337664,0.5,"{'0': {'precision': 0.0, 'recall': 0.0, 'f1-score': 0.0, 'support': 19.0}, '1': {'precision': 0.6041666666666666, 'recall': 1.0, 'f1-score': 0.7532467532467533, 'support': 29.0}, 'accuracy': 0.6041666666666666, 'macro avg': {'precision': 0.3020833333333333, 'recall': 0.5, 'f1-score': 0.37662337662337664, 'support': 48.0}, 'weighted avg': {'precision': 0.3650173611111111, 'recall': 0.6041666666666666, 'f1-score': 0.45508658008658015, 'support': 48.0}}","[[ 0 19]
 [ 0 29]]"
54,10,128,16,0.2,0.001,128,2,2,0.37662337662337664,0.5,"{'0': {'precision': 0.0, 'recall': 0.0, 'f1-score': 0.0, 'support': 19.0}, '1': {'precision': 0.6041666666666666, 'recall': 1.0, 'f1-score': 0.7532467532467533, 'support': 29.0}, 'accuracy': 0.6041666666666666, 'macro avg': {'precision': 0.3020833333333333, 'recall': 0.5, 'f1-score': 0.37662337662337664, 'support': 48.0}, 'weighted avg': {'precision': 0.3650173611111111, 'recall': 0.6041666666666666, 'f1-score': 0.45508658008658015, 'support': 48.0}}","[[ 0 19]
 [ 0 29]]"
55,10,128,16,0.2,0.001,128,2,3,0.2835820895522388,0.5,"{'0': {'precision': 0.3958333333333333, 'recall': 1.0, 'f1-score': 0.5671641791044776, 'support': 19.0}, '1': {'precision': 0.0, 'recall': 0.0, 'f1-score': 0.0, 'support': 29.0}, 'accuracy': 0.3958333333333333, 'macro avg': {'precision': 0.19791666666666666, 'recall': 0.5, 'f1-score': 0.2835820895522388, 'support': 48.0}, 'weighted avg': {'precision': 0.15668402777777776, 'recall': 0.3958333333333333, 'f1-score': 0.22450248756218905, 'support': 48.0}}","[[19  0]
 [29  0]]"
56,10,128,16,0.2,0.001,128,3,2,0.3888888888888889,0.5,"{'0': {'precision': 0.2, 'recall': 0.05263157894736842, 'f1-score': 0.08333333333333333, 'support': 19.0}, '1': {'precision': 0.5813953488372093, 'recall': 0.8620689655172413, 'f1-score': 0.6944444444444444, 'support': 29.0}, 'accuracy': 0.5416666666666666, 'macro avg': {'precision': 0.3906976744186047, 'recall': 0.45735027223230484, 'f1-score': 0.3888888888888889, 'support': 48.0}, 'weighted avg': {'precision': 0.4304263565891473, 'recall': 0.5416666666666666, 'f1-score': 0.4525462962962963, 'support': 48.0}}","[[ 1 18]
 [ 4 25]]"
57,10,128,16,0.2,0.001,128,3,3,0.37662337662337664,0.0,"{'0': {'precision': 0.0, 'recall': 0.0, 'f1-score': 0.0, 'support': 19.0}, '1': {'precision': 0.6041666666666666, 'recall': 1.0, 'f1-score': 0.7532467532467533, 'support': 29.0}, 'accuracy': 0.6041666666666666, 'macro avg': {'precision': 0.3020833333333333, 'recall': 0.5, 'f1-score': 0.37662337662337664, 'support': 48.0}, 'weighted avg': {'precision': 0.3650173611111111, 'recall': 0.6041666666666666, 'f1-score': 0.45508658008658015, 'support': 48.0}}","[[ 0 19]
 [ 0 29]]"
58,10,128,16,0.2,0.001,128,5,2,0.515577007459412,0.5,"{'0': {'precision': 0.4166666666666667, 'recall': 0.5263157894736842, 'f1-score': 0.46511627906976744, 'support': 19.0}, '1': {'precision': 0.625, 'recall': 0.5172413793103449, 'f1-score': 0.5660377358490566, 'support': 29.0}, 'accuracy': 0.5208333333333334, 'macro avg': {'precision': 0.5208333333333334, 'recall': 0.5217785843920145, 'f1-score': 0.515577007459412, 'support': 48.0}, 'weighted avg': {'precision': 0.5425347222222222, 'recall': 0.5208333333333334, 'f1-score': 0.5260896592072547, 'support': 48.0}}","[[10  9]
 [14 15]]"
59,10,128,16,0.2,0.001,128,5,3,0.36703296703296706,0.5,"{'0': {'precision': 0.14285714285714285, 'recall': 0.05263157894736842, 'f1-score': 0.07692307692307693, 'support': 19.0}, '1': {'precision': 0.5609756097560976, 'recall': 0.7931034482758621, 'f1-score': 0.6571428571428571, 'support': 29.0}, 'accuracy': 0.5, 'macro avg': {'precision': 0.3519163763066202, 'recall': 0.42286751361161523, 'f1-score': 0.36703296703296706, 'support': 48.0}, 'weighted avg': {'precision': 0.39547038327526135, 'recall': 0.5, 'f1-score': 0.42747252747252745, 'support': 48.0}}","[[ 1 18]
 [ 6 23]]"
60,10,128,16,0.2,0.0005,64,2,2,0.2835820895522388,0.5,"{'0': {'precision': 0.3958333333333333, 'recall': 1.0, 'f1-score': 0.5671641791044776, 'support': 19.0}, '1': {'precision': 0.0, 'recall': 0.0, 'f1-score': 0.0, 'support': 29.0}, 'accuracy': 0.3958333333333333, 'macro avg': {'precision': 0.19791666666666666, 'recall': 0.5, 'f1-score': 0.2835820895522388, 'support': 48.0}, 'weighted avg': {'precision': 0.15668402777777776, 'recall': 0.3958333333333333, 'f1-score': 0.22450248756218905, 'support': 48.0}}","[[19  0]
 [29  0]]"
61,10,128,16,0.2,0.0005,64,2,3,0.4079696394686907,0.5,"{'0': {'precision': 0.4186046511627907, 'recall': 0.9473684210526315, 'f1-score': 0.5806451612903226, 'support': 19.0}, '1': {'precision': 0.8, 'recall': 0.13793103448275862, 'f1-score': 0.23529411764705882, 'support': 29.0}, 'accuracy': 0.4583333333333333, 'macro avg': {'precision': 0.6093023255813954, 'recall': 0.542649727767695, 'f1-score': 0.4079696394686907, 'support': 48.0}, 'weighted avg': {'precision': 0.649031007751938, 'recall': 0.4583333333333333, 'f1-score': 0.3719955724225174, 'support': 48.0}}","[[18  1]
 [25  4]]"
62,10,128,16,0.2,0.0005,64,3,2,0.2835820895522388,0.5,"{'0': {'precision': 0.3958333333333333, 'recall': 1.0, 'f1-score': 0.5671641791044776, 'support': 19.0}, '1': {'precision': 0.0, 'recall': 0.0, 'f1-score': 0.0, 'support': 29.0}, 'accuracy': 0.3958333333333333, 'macro avg': {'precision': 0.19791666666666666, 'recall': 0.5, 'f1-score': 0.2835820895522388, 'support': 48.0}, 'weighted avg': {'precision': 0.15668402777777776, 'recall': 0.3958333333333333, 'f1-score': 0.22450248756218905, 'support': 48.0}}","[[19  0]
 [29  0]]"
63,10,128,16,0.2,0.0005,64,3,3,0.30918114143920594,0.5,"{'0': {'precision': 0.391304347826087, 'recall': 0.9473684210526315, 'f1-score': 0.5538461538461539, 'support': 19.0}, '1': {'precision': 0.5, 'recall': 0.034482758620689655, 'f1-score': 0.06451612903225806, 'support': 29.0}, 'accuracy': 0.3958333333333333, 'macro avg': {'precision': 0.44565217391304346, 'recall': 0.49092558983666057, 'f1-score': 0.30918114143920594, 'support': 48.0}, 'weighted avg': {'precision': 0.4569746376811594, 'recall': 0.3958333333333333, 'f1-score': 0.25820926385442516, 'support': 48.0}}","[[18  1]
 [28  1]]"
64,10,128,16,0.2,0.0005,64,5,2,0.37662337662337664,0.5,"{'0': {'precision': 0.0, 'recall': 0.0, 'f1-score': 0.0, 'support': 19.0}, '1': {'precision': 0.6041666666666666, 'recall': 1.0, 'f1-score': 0.7532467532467533, 'support': 29.0}, 'accuracy': 0.6041666666666666, 'macro avg': {'precision': 0.3020833333333333, 'recall': 0.5, 'f1-score': 0.37662337662337664, 'support': 48.0}, 'weighted avg': {'precision': 0.3650173611111111, 'recall': 0.6041666666666666, 'f1-score': 0.45508658008658015, 'support': 48.0}}","[[ 0 19]
 [ 0 29]]"
65,10,128,16,0.2,0.0005,64,5,3,0.33063427800269907,0.5,"{'0': {'precision': 0.2, 'recall': 0.21052631578947367, 'f1-score': 0.20512820512820512, 'support': 19.0}, '1': {'precision': 0.4642857142857143, 'recall': 0.4482758620689655, 'f1-score': 0.45614035087719296, 'support': 29.0}, 'accuracy': 0.3541666666666667, 'macro avg': {'precision': 0.3321428571428572, 'recall': 0.3294010889292196, 'f1-score': 0.33063427800269907, 'support': 48.0}, 'weighted avg': {'precision': 0.3596726190476191, 'recall': 0.3541666666666667, 'f1-score': 0.3567813765182186, 'support': 48.0}}","[[ 4 15]
 [16 13]]"
66,10,128,16,0.2,0.0005,128,2,2,0.2835820895522388,0.5,"{'0': {'precision': 0.3958333333333333, 'recall': 1.0, 'f1-score': 0.5671641791044776, 'support': 19.0}, '1': {'precision': 0.0, 'recall': 0.0, 'f1-score': 0.0, 'support': 29.0}, 'accuracy': 0.3958333333333333, 'macro avg': {'precision': 0.19791666666666666, 'recall': 0.5, 'f1-score': 0.2835820895522388, 'support': 48.0}, 'weighted avg': {'precision': 0.15668402777777776, 'recall': 0.3958333333333333, 'f1-score': 0.22450248756218905, 'support': 48.0}}","[[19  0]
 [29  0]]"
67,10,128,16,0.2,0.0005,128,2,3,0.37662337662337664,0.5,"{'0': {'precision': 0.0, 'recall': 0.0, 'f1-score': 0.0, 'support': 19.0}, '1': {'precision': 0.6041666666666666, 'recall': 1.0, 'f1-score': 0.7532467532467533, 'support': 29.0}, 'accuracy': 0.6041666666666666, 'macro avg': {'precision': 0.3020833333333333, 'recall': 0.5, 'f1-score': 0.37662337662337664, 'support': 48.0}, 'weighted avg': {'precision': 0.3650173611111111, 'recall': 0.6041666666666666, 'f1-score': 0.45508658008658015, 'support': 48.0}}","[[ 0 19]
 [ 0 29]]"
68,10,128,16,0.2,0.0005,128,3,2,0.37662337662337664,0.0,"{'0': {'precision': 0.0, 'recall': 0.0, 'f1-score': 0.0, 'support': 19.0}, '1': {'precision': 0.6041666666666666, 'recall': 1.0, 'f1-score': 0.7532467532467533, 'support': 29.0}, 'accuracy': 0.6041666666666666, 'macro avg': {'precision': 0.3020833333333333, 'recall': 0.5, 'f1-score': 0.37662337662337664, 'support': 48.0}, 'weighted avg': {'precision': 0.3650173611111111, 'recall': 0.6041666666666666, 'f1-score': 0.45508658008658015, 'support': 48.0}}","[[ 0 19]
 [ 0 29]]"
69,10,128,16,0.2,0.0005,128,3,3,0.4103194103194103,0.5,"{'0': {'precision': 0.3333333333333333, 'recall': 0.05263157894736842, 'f1-score': 0.09090909090909091, 'support': 19.0}, '1': {'precision': 0.6, 'recall': 0.9310344827586207, 'f1-score': 0.7297297297297297, 'support': 29.0}, 'accuracy': 0.5833333333333334, 'macro avg': {'precision': 0.4666666666666667, 'recall': 0.49183303085299457, 'f1-score': 0.4103194103194103, 'support': 48.0}, 'weighted avg': {'precision': 0.4944444444444444, 'recall': 0.5833333333333334, 'f1-score': 0.47686322686322685, 'support': 48.0}}","[[ 1 18]
 [ 2 27]]"
70,10,128,16,0.2,0.0005,128,5,2,0.37662337662337664,0.0,"{'0': {'precision': 0.0, 'recall': 0.0, 'f1-score': 0.0, 'support': 19.0}, '1': {'precision': 0.6041666666666666, 'recall': 1.0, 'f1-score': 0.7532467532467533, 'support': 29.0}, 'accuracy': 0.6041666666666666, 'macro avg': {'precision': 0.3020833333333333, 'recall': 0.5, 'f1-score': 0.37662337662337664, 'support': 48.0}, 'weighted avg': {'precision': 0.3650173611111111, 'recall': 0.6041666666666666, 'f1-score': 0.45508658008658015, 'support': 48.0}}","[[ 0 19]
 [ 0 29]]"
71,10,128,16,0.2,0.0005,128,5,3,0.2835820895522388,0.5,"{'0': {'precision': 0.3958333333333333, 'recall': 1.0, 'f1-score': 0.5671641791044776, 'support': 19.0}, '1': {'precision': 0.0, 'recall': 0.0, 'f1-score': 0.0, 'support': 29.0}, 'accuracy': 0.3958333333333333, 'macro avg': {'precision': 0.19791666666666666, 'recall': 0.5, 'f1-score': 0.2835820895522388, 'support': 48.0}, 'weighted avg': {'precision': 0.15668402777777776, 'recall': 0.3958333333333333, 'f1-score': 0.22450248756218905, 'support': 48.0}}","[[19  0]
 [29  0]]"
72,10,128,16,0.5,0.001,64,2,2,0.37662337662337664,0.0,"{'0': {'precision': 0.0, 'recall': 0.0, 'f1-score': 0.0, 'support': 19.0}, '1': {'precision': 0.6041666666666666, 'recall': 1.0, 'f1-score': 0.7532467532467533, 'support': 29.0}, 'accuracy': 0.6041666666666666, 'macro avg': {'precision': 0.3020833333333333, 'recall': 0.5, 'f1-score': 0.37662337662337664, 'support': 48.0}, 'weighted avg': {'precision': 0.3650173611111111, 'recall': 0.6041666666666666, 'f1-score': 0.45508658008658015, 'support': 48.0}}","[[ 0 19]
 [ 0 29]]"
73,10,128,16,0.5,0.001,64,2,3,0.37662337662337664,0.0,"{'0': {'precision': 0.0, 'recall': 0.0, 'f1-score': 0.0, 'support': 19.0}, '1': {'precision': 0.6041666666666666, 'recall': 1.0, 'f1-score': 0.7532467532467533, 'support': 29.0}, 'accuracy': 0.6041666666666666, 'macro avg': {'precision': 0.3020833333333333, 'recall': 0.5, 'f1-score': 0.37662337662337664, 'support': 48.0}, 'weighted avg': {'precision': 0.3650173611111111, 'recall': 0.6041666666666666, 'f1-score': 0.45508658008658015, 'support': 48.0}}","[[ 0 19]
 [ 0 29]]"
74,10,128,16,0.5,0.001,64,3,2,0.2835820895522388,0.5,"{'0': {'precision': 0.3958333333333333, 'recall': 1.0, 'f1-score': 0.5671641791044776, 'support': 19.0}, '1': {'precision': 0.0, 'recall': 0.0, 'f1-score': 0.0, 'support': 29.0}, 'accuracy': 0.3958333333333333, 'macro avg': {'precision': 0.19791666666666666, 'recall': 0.5, 'f1-score': 0.2835820895522388, 'support': 48.0}, 'weighted avg': {'precision': 0.15668402777777776, 'recall': 0.3958333333333333, 'f1-score': 0.22450248756218905, 'support': 48.0}}","[[19  0]
 [29  0]]"
75,10,128,16,0.5,0.001,64,3,3,0.37662337662337664,0.0,"{'0': {'precision': 0.0, 'recall': 0.0, 'f1-score': 0.0, 'support': 19.0}, '1': {'precision': 0.6041666666666666, 'recall': 1.0, 'f1-score': 0.7532467532467533, 'support': 29.0}, 'accuracy': 0.6041666666666666, 'macro avg': {'precision': 0.3020833333333333, 'recall': 0.5, 'f1-score': 0.37662337662337664, 'support': 48.0}, 'weighted avg': {'precision': 0.3650173611111111, 'recall': 0.6041666666666666, 'f1-score': 0.45508658008658015, 'support': 48.0}}","[[ 0 19]
 [ 0 29]]"
76,10,128,16,0.5,0.001,64,5,2,0.6444444444444444,0.5,"{'0': {'precision': 0.5882352941176471, 'recall': 0.5263157894736842, 'f1-score': 0.5555555555555556, 'support': 19.0}, '1': {'precision': 0.7096774193548387, 'recall': 0.7586206896551724, 'f1-score': 0.7333333333333333, 'support': 29.0}, 'accuracy': 0.6666666666666666, 'macro avg': {'precision': 0.6489563567362429, 'recall': 0.6424682395644283, 'f1-score': 0.6444444444444444, 'support': 48.0}, 'weighted avg': {'precision': 0.661606578115117, 'recall': 0.6666666666666666, 'f1-score': 0.662962962962963, 'support': 48.0}}","[[10  9]
 [ 7 22]]"
77,10,128,16,0.5,0.001,64,5,3,0.34375,0.5,"{'0': {'precision': 0.4, 'recall': 0.9473684210526315, 'f1-score': 0.5625, 'support': 19.0}, '1': {'precision': 0.6666666666666666, 'recall': 0.06896551724137931, 'f1-score': 0.125, 'support': 29.0}, 'accuracy': 0.4166666666666667, 'macro avg': {'precision': 0.5333333333333333, 'recall': 0.5081669691470054, 'f1-score': 0.34375, 'support': 48.0}, 'weighted avg': {'precision': 0.5611111111111111, 'recall': 0.4166666666666667, 'f1-score': 0.2981770833333333, 'support': 48.0}}","[[18  1]
 [27  2]]"
78,10,128,16,0.5,0.001,128,2,2,0.37662337662337664,0.5,"{'0': {'precision': 0.0, 'recall': 0.0, 'f1-score': 0.0, 'support': 19.0}, '1': {'precision': 0.6041666666666666, 'recall': 1.0, 'f1-score': 0.7532467532467533, 'support': 29.0}, 'accuracy': 0.6041666666666666, 'macro avg': {'precision': 0.3020833333333333, 'recall': 0.5, 'f1-score': 0.37662337662337664, 'support': 48.0}, 'weighted avg': {'precision': 0.3650173611111111, 'recall': 0.6041666666666666, 'f1-score': 0.45508658008658015, 'support': 48.0}}","[[ 0 19]
 [ 0 29]]"
79,10,128,16,0.5,0.001,128,2,3,0.2835820895522388,0.5,"{'0': {'precision': 0.3958333333333333, 'recall': 1.0, 'f1-score': 0.5671641791044776, 'support': 19.0}, '1': {'precision': 0.0, 'recall': 0.0, 'f1-score': 0.0, 'support': 29.0}, 'accuracy': 0.3958333333333333, 'macro avg': {'precision': 0.19791666666666666, 'recall': 0.5, 'f1-score': 0.2835820895522388, 'support': 48.0}, 'weighted avg': {'precision': 0.15668402777777776, 'recall': 0.3958333333333333, 'f1-score': 0.22450248756218905, 'support': 48.0}}","[[19  0]
 [29  0]]"
80,10,128,16,0.5,0.001,128,3,2,0.5577007459412022,0.5,"{'0': {'precision': 0.4583333333333333, 'recall': 0.5789473684210527, 'f1-score': 0.5116279069767442, 'support': 19.0}, '1': {'precision': 0.6666666666666666, 'recall': 0.5517241379310345, 'f1-score': 0.6037735849056604, 'support': 29.0}, 'accuracy': 0.5625, 'macro avg': {'precision': 0.5625, 'recall': 0.5653357531760436, 'f1-score': 0.5577007459412022, 'support': 48.0}, 'weighted avg': {'precision': 0.5842013888888888, 'recall': 0.5625, 'f1-score': 0.5672992540587977, 'support': 48.0}}","[[11  8]
 [13 16]]"
81,10,128,16,0.5,0.001,128,3,3,0.5714285714285714,0.5,"{'0': {'precision': 0.47619047619047616, 'recall': 0.5263157894736842, 'f1-score': 0.5, 'support': 19.0}, '1': {'precision': 0.6666666666666666, 'recall': 0.6206896551724138, 'f1-score': 0.6428571428571429, 'support': 29.0}, 'accuracy': 0.5833333333333334, 'macro avg': {'precision': 0.5714285714285714, 'recall': 0.573502722323049, 'f1-score': 0.5714285714285714, 'support': 48.0}, 'weighted avg': {'precision': 0.5912698412698413, 'recall': 0.5833333333333334, 'f1-score': 0.5863095238095238, 'support': 48.0}}","[[10  9]
 [11 18]]"
82,10,128,16,0.5,0.001,128,5,2,0.399642644431209,0.5,"{'0': {'precision': 0.25, 'recall': 0.05263157894736842, 'f1-score': 0.08695652173913043, 'support': 19.0}, '1': {'precision': 0.5909090909090909, 'recall': 0.896551724137931, 'f1-score': 0.7123287671232876, 'support': 29.0}, 'accuracy': 0.5625, 'macro avg': {'precision': 0.42045454545454547, 'recall': 0.4745916515426497, 'f1-score': 0.399642644431209, 'support': 48.0}, 'weighted avg': {'precision': 0.4559659090909091, 'recall': 0.5625, 'f1-score': 0.4647855866587254, 'support': 48.0}}","[[ 1 18]
 [ 3 26]]"
83,10,128,16,0.5,0.001,128,5,3,0.37662337662337664,0.5,"{'0': {'precision': 0.0, 'recall': 0.0, 'f1-score': 0.0, 'support': 19.0}, '1': {'precision': 0.6041666666666666, 'recall': 1.0, 'f1-score': 0.7532467532467533, 'support': 29.0}, 'accuracy': 0.6041666666666666, 'macro avg': {'precision': 0.3020833333333333, 'recall': 0.5, 'f1-score': 0.37662337662337664, 'support': 48.0}, 'weighted avg': {'precision': 0.3650173611111111, 'recall': 0.6041666666666666, 'f1-score': 0.45508658008658015, 'support': 48.0}}","[[ 0 19]
 [ 0 29]]"
84,10,128,16,0.5,0.0005,64,2,2,0.5529933481152993,0.5,"{'0': {'precision': 0.4722222222222222, 'recall': 0.8947368421052632, 'f1-score': 0.6181818181818182, 'support': 19.0}, '1': {'precision': 0.8333333333333334, 'recall': 0.3448275862068966, 'f1-score': 0.4878048780487805, 'support': 29.0}, 'accuracy': 0.5625, 'macro avg': {'precision': 0.6527777777777778, 'recall': 0.6197822141560798, 'f1-score': 0.5529933481152993, 'support': 48.0}, 'weighted avg': {'precision': 0.6903935185185185, 'recall': 0.5625, 'f1-score': 0.5394124168514413, 'support': 48.0}}","[[17  2]
 [19 10]]"
85,10,128,16,0.5,0.0005,64,2,3,0.37662337662337664,0.5,"{'0': {'precision': 0.0, 'recall': 0.0, 'f1-score': 0.0, 'support': 19.0}, '1': {'precision': 0.6041666666666666, 'recall': 1.0, 'f1-score': 0.7532467532467533, 'support': 29.0}, 'accuracy': 0.6041666666666666, 'macro avg': {'precision': 0.3020833333333333, 'recall': 0.5, 'f1-score': 0.37662337662337664, 'support': 48.0}, 'weighted avg': {'precision': 0.3650173611111111, 'recall': 0.6041666666666666, 'f1-score': 0.45508658008658015, 'support': 48.0}}","[[ 0 19]
 [ 0 29]]"
86,10,128,16,0.5,0.0005,64,3,2,0.2835820895522388,0.5,"{'0': {'precision': 0.3958333333333333, 'recall': 1.0, 'f1-score': 0.5671641791044776, 'support': 19.0}, '1': {'precision': 0.0, 'recall': 0.0, 'f1-score': 0.0, 'support': 29.0}, 'accuracy': 0.3958333333333333, 'macro avg': {'precision': 0.19791666666666666, 'recall': 0.5, 'f1-score': 0.2835820895522388, 'support': 48.0}, 'weighted avg': {'precision': 0.15668402777777776, 'recall': 0.3958333333333333, 'f1-score': 0.22450248756218905, 'support': 48.0}}","[[19  0]
 [29  0]]"
87,10,128,16,0.5,0.0005,64,3,3,0.2835820895522388,0.5,"{'0': {'precision': 0.3958333333333333, 'recall': 1.0, 'f1-score': 0.5671641791044776, 'support': 19.0}, '1': {'precision': 0.0, 'recall': 0.0, 'f1-score': 0.0, 'support': 29.0}, 'accuracy': 0.3958333333333333, 'macro avg': {'precision': 0.19791666666666666, 'recall': 0.5, 'f1-score': 0.2835820895522388, 'support': 48.0}, 'weighted avg': {'precision': 0.15668402777777776, 'recall': 0.3958333333333333, 'f1-score': 0.22450248756218905, 'support': 48.0}}","[[19  0]
 [29  0]]"
88,10,128,16,0.5,0.0005,64,5,2,0.37662337662337664,0.0,"{'0': {'precision': 0.0, 'recall': 0.0, 'f1-score': 0.0, 'support': 19.0}, '1': {'precision': 0.6041666666666666, 'recall': 1.0, 'f1-score': 0.7532467532467533, 'support': 29.0}, 'accuracy': 0.6041666666666666, 'macro avg': {'precision': 0.3020833333333333, 'recall': 0.5, 'f1-score': 0.37662337662337664, 'support': 48.0}, 'weighted avg': {'precision': 0.3650173611111111, 'recall': 0.6041666666666666, 'f1-score': 0.45508658008658015, 'support': 48.0}}","[[ 0 19]
 [ 0 29]]"
89,10,128,16,0.5,0.0005,64,5,3,0.37662337662337664,0.5,"{'0': {'precision': 0.0, 'recall': 0.0, 'f1-score': 0.0, 'support': 19.0}, '1': {'precision': 0.6041666666666666, 'recall': 1.0, 'f1-score': 0.7532467532467533, 'support': 29.0}, 'accuracy': 0.6041666666666666, 'macro avg': {'precision': 0.3020833333333333, 'recall': 0.5, 'f1-score': 0.37662337662337664, 'support': 48.0}, 'weighted avg': {'precision': 0.3650173611111111, 'recall': 0.6041666666666666, 'f1-score': 0.45508658008658015, 'support': 48.0}}","[[ 0 19]
 [ 0 29]]"
90,10,128,16,0.5,0.0005,128,2,2,0.2835820895522388,0.5,"{'0': {'precision': 0.3958333333333333, 'recall': 1.0, 'f1-score': 0.5671641791044776, 'support': 19.0}, '1': {'precision': 0.0, 'recall': 0.0, 'f1-score': 0.0, 'support': 29.0}, 'accuracy': 0.3958333333333333, 'macro avg': {'precision': 0.19791666666666666, 'recall': 0.5, 'f1-score': 0.2835820895522388, 'support': 48.0}, 'weighted avg': {'precision': 0.15668402777777776, 'recall': 0.3958333333333333, 'f1-score': 0.22450248756218905, 'support': 48.0}}","[[19  0]
 [29  0]]"
91,10,128,16,0.5,0.0005,128,2,3,0.2835820895522388,0.5,"{'0': {'precision': 0.3958333333333333, 'recall': 1.0, 'f1-score': 0.5671641791044776, 'support': 19.0}, '1': {'precision': 0.0, 'recall': 0.0, 'f1-score': 0.0, 'support': 29.0}, 'accuracy': 0.3958333333333333, 'macro avg': {'precision': 0.19791666666666666, 'recall': 0.5, 'f1-score': 0.2835820895522388, 'support': 48.0}, 'weighted avg': {'precision': 0.15668402777777776, 'recall': 0.3958333333333333, 'f1-score': 0.22450248756218905, 'support': 48.0}}","[[19  0]
 [29  0]]"
92,10,128,16,0.5,0.0005,128,3,2,0.4678492239467849,0.5,"{'0': {'precision': 0.4166666666666667, 'recall': 0.7894736842105263, 'f1-score': 0.5454545454545454, 'support': 19.0}, '1': {'precision': 0.6666666666666666, 'recall': 0.27586206896551724, 'f1-score': 0.3902439024390244, 'support': 29.0}, 'accuracy': 0.4791666666666667, 'macro avg': {'precision': 0.5416666666666666, 'recall': 0.5326678765880217, 'f1-score': 0.4678492239467849, 'support': 48.0}, 'weighted avg': {'precision': 0.5677083333333334, 'recall': 0.4791666666666667, 'f1-score': 0.4516814486326681, 'support': 48.0}}","[[15  4]
 [21  8]]"
93,10,128,16,0.5,0.0005,128,3,3,0.5833333333333334,0.5,"{'0': {'precision': 0.4827586206896552, 'recall': 0.7368421052631579, 'f1-score': 0.5833333333333334, 'support': 19.0}, '1': {'precision': 0.7368421052631579, 'recall': 0.4827586206896552, 'f1-score': 0.5833333333333334, 'support': 29.0}, 'accuracy': 0.5833333333333334, 'macro avg': {'precision': 0.6098003629764065, 'recall': 0.6098003629764065, 'f1-score': 0.5833333333333334, 'support': 48.0}, 'weighted avg': {'precision': 0.6362673926194797, 'recall': 0.5833333333333334, 'f1-score': 0.5833333333333334, 'support': 48.0}}","[[14  5]
 [15 14]]"
94,10,128,16,0.5,0.0005,128,5,2,0.37662337662337664,0.0,"{'0': {'precision': 0.0, 'recall': 0.0, 'f1-score': 0.0, 'support': 19.0}, '1': {'precision': 0.6041666666666666, 'recall': 1.0, 'f1-score': 0.7532467532467533, 'support': 29.0}, 'accuracy': 0.6041666666666666, 'macro avg': {'precision': 0.3020833333333333, 'recall': 0.5, 'f1-score': 0.37662337662337664, 'support': 48.0}, 'weighted avg': {'precision': 0.3650173611111111, 'recall': 0.6041666666666666, 'f1-score': 0.45508658008658015, 'support': 48.0}}","[[ 0 19]
 [ 0 29]]"
95,10,128,16,0.5,0.0005,128,5,3,0.37662337662337664,0.5,"{'0': {'precision': 0.0, 'recall': 0.0, 'f1-score': 0.0, 'support': 19.0}, '1': {'precision': 0.6041666666666666, 'recall': 1.0, 'f1-score': 0.7532467532467533, 'support': 29.0}, 'accuracy': 0.6041666666666666, 'macro avg': {'precision': 0.3020833333333333, 'recall': 0.5, 'f1-score': 0.37662337662337664, 'support': 48.0}, 'weighted avg': {'precision': 0.3650173611111111, 'recall': 0.6041666666666666, 'f1-score': 0.45508658008658015, 'support': 48.0}}","[[ 0 19]
 [ 0 29]]"
96,10,64,8,0.2,0.001,64,2,2,0.53125,0.5,"{'0': {'precision': 0.46153846153846156, 'recall': 0.3157894736842105, 'f1-score': 0.375, 'support': 19.0}, '1': {'precision': 0.6285714285714286, 'recall': 0.7586206896551724, 'f1-score': 0.6875, 'support': 29.0}, 'accuracy': 0.5833333333333334, 'macro avg': {'precision': 0.5450549450549451, 'recall': 0.5372050816696914, 'f1-score': 0.53125, 'support': 48.0}, 'weighted avg': {'precision': 0.5624542124542125, 'recall': 0.5833333333333334, 'f1-score': 0.5638020833333334, 'support': 48.0}}","[[ 6 13]
 [ 7 22]]"
97,10,64,8,0.2,0.001,64,2,3,0.4103194103194103,0.5,"{'0': {'precision': 0.3333333333333333, 'recall': 0.05263157894736842, 'f1-score': 0.09090909090909091, 'support': 19.0}, '1': {'precision': 0.6, 'recall': 0.9310344827586207, 'f1-score': 0.7297297297297297, 'support': 29.0}, 'accuracy': 0.5833333333333334, 'macro avg': {'precision': 0.4666666666666667, 'recall': 0.49183303085299457, 'f1-score': 0.4103194103194103, 'support': 48.0}, 'weighted avg': {'precision': 0.4944444444444444, 'recall': 0.5833333333333334, 'f1-score': 0.47686322686322685, 'support': 48.0}}","[[ 1 18]
 [ 2 27]]"
98,10,64,8,0.2,0.001,64,3,2,0.37662337662337664,0.5,"{'0': {'precision': 0.0, 'recall': 0.0, 'f1-score': 0.0, 'support': 19.0}, '1': {'precision': 0.6041666666666666, 'recall': 1.0, 'f1-score': 0.7532467532467533, 'support': 29.0}, 'accuracy': 0.6041666666666666, 'macro avg': {'precision': 0.3020833333333333, 'recall': 0.5, 'f1-score': 0.37662337662337664, 'support': 48.0}, 'weighted avg': {'precision': 0.3650173611111111, 'recall': 0.6041666666666666, 'f1-score': 0.45508658008658015, 'support': 48.0}}","[[ 0 19]
 [ 0 29]]"
99,10,64,8,0.2,0.001,64,3,3,0.37662337662337664,0.5,"{'0': {'precision': 0.0, 'recall': 0.0, 'f1-score': 0.0, 'support': 19.0}, '1': {'precision': 0.6041666666666666, 'recall': 1.0, 'f1-score': 0.7532467532467533, 'support': 29.0}, 'accuracy': 0.6041666666666666, 'macro avg': {'precision': 0.3020833333333333, 'recall': 0.5, 'f1-score': 0.37662337662337664, 'support': 48.0}, 'weighted avg': {'precision': 0.3650173611111111, 'recall': 0.6041666666666666, 'f1-score': 0.45508658008658015, 'support': 48.0}}","[[ 0 19]
 [ 0 29]]"
100,10,64,8,0.2,0.001,64,5,2,0.36703296703296706,0.5,"{'0': {'precision': 0.14285714285714285, 'recall': 0.05263157894736842, 'f1-score': 0.07692307692307693, 'support': 19.0}, '1': {'precision': 0.5609756097560976, 'recall': 0.7931034482758621, 'f1-score': 0.6571428571428571, 'support': 29.0}, 'accuracy': 0.5, 'macro avg': {'precision': 0.3519163763066202, 'recall': 0.42286751361161523, 'f1-score': 0.36703296703296706, 'support': 48.0}, 'weighted avg': {'precision': 0.39547038327526135, 'recall': 0.5, 'f1-score': 0.42747252747252745, 'support': 48.0}}","[[ 1 18]
 [ 6 23]]"
101,10,64,8,0.2,0.001,64,5,3,0.2835820895522388,0.5,"{'0': {'precision': 0.3958333333333333, 'recall': 1.0, 'f1-score': 0.5671641791044776, 'support': 19.0}, '1': {'precision': 0.0, 'recall': 0.0, 'f1-score': 0.0, 'support': 29.0}, 'accuracy': 0.3958333333333333, 'macro avg': {'precision': 0.19791666666666666, 'recall': 0.5, 'f1-score': 0.2835820895522388, 'support': 48.0}, 'weighted avg': {'precision': 0.15668402777777776, 'recall': 0.3958333333333333, 'f1-score': 0.22450248756218905, 'support': 48.0}}","[[19  0]
 [29  0]]"
102,10,64,8,0.2,0.001,128,2,2,0.37662337662337664,0.0,"{'0': {'precision': 0.0, 'recall': 0.0, 'f1-score': 0.0, 'support': 19.0}, '1': {'precision': 0.6041666666666666, 'recall': 1.0, 'f1-score': 0.7532467532467533, 'support': 29.0}, 'accuracy': 0.6041666666666666, 'macro avg': {'precision': 0.3020833333333333, 'recall': 0.5, 'f1-score': 0.37662337662337664, 'support': 48.0}, 'weighted avg': {'precision': 0.3650173611111111, 'recall': 0.6041666666666666, 'f1-score': 0.45508658008658015, 'support': 48.0}}","[[ 0 19]
 [ 0 29]]"
103,10,64,8,0.2,0.001,128,2,3,0.2835820895522388,0.5,"{'0': {'precision': 0.3958333333333333, 'recall': 1.0, 'f1-score': 0.5671641791044776, 'support': 19.0}, '1': {'precision': 0.0, 'recall': 0.0, 'f1-score': 0.0, 'support': 29.0}, 'accuracy': 0.3958333333333333, 'macro avg': {'precision': 0.19791666666666666, 'recall': 0.5, 'f1-score': 0.2835820895522388, 'support': 48.0}, 'weighted avg': {'precision': 0.15668402777777776, 'recall': 0.3958333333333333, 'f1-score': 0.22450248756218905, 'support': 48.0}}","[[19  0]
 [29  0]]"
104,10,64,8,0.2,0.001,128,3,2,0.2835820895522388,0.5,"{'0': {'precision': 0.3958333333333333, 'recall': 1.0, 'f1-score': 0.5671641791044776, 'support': 19.0}, '1': {'precision': 0.0, 'recall': 0.0, 'f1-score': 0.0, 'support': 29.0}, 'accuracy': 0.3958333333333333, 'macro avg': {'precision': 0.19791666666666666, 'recall': 0.5, 'f1-score': 0.2835820895522388, 'support': 48.0}, 'weighted avg': {'precision': 0.15668402777777776, 'recall': 0.3958333333333333, 'f1-score': 0.22450248756218905, 'support': 48.0}}","[[19  0]
 [29  0]]"
105,10,64,8,0.2,0.001,128,3,3,0.37662337662337664,0.0,"{'0': {'precision': 0.0, 'recall': 0.0, 'f1-score': 0.0, 'support': 19.0}, '1': {'precision': 0.6041666666666666, 'recall': 1.0, 'f1-score': 0.7532467532467533, 'support': 29.0}, 'accuracy': 0.6041666666666666, 'macro avg': {'precision': 0.3020833333333333, 'recall': 0.5, 'f1-score': 0.37662337662337664, 'support': 48.0}, 'weighted avg': {'precision': 0.3650173611111111, 'recall': 0.6041666666666666, 'f1-score': 0.45508658008658015, 'support': 48.0}}","[[ 0 19]
 [ 0 29]]"
106,10,64,8,0.2,0.001,128,5,2,0.2835820895522388,0.5,"{'0': {'precision': 0.3958333333333333, 'recall': 1.0, 'f1-score': 0.5671641791044776, 'support': 19.0}, '1': {'precision': 0.0, 'recall': 0.0, 'f1-score': 0.0, 'support': 29.0}, 'accuracy': 0.3958333333333333, 'macro avg': {'precision': 0.19791666666666666, 'recall': 0.5, 'f1-score': 0.2835820895522388, 'support': 48.0}, 'weighted avg': {'precision': 0.15668402777777776, 'recall': 0.3958333333333333, 'f1-score': 0.22450248756218905, 'support': 48.0}}","[[19  0]
 [29  0]]"
107,10,64,8,0.2,0.001,128,5,3,0.2835820895522388,0.5,"{'0': {'precision': 0.3958333333333333, 'recall': 1.0, 'f1-score': 0.5671641791044776, 'support': 19.0}, '1': {'precision': 0.0, 'recall': 0.0, 'f1-score': 0.0, 'support': 29.0}, 'accuracy': 0.3958333333333333, 'macro avg': {'precision': 0.19791666666666666, 'recall': 0.5, 'f1-score': 0.2835820895522388, 'support': 48.0}, 'weighted avg': {'precision': 0.15668402777777776, 'recall': 0.3958333333333333, 'f1-score': 0.22450248756218905, 'support': 48.0}}","[[19  0]
 [29  0]]"
108,10,64,8,0.2,0.0005,64,2,2,0.37662337662337664,0.5,"{'0': {'precision': 0.0, 'recall': 0.0, 'f1-score': 0.0, 'support': 19.0}, '1': {'precision': 0.6041666666666666, 'recall': 1.0, 'f1-score': 0.7532467532467533, 'support': 29.0}, 'accuracy': 0.6041666666666666, 'macro avg': {'precision': 0.3020833333333333, 'recall': 0.5, 'f1-score': 0.37662337662337664, 'support': 48.0}, 'weighted avg': {'precision': 0.3650173611111111, 'recall': 0.6041666666666666, 'f1-score': 0.45508658008658015, 'support': 48.0}}","[[ 0 19]
 [ 0 29]]"
109,10,64,8,0.2,0.0005,64,2,3,0.5151515151515151,0.5,"{'0': {'precision': 0.45454545454545453, 'recall': 0.2631578947368421, 'f1-score': 0.3333333333333333, 'support': 19.0}, '1': {'precision': 0.6216216216216216, 'recall': 0.7931034482758621, 'f1-score': 0.696969696969697, 'support': 29.0}, 'accuracy': 0.5833333333333334, 'macro avg': {'precision': 0.538083538083538, 'recall': 0.5281306715063521, 'f1-score': 0.5151515151515151, 'support': 48.0}, 'weighted avg': {'precision': 0.5554873054873055, 'recall': 0.5833333333333334, 'f1-score': 0.5530303030303031, 'support': 48.0}}","[[ 5 14]
 [ 6 23]]"
110,10,64,8,0.2,0.0005,64,3,2,0.37662337662337664,0.0,"{'0': {'precision': 0.0, 'recall': 0.0, 'f1-score': 0.0, 'support': 19.0}, '1': {'precision': 0.6041666666666666, 'recall': 1.0, 'f1-score': 0.7532467532467533, 'support': 29.0}, 'accuracy': 0.6041666666666666, 'macro avg': {'precision': 0.3020833333333333, 'recall': 0.5, 'f1-score': 0.37662337662337664, 'support': 48.0}, 'weighted avg': {'precision': 0.3650173611111111, 'recall': 0.6041666666666666, 'f1-score': 0.45508658008658015, 'support': 48.0}}","[[ 0 19]
 [ 0 29]]"
111,10,64,8,0.2,0.0005,64,3,3,0.37662337662337664,0.5,"{'0': {'precision': 0.0, 'recall': 0.0, 'f1-score': 0.0, 'support': 19.0}, '1': {'precision': 0.6041666666666666, 'recall': 1.0, 'f1-score': 0.7532467532467533, 'support': 29.0}, 'accuracy': 0.6041666666666666, 'macro avg': {'precision': 0.3020833333333333, 'recall': 0.5, 'f1-score': 0.37662337662337664, 'support': 48.0}, 'weighted avg': {'precision': 0.3650173611111111, 'recall': 0.6041666666666666, 'f1-score': 0.45508658008658015, 'support': 48.0}}","[[ 0 19]
 [ 0 29]]"
112,10,64,8,0.2,0.0005,64,5,2,0.5623100303951367,0.5,"{'0': {'precision': 0.4642857142857143, 'recall': 0.6842105263157895, 'f1-score': 0.5531914893617021, 'support': 19.0}, '1': {'precision': 0.7, 'recall': 0.4827586206896552, 'f1-score': 0.5714285714285714, 'support': 29.0}, 'accuracy': 0.5625, 'macro avg': {'precision': 0.5821428571428571, 'recall': 0.5834845735027223, 'f1-score': 0.5623100303951367, 'support': 48.0}, 'weighted avg': {'precision': 0.6066964285714285, 'recall': 0.5625, 'f1-score': 0.564209726443769, 'support': 48.0}}","[[13  6]
 [15 14]]"
113,10,64,8,0.2,0.0005,64,5,3,0.5104669887278583,0.5,"{'0': {'precision': 0.5, 'recall': 0.21052631578947367, 'f1-score': 0.2962962962962963, 'support': 19.0}, '1': {'precision': 0.625, 'recall': 0.8620689655172413, 'f1-score': 0.7246376811594203, 'support': 29.0}, 'accuracy': 0.6041666666666666, 'macro avg': {'precision': 0.5625, 'recall': 0.5362976406533575, 'f1-score': 0.5104669887278583, 'support': 48.0}, 'weighted avg': {'precision': 0.5755208333333334, 'recall': 0.6041666666666666, 'f1-score': 0.5550858829844337, 'support': 48.0}}","[[ 4 15]
 [ 4 25]]"
114,10,64,8,0.2,0.0005,128,2,2,0.36242884250474383,0.5,"{'0': {'precision': 0.2, 'recall': 0.15789473684210525, 'f1-score': 0.17647058823529413, 'support': 19.0}, '1': {'precision': 0.5151515151515151, 'recall': 0.5862068965517241, 'f1-score': 0.5483870967741935, 'support': 29.0}, 'accuracy': 0.4166666666666667, 'macro avg': {'precision': 0.35757575757575755, 'recall': 0.37205081669691464, 'f1-score': 0.36242884250474383, 'support': 48.0}, 'weighted avg': {'precision': 0.39040404040404036, 'recall': 0.4166666666666667, 'f1-score': 0.4011701454775458, 'support': 48.0}}","[[ 3 16]
 [12 17]]"
115,10,64,8,0.2,0.0005,128,2,3,0.45893719806763283,0.5,"{'0': {'precision': 0.375, 'recall': 0.15789473684210525, 'f1-score': 0.2222222222222222, 'support': 19.0}, '1': {'precision': 0.6, 'recall': 0.8275862068965517, 'f1-score': 0.6956521739130435, 'support': 29.0}, 'accuracy': 0.5625, 'macro avg': {'precision': 0.4875, 'recall': 0.49274047186932846, 'f1-score': 0.45893719806763283, 'support': 48.0}, 'weighted avg': {'precision': 0.5109374999999999, 'recall': 0.5625, 'f1-score': 0.5082528180354268, 'support': 48.0}}","[[ 3 16]
 [ 5 24]]"
116,10,64,8,0.2,0.0005,128,3,2,0.2835820895522388,0.5,"{'0': {'precision': 0.3958333333333333, 'recall': 1.0, 'f1-score': 0.5671641791044776, 'support': 19.0}, '1': {'precision': 0.0, 'recall': 0.0, 'f1-score': 0.0, 'support': 29.0}, 'accuracy': 0.3958333333333333, 'macro avg': {'precision': 0.19791666666666666, 'recall': 0.5, 'f1-score': 0.2835820895522388, 'support': 48.0}, 'weighted avg': {'precision': 0.15668402777777776, 'recall': 0.3958333333333333, 'f1-score': 0.22450248756218905, 'support': 48.0}}","[[19  0]
 [29  0]]"
117,10,64,8,0.2,0.0005,128,3,3,0.2835820895522388,0.5,"{'0': {'precision': 0.3958333333333333, 'recall': 1.0, 'f1-score': 0.5671641791044776, 'support': 19.0}, '1': {'precision': 0.0, 'recall': 0.0, 'f1-score': 0.0, 'support': 29.0}, 'accuracy': 0.3958333333333333, 'macro avg': {'precision': 0.19791666666666666, 'recall': 0.5, 'f1-score': 0.2835820895522388, 'support': 48.0}, 'weighted avg': {'precision': 0.15668402777777776, 'recall': 0.3958333333333333, 'f1-score': 0.22450248756218905, 'support': 48.0}}","[[19  0]
 [29  0]]"
118,10,64,8,0.2,0.0005,128,5,2,0.4103194103194103,0.5,"{'0': {'precision': 0.3333333333333333, 'recall': 0.05263157894736842, 'f1-score': 0.09090909090909091, 'support': 19.0}, '1': {'precision': 0.6, 'recall': 0.9310344827586207, 'f1-score': 0.7297297297297297, 'support': 29.0}, 'accuracy': 0.5833333333333334, 'macro avg': {'precision': 0.4666666666666667, 'recall': 0.49183303085299457, 'f1-score': 0.4103194103194103, 'support': 48.0}, 'weighted avg': {'precision': 0.4944444444444444, 'recall': 0.5833333333333334, 'f1-score': 0.47686322686322685, 'support': 48.0}}","[[ 1 18]
 [ 2 27]]"
119,10,64,8,0.2,0.0005,128,5,3,0.2835820895522388,0.5,"{'0': {'precision': 0.3958333333333333, 'recall': 1.0, 'f1-score': 0.5671641791044776, 'support': 19.0}, '1': {'precision': 0.0, 'recall': 0.0, 'f1-score': 0.0, 'support': 29.0}, 'accuracy': 0.3958333333333333, 'macro avg': {'precision': 0.19791666666666666, 'recall': 0.5, 'f1-score': 0.2835820895522388, 'support': 48.0}, 'weighted avg': {'precision': 0.15668402777777776, 'recall': 0.3958333333333333, 'f1-score': 0.22450248756218905, 'support': 48.0}}","[[19  0]
 [29  0]]"
120,10,64,8,0.5,0.001,64,2,2,0.2835820895522388,0.5,"{'0': {'precision': 0.3958333333333333, 'recall': 1.0, 'f1-score': 0.5671641791044776, 'support': 19.0}, '1': {'precision': 0.0, 'recall': 0.0, 'f1-score': 0.0, 'support': 29.0}, 'accuracy': 0.3958333333333333, 'macro avg': {'precision': 0.19791666666666666, 'recall': 0.5, 'f1-score': 0.2835820895522388, 'support': 48.0}, 'weighted avg': {'precision': 0.15668402777777776, 'recall': 0.3958333333333333, 'f1-score': 0.22450248756218905, 'support': 48.0}}","[[19  0]
 [29  0]]"
121,10,64,8,0.5,0.001,64,2,3,0.3780281690140845,0.5,"{'0': {'precision': 0.16666666666666666, 'recall': 0.05263157894736842, 'f1-score': 0.08, 'support': 19.0}, '1': {'precision': 0.5714285714285714, 'recall': 0.8275862068965517, 'f1-score': 0.676056338028169, 'support': 29.0}, 'accuracy': 0.5208333333333334, 'macro avg': {'precision': 0.369047619047619, 'recall': 0.4401088929219601, 'f1-score': 0.3780281690140845, 'support': 48.0}, 'weighted avg': {'precision': 0.41121031746031744, 'recall': 0.5208333333333334, 'f1-score': 0.44011737089201874, 'support': 48.0}}","[[ 1 18]
 [ 5 24]]"
122,10,64,8,0.5,0.001,64,3,2,0.2835820895522388,0.5,"{'0': {'precision': 0.3958333333333333, 'recall': 1.0, 'f1-score': 0.5671641791044776, 'support': 19.0}, '1': {'precision': 0.0, 'recall': 0.0, 'f1-score': 0.0, 'support': 29.0}, 'accuracy': 0.3958333333333333, 'macro avg': {'precision': 0.19791666666666666, 'recall': 0.5, 'f1-score': 0.2835820895522388, 'support': 48.0}, 'weighted avg': {'precision': 0.15668402777777776, 'recall': 0.3958333333333333, 'f1-score': 0.22450248756218905, 'support': 48.0}}","[[19  0]
 [29  0]]"
123,10,64,8,0.5,0.001,64,3,3,0.3333333333333333,0.5,"{'0': {'precision': 0.36585365853658536, 'recall': 0.7894736842105263, 'f1-score': 0.5, 'support': 19.0}, '1': {'precision': 0.42857142857142855, 'recall': 0.10344827586206896, 'f1-score': 0.16666666666666666, 'support': 29.0}, 'accuracy': 0.375, 'macro avg': {'precision': 0.3972125435540069, 'recall': 0.44646098003629764, 'f1-score': 0.3333333333333333, 'support': 48.0}, 'weighted avg': {'precision': 0.40374564459930307, 'recall': 0.375, 'f1-score': 0.2986111111111111, 'support': 48.0}}","[[15  4]
 [26  3]]"
124,10,64,8,0.5,0.001,64,5,2,0.2835820895522388,0.5,"{'0': {'precision': 0.3958333333333333, 'recall': 1.0, 'f1-score': 0.5671641791044776, 'support': 19.0}, '1': {'precision': 0.0, 'recall': 0.0, 'f1-score': 0.0, 'support': 29.0}, 'accuracy': 0.3958333333333333, 'macro avg': {'precision': 0.19791666666666666, 'recall': 0.5, 'f1-score': 0.2835820895522388, 'support': 48.0}, 'weighted avg': {'precision': 0.15668402777777776, 'recall': 0.3958333333333333, 'f1-score': 0.22450248756218905, 'support': 48.0}}","[[19  0]
 [29  0]]"
125,10,64,8,0.5,0.001,64,5,3,0.37662337662337664,0.5,"{'0': {'precision': 0.0, 'recall': 0.0, 'f1-score': 0.0, 'support': 19.0}, '1': {'precision': 0.6041666666666666, 'recall': 1.0, 'f1-score': 0.7532467532467533, 'support': 29.0}, 'accuracy': 0.6041666666666666, 'macro avg': {'precision': 0.3020833333333333, 'recall': 0.5, 'f1-score': 0.37662337662337664, 'support': 48.0}, 'weighted avg': {'precision': 0.3650173611111111, 'recall': 0.6041666666666666, 'f1-score': 0.45508658008658015, 'support': 48.0}}","[[ 0 19]
 [ 0 29]]"
126,10,64,8,0.5,0.001,128,2,2,0.37662337662337664,0.5,"{'0': {'precision': 0.0, 'recall': 0.0, 'f1-score': 0.0, 'support': 19.0}, '1': {'precision': 0.6041666666666666, 'recall': 1.0, 'f1-score': 0.7532467532467533, 'support': 29.0}, 'accuracy': 0.6041666666666666, 'macro avg': {'precision': 0.3020833333333333, 'recall': 0.5, 'f1-score': 0.37662337662337664, 'support': 48.0}, 'weighted avg': {'precision': 0.3650173611111111, 'recall': 0.6041666666666666, 'f1-score': 0.45508658008658015, 'support': 48.0}}","[[ 0 19]
 [ 0 29]]"
127,10,64,8,0.5,0.001,128,2,3,0.37662337662337664,0.5,"{'0': {'precision': 0.0, 'recall': 0.0, 'f1-score': 0.0, 'support': 19.0}, '1': {'precision': 0.6041666666666666, 'recall': 1.0, 'f1-score': 0.7532467532467533, 'support': 29.0}, 'accuracy': 0.6041666666666666, 'macro avg': {'precision': 0.3020833333333333, 'recall': 0.5, 'f1-score': 0.37662337662337664, 'support': 48.0}, 'weighted avg': {'precision': 0.3650173611111111, 'recall': 0.6041666666666666, 'f1-score': 0.45508658008658015, 'support': 48.0}}","[[ 0 19]
 [ 0 29]]"
128,10,64,8,0.5,0.001,128,3,2,0.53125,0.5,"{'0': {'precision': 0.46153846153846156, 'recall': 0.3157894736842105, 'f1-score': 0.375, 'support': 19.0}, '1': {'precision': 0.6285714285714286, 'recall': 0.7586206896551724, 'f1-score': 0.6875, 'support': 29.0}, 'accuracy': 0.5833333333333334, 'macro avg': {'precision': 0.5450549450549451, 'recall': 0.5372050816696914, 'f1-score': 0.53125, 'support': 48.0}, 'weighted avg': {'precision': 0.5624542124542125, 'recall': 0.5833333333333334, 'f1-score': 0.5638020833333334, 'support': 48.0}}","[[ 6 13]
 [ 7 22]]"
129,10,64,8,0.5,0.001,128,3,3,0.37662337662337664,0.5,"{'0': {'precision': 0.0, 'recall': 0.0, 'f1-score': 0.0, 'support': 19.0}, '1': {'precision': 0.6041666666666666, 'recall': 1.0, 'f1-score': 0.7532467532467533, 'support': 29.0}, 'accuracy': 0.6041666666666666, 'macro avg': {'precision': 0.3020833333333333, 'recall': 0.5, 'f1-score': 0.37662337662337664, 'support': 48.0}, 'weighted avg': {'precision': 0.3650173611111111, 'recall': 0.6041666666666666, 'f1-score': 0.45508658008658015, 'support': 48.0}}","[[ 0 19]
 [ 0 29]]"
130,10,64,8,0.5,0.001,128,5,2,0.2835820895522388,0.5,"{'0': {'precision': 0.3958333333333333, 'recall': 1.0, 'f1-score': 0.5671641791044776, 'support': 19.0}, '1': {'precision': 0.0, 'recall': 0.0, 'f1-score': 0.0, 'support': 29.0}, 'accuracy': 0.3958333333333333, 'macro avg': {'precision': 0.19791666666666666, 'recall': 0.5, 'f1-score': 0.2835820895522388, 'support': 48.0}, 'weighted avg': {'precision': 0.15668402777777776, 'recall': 0.3958333333333333, 'f1-score': 0.22450248756218905, 'support': 48.0}}","[[19  0]
 [29  0]]"
131,10,64,8,0.5,0.001,128,5,3,0.37662337662337664,0.5,"{'0': {'precision': 0.0, 'recall': 0.0, 'f1-score': 0.0, 'support': 19.0}, '1': {'precision': 0.6041666666666666, 'recall': 1.0, 'f1-score': 0.7532467532467533, 'support': 29.0}, 'accuracy': 0.6041666666666666, 'macro avg': {'precision': 0.3020833333333333, 'recall': 0.5, 'f1-score': 0.37662337662337664, 'support': 48.0}, 'weighted avg': {'precision': 0.3650173611111111, 'recall': 0.6041666666666666, 'f1-score': 0.45508658008658015, 'support': 48.0}}","[[ 0 19]
 [ 0 29]]"
132,10,64,8,0.5,0.0005,64,2,2,0.37662337662337664,0.0,"{'0': {'precision': 0.0, 'recall': 0.0, 'f1-score': 0.0, 'support': 19.0}, '1': {'precision': 0.6041666666666666, 'recall': 1.0, 'f1-score': 0.7532467532467533, 'support': 29.0}, 'accuracy': 0.6041666666666666, 'macro avg': {'precision': 0.3020833333333333, 'recall': 0.5, 'f1-score': 0.37662337662337664, 'support': 48.0}, 'weighted avg': {'precision': 0.3650173611111111, 'recall': 0.6041666666666666, 'f1-score': 0.45508658008658015, 'support': 48.0}}","[[ 0 19]
 [ 0 29]]"
133,10,64,8,0.5,0.0005,64,2,3,0.34375,0.5,"{'0': {'precision': 0.4, 'recall': 0.9473684210526315, 'f1-score': 0.5625, 'support': 19.0}, '1': {'precision': 0.6666666666666666, 'recall': 0.06896551724137931, 'f1-score': 0.125, 'support': 29.0}, 'accuracy': 0.4166666666666667, 'macro avg': {'precision': 0.5333333333333333, 'recall': 0.5081669691470054, 'f1-score': 0.34375, 'support': 48.0}, 'weighted avg': {'precision': 0.5611111111111111, 'recall': 0.4166666666666667, 'f1-score': 0.2981770833333333, 'support': 48.0}}","[[18  1]
 [27  2]]"
134,10,64,8,0.5,0.0005,64,3,2,0.37662337662337664,0.5,"{'0': {'precision': 0.0, 'recall': 0.0, 'f1-score': 0.0, 'support': 19.0}, '1': {'precision': 0.6041666666666666, 'recall': 1.0, 'f1-score': 0.7532467532467533, 'support': 29.0}, 'accuracy': 0.6041666666666666, 'macro avg': {'precision': 0.3020833333333333, 'recall': 0.5, 'f1-score': 0.37662337662337664, 'support': 48.0}, 'weighted avg': {'precision': 0.3650173611111111, 'recall': 0.6041666666666666, 'f1-score': 0.45508658008658015, 'support': 48.0}}","[[ 0 19]
 [ 0 29]]"
135,10,64,8,0.5,0.0005,64,3,3,0.37662337662337664,0.0,"{'0': {'precision': 0.0, 'recall': 0.0, 'f1-score': 0.0, 'support': 19.0}, '1': {'precision': 0.6041666666666666, 'recall': 1.0, 'f1-score': 0.7532467532467533, 'support': 29.0}, 'accuracy': 0.6041666666666666, 'macro avg': {'precision': 0.3020833333333333, 'recall': 0.5, 'f1-score': 0.37662337662337664, 'support': 48.0}, 'weighted avg': {'precision': 0.3650173611111111, 'recall': 0.6041666666666666, 'f1-score': 0.45508658008658015, 'support': 48.0}}","[[ 0 19]
 [ 0 29]]"
136,10,64,8,0.5,0.0005,64,5,2,0.2835820895522388,0.5,"{'0': {'precision': 0.3958333333333333, 'recall': 1.0, 'f1-score': 0.5671641791044776, 'support': 19.0}, '1': {'precision': 0.0, 'recall': 0.0, 'f1-score': 0.0, 'support': 29.0}, 'accuracy': 0.3958333333333333, 'macro avg': {'precision': 0.19791666666666666, 'recall': 0.5, 'f1-score': 0.2835820895522388, 'support': 48.0}, 'weighted avg': {'precision': 0.15668402777777776, 'recall': 0.3958333333333333, 'f1-score': 0.22450248756218905, 'support': 48.0}}","[[19  0]
 [29  0]]"
137,10,64,8,0.5,0.0005,64,5,3,0.2835820895522388,0.5,"{'0': {'precision': 0.3958333333333333, 'recall': 1.0, 'f1-score': 0.5671641791044776, 'support': 19.0}, '1': {'precision': 0.0, 'recall': 0.0, 'f1-score': 0.0, 'support': 29.0}, 'accuracy': 0.3958333333333333, 'macro avg': {'precision': 0.19791666666666666, 'recall': 0.5, 'f1-score': 0.2835820895522388, 'support': 48.0}, 'weighted avg': {'precision': 0.15668402777777776, 'recall': 0.3958333333333333, 'f1-score': 0.22450248756218905, 'support': 48.0}}","[[19  0]
 [29  0]]"
138,10,64,8,0.5,0.0005,128,2,2,0.3684210526315789,0.5,"{'0': {'precision': 0.0, 'recall': 0.0, 'f1-score': 0.0, 'support': 19.0}, '1': {'precision': 0.5957446808510638, 'recall': 0.9655172413793104, 'f1-score': 0.7368421052631579, 'support': 29.0}, 'accuracy': 0.5833333333333334, 'macro avg': {'precision': 0.2978723404255319, 'recall': 0.4827586206896552, 'f1-score': 0.3684210526315789, 'support': 48.0}, 'weighted avg': {'precision': 0.3599290780141844, 'recall': 0.5833333333333334, 'f1-score': 0.4451754385964912, 'support': 48.0}}","[[ 0 19]
 [ 1 28]]"
139,10,64,8,0.5,0.0005,128,2,3,0.2835820895522388,0.5,"{'0': {'precision': 0.3958333333333333, 'recall': 1.0, 'f1-score': 0.5671641791044776, 'support': 19.0}, '1': {'precision': 0.0, 'recall': 0.0, 'f1-score': 0.0, 'support': 29.0}, 'accuracy': 0.3958333333333333, 'macro avg': {'precision': 0.19791666666666666, 'recall': 0.5, 'f1-score': 0.2835820895522388, 'support': 48.0}, 'weighted avg': {'precision': 0.15668402777777776, 'recall': 0.3958333333333333, 'f1-score': 0.22450248756218905, 'support': 48.0}}","[[19  0]
 [29  0]]"
140,10,64,8,0.5,0.0005,128,3,2,0.2835820895522388,0.5,"{'0': {'precision': 0.3958333333333333, 'recall': 1.0, 'f1-score': 0.5671641791044776, 'support': 19.0}, '1': {'precision': 0.0, 'recall': 0.0, 'f1-score': 0.0, 'support': 29.0}, 'accuracy': 0.3958333333333333, 'macro avg': {'precision': 0.19791666666666666, 'recall': 0.5, 'f1-score': 0.2835820895522388, 'support': 48.0}, 'weighted avg': {'precision': 0.15668402777777776, 'recall': 0.3958333333333333, 'f1-score': 0.22450248756218905, 'support': 48.0}}","[[19  0]
 [29  0]]"
141,10,64,8,0.5,0.0005,128,3,3,0.37662337662337664,0.5,"{'0': {'precision': 0.0, 'recall': 0.0, 'f1-score': 0.0, 'support': 19.0}, '1': {'precision': 0.6041666666666666, 'recall': 1.0, 'f1-score': 0.7532467532467533, 'support': 29.0}, 'accuracy': 0.6041666666666666, 'macro avg': {'precision': 0.3020833333333333, 'recall': 0.5, 'f1-score': 0.37662337662337664, 'support': 48.0}, 'weighted avg': {'precision': 0.3650173611111111, 'recall': 0.6041666666666666, 'f1-score': 0.45508658008658015, 'support': 48.0}}","[[ 0 19]
 [ 0 29]]"
142,10,64,8,0.5,0.0005,128,5,2,0.37662337662337664,0.0,"{'0': {'precision': 0.0, 'recall': 0.0, 'f1-score': 0.0, 'support': 19.0}, '1': {'precision': 0.6041666666666666, 'recall': 1.0, 'f1-score': 0.7532467532467533, 'support': 29.0}, 'accuracy': 0.6041666666666666, 'macro avg': {'precision': 0.3020833333333333, 'recall': 0.5, 'f1-score': 0.37662337662337664, 'support': 48.0}, 'weighted avg': {'precision': 0.3650173611111111, 'recall': 0.6041666666666666, 'f1-score': 0.45508658008658015, 'support': 48.0}}","[[ 0 19]
 [ 0 29]]"
143,10,64,8,0.5,0.0005,128,5,3,0.2835820895522388,0.5,"{'0': {'precision': 0.3958333333333333, 'recall': 1.0, 'f1-score': 0.5671641791044776, 'support': 19.0}, '1': {'precision': 0.0, 'recall': 0.0, 'f1-score': 0.0, 'support': 29.0}, 'accuracy': 0.3958333333333333, 'macro avg': {'precision': 0.19791666666666666, 'recall': 0.5, 'f1-score': 0.2835820895522388, 'support': 48.0}, 'weighted avg': {'precision': 0.15668402777777776, 'recall': 0.3958333333333333, 'f1-score': 0.22450248756218905, 'support': 48.0}}","[[19  0]
 [29  0]]"
144,10,64,16,0.2,0.001,64,2,2,0.37662337662337664,0.0,"{'0': {'precision': 0.0, 'recall': 0.0, 'f1-score': 0.0, 'support': 19.0}, '1': {'precision': 0.6041666666666666, 'recall': 1.0, 'f1-score': 0.7532467532467533, 'support': 29.0}, 'accuracy': 0.6041666666666666, 'macro avg': {'precision': 0.3020833333333333, 'recall': 0.5, 'f1-score': 0.37662337662337664, 'support': 48.0}, 'weighted avg': {'precision': 0.3650173611111111, 'recall': 0.6041666666666666, 'f1-score': 0.45508658008658015, 'support': 48.0}}","[[ 0 19]
 [ 0 29]]"
145,10,64,16,0.2,0.001,64,2,3,0.4444444444444444,0.5,"{'0': {'precision': 0.4, 'recall': 0.10526315789473684, 'f1-score': 0.16666666666666666, 'support': 19.0}, '1': {'precision': 0.6046511627906976, 'recall': 0.896551724137931, 'f1-score': 0.7222222222222222, 'support': 29.0}, 'accuracy': 0.5833333333333334, 'macro avg': {'precision': 0.5023255813953489, 'recall': 0.5009074410163339, 'f1-score': 0.4444444444444444, 'support': 48.0}, 'weighted avg': {'precision': 0.5236434108527132, 'recall': 0.5833333333333334, 'f1-score': 0.5023148148148148, 'support': 48.0}}","[[ 2 17]
 [ 3 26]]"
146,10,64,16,0.2,0.001,64,3,2,0.43157894736842106,0.5,"{'0': {'precision': 1.0, 'recall': 0.05263157894736842, 'f1-score': 0.1, 'support': 19.0}, '1': {'precision': 0.6170212765957447, 'recall': 1.0, 'f1-score': 0.7631578947368421, 'support': 29.0}, 'accuracy': 0.625, 'macro avg': {'precision': 0.8085106382978724, 'recall': 0.5263157894736842, 'f1-score': 0.43157894736842106, 'support': 48.0}, 'weighted avg': {'precision': 0.7686170212765958, 'recall': 0.625, 'f1-score': 0.5006578947368421, 'support': 48.0}}","[[ 1 18]
 [ 0 29]]"
147,10,64,16,0.2,0.001,64,3,3,0.4678492239467849,0.5,"{'0': {'precision': 0.4166666666666667, 'recall': 0.7894736842105263, 'f1-score': 0.5454545454545454, 'support': 19.0}, '1': {'precision': 0.6666666666666666, 'recall': 0.27586206896551724, 'f1-score': 0.3902439024390244, 'support': 29.0}, 'accuracy': 0.4791666666666667, 'macro avg': {'precision': 0.5416666666666666, 'recall': 0.5326678765880217, 'f1-score': 0.4678492239467849, 'support': 48.0}, 'weighted avg': {'precision': 0.5677083333333334, 'recall': 0.4791666666666667, 'f1-score': 0.4516814486326681, 'support': 48.0}}","[[15  4]
 [21  8]]"
148,10,64,16,0.2,0.001,64,5,2,0.2835820895522388,0.5,"{'0': {'precision': 0.3958333333333333, 'recall': 1.0, 'f1-score': 0.5671641791044776, 'support': 19.0}, '1': {'precision': 0.0, 'recall': 0.0, 'f1-score': 0.0, 'support': 29.0}, 'accuracy': 0.3958333333333333, 'macro avg': {'precision': 0.19791666666666666, 'recall': 0.5, 'f1-score': 0.2835820895522388, 'support': 48.0}, 'weighted avg': {'precision': 0.15668402777777776, 'recall': 0.3958333333333333, 'f1-score': 0.22450248756218905, 'support': 48.0}}","[[19  0]
 [29  0]]"
149,10,64,16,0.2,0.001,64,5,3,0.2835820895522388,0.5,"{'0': {'precision': 0.3958333333333333, 'recall': 1.0, 'f1-score': 0.5671641791044776, 'support': 19.0}, '1': {'precision': 0.0, 'recall': 0.0, 'f1-score': 0.0, 'support': 29.0}, 'accuracy': 0.3958333333333333, 'macro avg': {'precision': 0.19791666666666666, 'recall': 0.5, 'f1-score': 0.2835820895522388, 'support': 48.0}, 'weighted avg': {'precision': 0.15668402777777776, 'recall': 0.3958333333333333, 'f1-score': 0.22450248756218905, 'support': 48.0}}","[[19  0]
 [29  0]]"
150,10,64,16,0.2,0.001,128,2,2,0.2835820895522388,0.5,"{'0': {'precision': 0.3958333333333333, 'recall': 1.0, 'f1-score': 0.5671641791044776, 'support': 19.0}, '1': {'precision': 0.0, 'recall': 0.0, 'f1-score': 0.0, 'support': 29.0}, 'accuracy': 0.3958333333333333, 'macro avg': {'precision': 0.19791666666666666, 'recall': 0.5, 'f1-score': 0.2835820895522388, 'support': 48.0}, 'weighted avg': {'precision': 0.15668402777777776, 'recall': 0.3958333333333333, 'f1-score': 0.22450248756218905, 'support': 48.0}}","[[19  0]
 [29  0]]"
151,10,64,16,0.2,0.001,128,2,3,0.296875,0.5,"{'0': {'precision': 0.37777777777777777, 'recall': 0.8947368421052632, 'f1-score': 0.53125, 'support': 19.0}, '1': {'precision': 0.3333333333333333, 'recall': 0.034482758620689655, 'f1-score': 0.0625, 'support': 29.0}, 'accuracy': 0.375, 'macro avg': {'precision': 0.3555555555555555, 'recall': 0.4646098003629764, 'f1-score': 0.296875, 'support': 48.0}, 'weighted avg': {'precision': 0.35092592592592586, 'recall': 0.375, 'f1-score': 0.248046875, 'support': 48.0}}","[[17  2]
 [28  1]]"
152,10,64,16,0.2,0.001,128,3,2,0.2835820895522388,0.5,"{'0': {'precision': 0.3958333333333333, 'recall': 1.0, 'f1-score': 0.5671641791044776, 'support': 19.0}, '1': {'precision': 0.0, 'recall': 0.0, 'f1-score': 0.0, 'support': 29.0}, 'accuracy': 0.3958333333333333, 'macro avg': {'precision': 0.19791666666666666, 'recall': 0.5, 'f1-score': 0.2835820895522388, 'support': 48.0}, 'weighted avg': {'precision': 0.15668402777777776, 'recall': 0.3958333333333333, 'f1-score': 0.22450248756218905, 'support': 48.0}}","[[19  0]
 [29  0]]"
153,10,64,16,0.2,0.001,128,3,3,0.2835820895522388,0.5,"{'0': {'precision': 0.3958333333333333, 'recall': 1.0, 'f1-score': 0.5671641791044776, 'support': 19.0}, '1': {'precision': 0.0, 'recall': 0.0, 'f1-score': 0.0, 'support': 29.0}, 'accuracy': 0.3958333333333333, 'macro avg': {'precision': 0.19791666666666666, 'recall': 0.5, 'f1-score': 0.2835820895522388, 'support': 48.0}, 'weighted avg': {'precision': 0.15668402777777776, 'recall': 0.3958333333333333, 'f1-score': 0.22450248756218905, 'support': 48.0}}","[[19  0]
 [29  0]]"
154,10,64,16,0.2,0.001,128,5,2,0.30918114143920594,0.5,"{'0': {'precision': 0.391304347826087, 'recall': 0.9473684210526315, 'f1-score': 0.5538461538461539, 'support': 19.0}, '1': {'precision': 0.5, 'recall': 0.034482758620689655, 'f1-score': 0.06451612903225806, 'support': 29.0}, 'accuracy': 0.3958333333333333, 'macro avg': {'precision': 0.44565217391304346, 'recall': 0.49092558983666057, 'f1-score': 0.30918114143920594, 'support': 48.0}, 'weighted avg': {'precision': 0.4569746376811594, 'recall': 0.3958333333333333, 'f1-score': 0.25820926385442516, 'support': 48.0}}","[[18  1]
 [28  1]]"
155,10,64,16,0.2,0.001,128,5,3,0.2835820895522388,0.5,"{'0': {'precision': 0.3958333333333333, 'recall': 1.0, 'f1-score': 0.5671641791044776, 'support': 19.0}, '1': {'precision': 0.0, 'recall': 0.0, 'f1-score': 0.0, 'support': 29.0}, 'accuracy': 0.3958333333333333, 'macro avg': {'precision': 0.19791666666666666, 'recall': 0.5, 'f1-score': 0.2835820895522388, 'support': 48.0}, 'weighted avg': {'precision': 0.15668402777777776, 'recall': 0.3958333333333333, 'f1-score': 0.22450248756218905, 'support': 48.0}}","[[19  0]
 [29  0]]"
156,10,64,16,0.2,0.0005,64,2,2,0.4375,0.5,"{'0': {'precision': 0.3076923076923077, 'recall': 0.21052631578947367, 'f1-score': 0.25, 'support': 19.0}, '1': {'precision': 0.5714285714285714, 'recall': 0.6896551724137931, 'f1-score': 0.625, 'support': 29.0}, 'accuracy': 0.5, 'macro avg': {'precision': 0.43956043956043955, 'recall': 0.4500907441016334, 'f1-score': 0.4375, 'support': 48.0}, 'weighted avg': {'precision': 0.467032967032967, 'recall': 0.5, 'f1-score': 0.4765625, 'support': 48.0}}","[[ 4 15]
 [ 9 20]]"
157,10,64,16,0.2,0.0005,64,2,3,0.4079696394686907,0.5,"{'0': {'precision': 0.4186046511627907, 'recall': 0.9473684210526315, 'f1-score': 0.5806451612903226, 'support': 19.0}, '1': {'precision': 0.8, 'recall': 0.13793103448275862, 'f1-score': 0.23529411764705882, 'support': 29.0}, 'accuracy': 0.4583333333333333, 'macro avg': {'precision': 0.6093023255813954, 'recall': 0.542649727767695, 'f1-score': 0.4079696394686907, 'support': 48.0}, 'weighted avg': {'precision': 0.649031007751938, 'recall': 0.4583333333333333, 'f1-score': 0.3719955724225174, 'support': 48.0}}","[[18  1]
 [25  4]]"
158,10,64,16,0.2,0.0005,64,3,2,0.3538862353452019,0.5,"{'0': {'precision': 0.2857142857142857, 'recall': 0.42105263157894735, 'f1-score': 0.3404255319148936, 'support': 19.0}, '1': {'precision': 0.45, 'recall': 0.3103448275862069, 'f1-score': 0.3673469387755102, 'support': 29.0}, 'accuracy': 0.3541666666666667, 'macro avg': {'precision': 0.3678571428571429, 'recall': 0.3656987295825771, 'f1-score': 0.3538862353452019, 'support': 48.0}, 'weighted avg': {'precision': 0.38497023809523806, 'recall': 0.3541666666666667, 'f1-score': 0.3566905485598495, 'support': 48.0}}","[[ 8 11]
 [20  9]]"
159,10,64,16,0.2,0.0005,64,3,3,0.37662337662337664,0.5,"{'0': {'precision': 0.0, 'recall': 0.0, 'f1-score': 0.0, 'support': 19.0}, '1': {'precision': 0.6041666666666666, 'recall': 1.0, 'f1-score': 0.7532467532467533, 'support': 29.0}, 'accuracy': 0.6041666666666666, 'macro avg': {'precision': 0.3020833333333333, 'recall': 0.5, 'f1-score': 0.37662337662337664, 'support': 48.0}, 'weighted avg': {'precision': 0.3650173611111111, 'recall': 0.6041666666666666, 'f1-score': 0.45508658008658015, 'support': 48.0}}","[[ 0 19]
 [ 0 29]]"
160,10,64,16,0.2,0.0005,64,5,2,0.37662337662337664,0.5,"{'0': {'precision': 0.0, 'recall': 0.0, 'f1-score': 0.0, 'support': 19.0}, '1': {'precision': 0.6041666666666666, 'recall': 1.0, 'f1-score': 0.7532467532467533, 'support': 29.0}, 'accuracy': 0.6041666666666666, 'macro avg': {'precision': 0.3020833333333333, 'recall': 0.5, 'f1-score': 0.37662337662337664, 'support': 48.0}, 'weighted avg': {'precision': 0.3650173611111111, 'recall': 0.6041666666666666, 'f1-score': 0.45508658008658015, 'support': 48.0}}","[[ 0 19]
 [ 0 29]]"
161,10,64,16,0.2,0.0005,64,5,3,0.5644283121597096,0.5,"{'0': {'precision': 0.47368421052631576, 'recall': 0.47368421052631576, 'f1-score': 0.47368421052631576, 'support': 19.0}, '1': {'precision': 0.6551724137931034, 'recall': 0.6551724137931034, 'f1-score': 0.6551724137931034, 'support': 29.0}, 'accuracy': 0.5833333333333334, 'macro avg': {'precision': 0.5644283121597096, 'recall': 0.5644283121597096, 'f1-score': 0.5644283121597096, 'support': 48.0}, 'weighted avg': {'precision': 0.5833333333333334, 'recall': 0.5833333333333334, 'f1-score': 0.5833333333333334, 'support': 48.0}}","[[ 9 10]
 [10 19]]"
162,10,64,16,0.2,0.0005,128,2,2,0.2835820895522388,0.5,"{'0': {'precision': 0.3958333333333333, 'recall': 1.0, 'f1-score': 0.5671641791044776, 'support': 19.0}, '1': {'precision': 0.0, 'recall': 0.0, 'f1-score': 0.0, 'support': 29.0}, 'accuracy': 0.3958333333333333, 'macro avg': {'precision': 0.19791666666666666, 'recall': 0.5, 'f1-score': 0.2835820895522388, 'support': 48.0}, 'weighted avg': {'precision': 0.15668402777777776, 'recall': 0.3958333333333333, 'f1-score': 0.22450248756218905, 'support': 48.0}}","[[19  0]
 [29  0]]"
163,10,64,16,0.2,0.0005,128,2,3,0.399642644431209,0.5,"{'0': {'precision': 0.25, 'recall': 0.05263157894736842, 'f1-score': 0.08695652173913043, 'support': 19.0}, '1': {'precision': 0.5909090909090909, 'recall': 0.896551724137931, 'f1-score': 0.7123287671232876, 'support': 29.0}, 'accuracy': 0.5625, 'macro avg': {'precision': 0.42045454545454547, 'recall': 0.4745916515426497, 'f1-score': 0.399642644431209, 'support': 48.0}, 'weighted avg': {'precision': 0.4559659090909091, 'recall': 0.5625, 'f1-score': 0.4647855866587254, 'support': 48.0}}","[[ 1 18]
 [ 3 26]]"
164,10,64,16,0.2,0.0005,128,3,2,0.2835820895522388,0.5,"{'0': {'precision': 0.3958333333333333, 'recall': 1.0, 'f1-score': 0.5671641791044776, 'support': 19.0}, '1': {'precision': 0.0, 'recall': 0.0, 'f1-score': 0.0, 'support': 29.0}, 'accuracy': 0.3958333333333333, 'macro avg': {'precision': 0.19791666666666666, 'recall': 0.5, 'f1-score': 0.2835820895522388, 'support': 48.0}, 'weighted avg': {'precision': 0.15668402777777776, 'recall': 0.3958333333333333, 'f1-score': 0.22450248756218905, 'support': 48.0}}","[[19  0]
 [29  0]]"
165,10,64,16,0.2,0.0005,128,3,3,0.5104669887278583,0.5,"{'0': {'precision': 0.5, 'recall': 0.21052631578947367, 'f1-score': 0.2962962962962963, 'support': 19.0}, '1': {'precision': 0.625, 'recall': 0.8620689655172413, 'f1-score': 0.7246376811594203, 'support': 29.0}, 'accuracy': 0.6041666666666666, 'macro avg': {'precision': 0.5625, 'recall': 0.5362976406533575, 'f1-score': 0.5104669887278583, 'support': 48.0}, 'weighted avg': {'precision': 0.5755208333333334, 'recall': 0.6041666666666666, 'f1-score': 0.5550858829844337, 'support': 48.0}}","[[ 4 15]
 [ 4 25]]"
166,10,64,16,0.2,0.0005,128,5,2,0.37662337662337664,0.5,"{'0': {'precision': 0.0, 'recall': 0.0, 'f1-score': 0.0, 'support': 19.0}, '1': {'precision': 0.6041666666666666, 'recall': 1.0, 'f1-score': 0.7532467532467533, 'support': 29.0}, 'accuracy': 0.6041666666666666, 'macro avg': {'precision': 0.3020833333333333, 'recall': 0.5, 'f1-score': 0.37662337662337664, 'support': 48.0}, 'weighted avg': {'precision': 0.3650173611111111, 'recall': 0.6041666666666666, 'f1-score': 0.45508658008658015, 'support': 48.0}}","[[ 0 19]
 [ 0 29]]"
167,10,64,16,0.2,0.0005,128,5,3,0.2835820895522388,0.5,"{'0': {'precision': 0.3958333333333333, 'recall': 1.0, 'f1-score': 0.5671641791044776, 'support': 19.0}, '1': {'precision': 0.0, 'recall': 0.0, 'f1-score': 0.0, 'support': 29.0}, 'accuracy': 0.3958333333333333, 'macro avg': {'precision': 0.19791666666666666, 'recall': 0.5, 'f1-score': 0.2835820895522388, 'support': 48.0}, 'weighted avg': {'precision': 0.15668402777777776, 'recall': 0.3958333333333333, 'f1-score': 0.22450248756218905, 'support': 48.0}}","[[19  0]
 [29  0]]"
168,10,64,16,0.5,0.001,64,2,2,0.4666666666666667,0.5,"{'0': {'precision': 0.36363636363636365, 'recall': 0.21052631578947367, 'f1-score': 0.26666666666666666, 'support': 19.0}, '1': {'precision': 0.5945945945945946, 'recall': 0.7586206896551724, 'f1-score': 0.6666666666666666, 'support': 29.0}, 'accuracy': 0.5416666666666666, 'macro avg': {'precision': 0.47911547911547914, 'recall': 0.484573502722323, 'f1-score': 0.4666666666666667, 'support': 48.0}, 'weighted avg': {'precision': 0.5031736281736282, 'recall': 0.5416666666666666, 'f1-score': 0.5083333333333333, 'support': 48.0}}","[[ 4 15]
 [ 7 22]]"
169,10,64,16,0.5,0.001,64,2,3,0.37662337662337664,0.5,"{'0': {'precision': 0.0, 'recall': 0.0, 'f1-score': 0.0, 'support': 19.0}, '1': {'precision': 0.6041666666666666, 'recall': 1.0, 'f1-score': 0.7532467532467533, 'support': 29.0}, 'accuracy': 0.6041666666666666, 'macro avg': {'precision': 0.3020833333333333, 'recall': 0.5, 'f1-score': 0.37662337662337664, 'support': 48.0}, 'weighted avg': {'precision': 0.3650173611111111, 'recall': 0.6041666666666666, 'f1-score': 0.45508658008658015, 'support': 48.0}}","[[ 0 19]
 [ 0 29]]"
170,10,64,16,0.5,0.001,64,3,2,0.2835820895522388,0.5,"{'0': {'precision': 0.3958333333333333, 'recall': 1.0, 'f1-score': 0.5671641791044776, 'support': 19.0}, '1': {'precision': 0.0, 'recall': 0.0, 'f1-score': 0.0, 'support': 29.0}, 'accuracy': 0.3958333333333333, 'macro avg': {'precision': 0.19791666666666666, 'recall': 0.5, 'f1-score': 0.2835820895522388, 'support': 48.0}, 'weighted avg': {'precision': 0.15668402777777776, 'recall': 0.3958333333333333, 'f1-score': 0.22450248756218905, 'support': 48.0}}","[[19  0]
 [29  0]]"
171,10,64,16,0.5,0.001,64,3,3,0.2835820895522388,0.5,"{'0': {'precision': 0.3958333333333333, 'recall': 1.0, 'f1-score': 0.5671641791044776, 'support': 19.0}, '1': {'precision': 0.0, 'recall': 0.0, 'f1-score': 0.0, 'support': 29.0}, 'accuracy': 0.3958333333333333, 'macro avg': {'precision': 0.19791666666666666, 'recall': 0.5, 'f1-score': 0.2835820895522388, 'support': 48.0}, 'weighted avg': {'precision': 0.15668402777777776, 'recall': 0.3958333333333333, 'f1-score': 0.22450248756218905, 'support': 48.0}}","[[19  0]
 [29  0]]"
172,10,64,16,0.5,0.001,64,5,2,0.4379391100702576,0.5,"{'0': {'precision': 0.42857142857142855, 'recall': 0.9473684210526315, 'f1-score': 0.5901639344262295, 'support': 19.0}, '1': {'precision': 0.8333333333333334, 'recall': 0.1724137931034483, 'f1-score': 0.2857142857142857, 'support': 29.0}, 'accuracy': 0.4791666666666667, 'macro avg': {'precision': 0.6309523809523809, 'recall': 0.5598911070780399, 'f1-score': 0.4379391100702576, 'support': 48.0}, 'weighted avg': {'precision': 0.6731150793650794, 'recall': 0.4791666666666667, 'f1-score': 0.4062256049960968, 'support': 48.0}}","[[18  1]
 [24  5]]"
173,10,64,16,0.5,0.001,64,5,3,0.37662337662337664,0.0,"{'0': {'precision': 0.0, 'recall': 0.0, 'f1-score': 0.0, 'support': 19.0}, '1': {'precision': 0.6041666666666666, 'recall': 1.0, 'f1-score': 0.7532467532467533, 'support': 29.0}, 'accuracy': 0.6041666666666666, 'macro avg': {'precision': 0.3020833333333333, 'recall': 0.5, 'f1-score': 0.37662337662337664, 'support': 48.0}, 'weighted avg': {'precision': 0.3650173611111111, 'recall': 0.6041666666666666, 'f1-score': 0.45508658008658015, 'support': 48.0}}","[[ 0 19]
 [ 0 29]]"
174,10,64,16,0.5,0.001,128,2,2,0.37662337662337664,0.5,"{'0': {'precision': 0.0, 'recall': 0.0, 'f1-score': 0.0, 'support': 19.0}, '1': {'precision': 0.6041666666666666, 'recall': 1.0, 'f1-score': 0.7532467532467533, 'support': 29.0}, 'accuracy': 0.6041666666666666, 'macro avg': {'precision': 0.3020833333333333, 'recall': 0.5, 'f1-score': 0.37662337662337664, 'support': 48.0}, 'weighted avg': {'precision': 0.3650173611111111, 'recall': 0.6041666666666666, 'f1-score': 0.45508658008658015, 'support': 48.0}}","[[ 0 19]
 [ 0 29]]"
175,10,64,16,0.5,0.001,128,2,3,0.42095238095238097,0.5,"{'0': {'precision': 0.5, 'recall': 0.05263157894736842, 'f1-score': 0.09523809523809523, 'support': 19.0}, '1': {'precision': 0.6086956521739131, 'recall': 0.9655172413793104, 'f1-score': 0.7466666666666667, 'support': 29.0}, 'accuracy': 0.6041666666666666, 'macro avg': {'precision': 0.5543478260869565, 'recall': 0.5090744101633394, 'f1-score': 0.42095238095238097, 'support': 48.0}, 'weighted avg': {'precision': 0.5656702898550725, 'recall': 0.6041666666666666, 'f1-score': 0.48880952380952386, 'support': 48.0}}","[[ 1 18]
 [ 1 28]]"
176,10,64,16,0.5,0.001,128,3,2,0.37662337662337664,0.5,"{'0': {'precision': 0.0, 'recall': 0.0, 'f1-score': 0.0, 'support': 19.0}, '1': {'precision': 0.6041666666666666, 'recall': 1.0, 'f1-score': 0.7532467532467533, 'support': 29.0}, 'accuracy': 0.6041666666666666, 'macro avg': {'precision': 0.3020833333333333, 'recall': 0.5, 'f1-score': 0.37662337662337664, 'support': 48.0}, 'weighted avg': {'precision': 0.3650173611111111, 'recall': 0.6041666666666666, 'f1-score': 0.45508658008658015, 'support': 48.0}}","[[ 0 19]
 [ 0 29]]"
177,10,64,16,0.5,0.001,128,3,3,0.34375,0.5,"{'0': {'precision': 0.4, 'recall': 0.9473684210526315, 'f1-score': 0.5625, 'support': 19.0}, '1': {'precision': 0.6666666666666666, 'recall': 0.06896551724137931, 'f1-score': 0.125, 'support': 29.0}, 'accuracy': 0.4166666666666667, 'macro avg': {'precision': 0.5333333333333333, 'recall': 0.5081669691470054, 'f1-score': 0.34375, 'support': 48.0}, 'weighted avg': {'precision': 0.5611111111111111, 'recall': 0.4166666666666667, 'f1-score': 0.2981770833333333, 'support': 48.0}}","[[18  1]
 [27  2]]"
178,10,64,16,0.5,0.001,128,5,2,0.3780281690140845,0.5,"{'0': {'precision': 0.16666666666666666, 'recall': 0.05263157894736842, 'f1-score': 0.08, 'support': 19.0}, '1': {'precision': 0.5714285714285714, 'recall': 0.8275862068965517, 'f1-score': 0.676056338028169, 'support': 29.0}, 'accuracy': 0.5208333333333334, 'macro avg': {'precision': 0.369047619047619, 'recall': 0.4401088929219601, 'f1-score': 0.3780281690140845, 'support': 48.0}, 'weighted avg': {'precision': 0.41121031746031744, 'recall': 0.5208333333333334, 'f1-score': 0.44011737089201874, 'support': 48.0}}","[[ 1 18]
 [ 5 24]]"
179,10,64,16,0.5,0.001,128,5,3,0.3827050997782705,0.5,"{'0': {'precision': 0.2727272727272727, 'recall': 0.3157894736842105, 'f1-score': 0.2926829268292683, 'support': 19.0}, '1': {'precision': 0.5, 'recall': 0.4482758620689655, 'f1-score': 0.4727272727272727, 'support': 29.0}, 'accuracy': 0.3958333333333333, 'macro avg': {'precision': 0.38636363636363635, 'recall': 0.382032667876588, 'f1-score': 0.3827050997782705, 'support': 48.0}, 'weighted avg': {'precision': 0.41003787878787873, 'recall': 0.3958333333333333, 'f1-score': 0.40145971914264594, 'support': 48.0}}","[[ 6 13]
 [16 13]]"
180,10,64,16,0.5,0.0005,64,2,2,0.47894051237516283,0.5,"{'0': {'precision': 0.39285714285714285, 'recall': 0.5789473684210527, 'f1-score': 0.46808510638297873, 'support': 19.0}, '1': {'precision': 0.6, 'recall': 0.41379310344827586, 'f1-score': 0.4897959183673469, 'support': 29.0}, 'accuracy': 0.4791666666666667, 'macro avg': {'precision': 0.49642857142857144, 'recall': 0.49637023593466423, 'f1-score': 0.47894051237516283, 'support': 48.0}, 'weighted avg': {'precision': 0.5180059523809524, 'recall': 0.4791666666666667, 'f1-score': 0.48120205529020116, 'support': 48.0}}","[[11  8]
 [17 12]]"
181,10,64,16,0.5,0.0005,64,2,3,0.2835820895522388,0.5,"{'0': {'precision': 0.3958333333333333, 'recall': 1.0, 'f1-score': 0.5671641791044776, 'support': 19.0}, '1': {'precision': 0.0, 'recall': 0.0, 'f1-score': 0.0, 'support': 29.0}, 'accuracy': 0.3958333333333333, 'macro avg': {'precision': 0.19791666666666666, 'recall': 0.5, 'f1-score': 0.2835820895522388, 'support': 48.0}, 'weighted avg': {'precision': 0.15668402777777776, 'recall': 0.3958333333333333, 'f1-score': 0.22450248756218905, 'support': 48.0}}","[[19  0]
 [29  0]]"
182,10,64,16,0.5,0.0005,64,3,2,0.4379391100702576,0.5,"{'0': {'precision': 0.42857142857142855, 'recall': 0.9473684210526315, 'f1-score': 0.5901639344262295, 'support': 19.0}, '1': {'precision': 0.8333333333333334, 'recall': 0.1724137931034483, 'f1-score': 0.2857142857142857, 'support': 29.0}, 'accuracy': 0.4791666666666667, 'macro avg': {'precision': 0.6309523809523809, 'recall': 0.5598911070780399, 'f1-score': 0.4379391100702576, 'support': 48.0}, 'weighted avg': {'precision': 0.6731150793650794, 'recall': 0.4791666666666667, 'f1-score': 0.4062256049960968, 'support': 48.0}}","[[18  1]
 [24  5]]"
183,10,64,16,0.5,0.0005,64,3,3,0.2835820895522388,0.5,"{'0': {'precision': 0.3958333333333333, 'recall': 1.0, 'f1-score': 0.5671641791044776, 'support': 19.0}, '1': {'precision': 0.0, 'recall': 0.0, 'f1-score': 0.0, 'support': 29.0}, 'accuracy': 0.3958333333333333, 'macro avg': {'precision': 0.19791666666666666, 'recall': 0.5, 'f1-score': 0.2835820895522388, 'support': 48.0}, 'weighted avg': {'precision': 0.15668402777777776, 'recall': 0.3958333333333333, 'f1-score': 0.22450248756218905, 'support': 48.0}}","[[19  0]
 [29  0]]"
184,10,64,16,0.5,0.0005,64,5,2,0.3739130434782609,0.5,"{'0': {'precision': 0.3225806451612903, 'recall': 0.5263157894736842, 'f1-score': 0.4, 'support': 19.0}, '1': {'precision': 0.47058823529411764, 'recall': 0.27586206896551724, 'f1-score': 0.34782608695652173, 'support': 29.0}, 'accuracy': 0.375, 'macro avg': {'precision': 0.396584440227704, 'recall': 0.4010889292196007, 'f1-score': 0.3739130434782609, 'support': 48.0}, 'weighted avg': {'precision': 0.41200189753320676, 'recall': 0.375, 'f1-score': 0.3684782608695652, 'support': 48.0}}","[[10  9]
 [21  8]]"
185,10,64,16,0.5,0.0005,64,5,3,0.44285714285714284,0.5,"{'0': {'precision': 0.40540540540540543, 'recall': 0.7894736842105263, 'f1-score': 0.5357142857142857, 'support': 19.0}, '1': {'precision': 0.6363636363636364, 'recall': 0.2413793103448276, 'f1-score': 0.35, 'support': 29.0}, 'accuracy': 0.4583333333333333, 'macro avg': {'precision': 0.5208845208845209, 'recall': 0.515426497277677, 'f1-score': 0.44285714285714284, 'support': 48.0}, 'weighted avg': {'precision': 0.5449426699426699, 'recall': 0.4583333333333333, 'f1-score': 0.42351190476190476, 'support': 48.0}}","[[15  4]
 [22  7]]"
186,10,64,16,0.5,0.0005,128,2,2,0.2835820895522388,0.5,"{'0': {'precision': 0.3958333333333333, 'recall': 1.0, 'f1-score': 0.5671641791044776, 'support': 19.0}, '1': {'precision': 0.0, 'recall': 0.0, 'f1-score': 0.0, 'support': 29.0}, 'accuracy': 0.3958333333333333, 'macro avg': {'precision': 0.19791666666666666, 'recall': 0.5, 'f1-score': 0.2835820895522388, 'support': 48.0}, 'weighted avg': {'precision': 0.15668402777777776, 'recall': 0.3958333333333333, 'f1-score': 0.22450248756218905, 'support': 48.0}}","[[19  0]
 [29  0]]"
187,10,64,16,0.5,0.0005,128,2,3,0.5206252713851498,0.5,"{'0': {'precision': 0.43333333333333335, 'recall': 0.6842105263157895, 'f1-score': 0.5306122448979592, 'support': 19.0}, '1': {'precision': 0.6666666666666666, 'recall': 0.41379310344827586, 'f1-score': 0.5106382978723404, 'support': 29.0}, 'accuracy': 0.5208333333333334, 'macro avg': {'precision': 0.55, 'recall': 0.5490018148820327, 'f1-score': 0.5206252713851498, 'support': 48.0}, 'weighted avg': {'precision': 0.5743055555555555, 'recall': 0.5208333333333334, 'f1-score': 0.5185446519033144, 'support': 48.0}}","[[13  6]
 [17 12]]"
188,10,64,16,0.5,0.0005,128,3,2,0.37662337662337664,0.5,"{'0': {'precision': 0.0, 'recall': 0.0, 'f1-score': 0.0, 'support': 19.0}, '1': {'precision': 0.6041666666666666, 'recall': 1.0, 'f1-score': 0.7532467532467533, 'support': 29.0}, 'accuracy': 0.6041666666666666, 'macro avg': {'precision': 0.3020833333333333, 'recall': 0.5, 'f1-score': 0.37662337662337664, 'support': 48.0}, 'weighted avg': {'precision': 0.3650173611111111, 'recall': 0.6041666666666666, 'f1-score': 0.45508658008658015, 'support': 48.0}}","[[ 0 19]
 [ 0 29]]"
189,10,64,16,0.5,0.0005,128,3,3,0.2835820895522388,0.5,"{'0': {'precision': 0.3958333333333333, 'recall': 1.0, 'f1-score': 0.5671641791044776, 'support': 19.0}, '1': {'precision': 0.0, 'recall': 0.0, 'f1-score': 0.0, 'support': 29.0}, 'accuracy': 0.3958333333333333, 'macro avg': {'precision': 0.19791666666666666, 'recall': 0.5, 'f1-score': 0.2835820895522388, 'support': 48.0}, 'weighted avg': {'precision': 0.15668402777777776, 'recall': 0.3958333333333333, 'f1-score': 0.22450248756218905, 'support': 48.0}}","[[19  0]
 [29  0]]"
190,10,64,16,0.5,0.0005,128,5,2,0.2835820895522388,0.5,"{'0': {'precision': 0.3958333333333333, 'recall': 1.0, 'f1-score': 0.5671641791044776, 'support': 19.0}, '1': {'precision': 0.0, 'recall': 0.0, 'f1-score': 0.0, 'support': 29.0}, 'accuracy': 0.3958333333333333, 'macro avg': {'precision': 0.19791666666666666, 'recall': 0.5, 'f1-score': 0.2835820895522388, 'support': 48.0}, 'weighted avg': {'precision': 0.15668402777777776, 'recall': 0.3958333333333333, 'f1-score': 0.22450248756218905, 'support': 48.0}}","[[19  0]
 [29  0]]"
191,10,64,16,0.5,0.0005,128,5,3,0.37662337662337664,0.5,"{'0': {'precision': 0.0, 'recall': 0.0, 'f1-score': 0.0, 'support': 19.0}, '1': {'precision': 0.6041666666666666, 'recall': 1.0, 'f1-score': 0.7532467532467533, 'support': 29.0}, 'accuracy': 0.6041666666666666, 'macro avg': {'precision': 0.3020833333333333, 'recall': 0.5, 'f1-score': 0.37662337662337664, 'support': 48.0}, 'weighted avg': {'precision': 0.3650173611111111, 'recall': 0.6041666666666666, 'f1-score': 0.45508658008658015, 'support': 48.0}}","[[ 0 19]
 [ 0 29]]"
192,20,128,8,0.2,0.001,64,2,2,0.3815789473684211,0.0,"{'0': {'precision': 0.0, 'recall': 0.0, 'f1-score': 0.0, 'support': 18.0}, '1': {'precision': 0.6170212765957447, 'recall': 1.0, 'f1-score': 0.7631578947368421, 'support': 29.0}, 'accuracy': 0.6170212765957447, 'macro avg': {'precision': 0.30851063829787234, 'recall': 0.5, 'f1-score': 0.3815789473684211, 'support': 47.0}, 'weighted avg': {'precision': 0.3807152557718425, 'recall': 0.6170212765957447, 'f1-score': 0.4708846584546473, 'support': 47.0}}","[[ 0 18]
 [ 0 29]]"
193,20,128,8,0.2,0.001,64,2,3,0.27692307692307694,0.5,"{'0': {'precision': 0.3829787234042553, 'recall': 1.0, 'f1-score': 0.5538461538461539, 'support': 18.0}, '1': {'precision': 0.0, 'recall': 0.0, 'f1-score': 0.0, 'support': 29.0}, 'accuracy': 0.3829787234042553, 'macro avg': {'precision': 0.19148936170212766, 'recall': 0.5, 'f1-score': 0.27692307692307694, 'support': 47.0}, 'weighted avg': {'precision': 0.1466727025803531, 'recall': 0.3829787234042553, 'f1-score': 0.21211129296235678, 'support': 47.0}}","[[18  0]
 [29  0]]"
194,20,128,8,0.2,0.001,64,3,2,0.3815789473684211,0.0,"{'0': {'precision': 0.0, 'recall': 0.0, 'f1-score': 0.0, 'support': 18.0}, '1': {'precision': 0.6170212765957447, 'recall': 1.0, 'f1-score': 0.7631578947368421, 'support': 29.0}, 'accuracy': 0.6170212765957447, 'macro avg': {'precision': 0.30851063829787234, 'recall': 0.5, 'f1-score': 0.3815789473684211, 'support': 47.0}, 'weighted avg': {'precision': 0.3807152557718425, 'recall': 0.6170212765957447, 'f1-score': 0.4708846584546473, 'support': 47.0}}","[[ 0 18]
 [ 0 29]]"
195,20,128,8,0.2,0.001,64,3,3,0.27692307692307694,0.5,"{'0': {'precision': 0.3829787234042553, 'recall': 1.0, 'f1-score': 0.5538461538461539, 'support': 18.0}, '1': {'precision': 0.0, 'recall': 0.0, 'f1-score': 0.0, 'support': 29.0}, 'accuracy': 0.3829787234042553, 'macro avg': {'precision': 0.19148936170212766, 'recall': 0.5, 'f1-score': 0.27692307692307694, 'support': 47.0}, 'weighted avg': {'precision': 0.1466727025803531, 'recall': 0.3829787234042553, 'f1-score': 0.21211129296235678, 'support': 47.0}}","[[18  0]
 [29  0]]"
196,20,128,8,0.2,0.001,64,5,2,0.36486486486486486,0.5,"{'0': {'precision': 0.0, 'recall': 0.0, 'f1-score': 0.0, 'support': 18.0}, '1': {'precision': 0.6, 'recall': 0.9310344827586207, 'f1-score': 0.7297297297297297, 'support': 29.0}, 'accuracy': 0.574468085106383, 'macro avg': {'precision': 0.3, 'recall': 0.46551724137931033, 'f1-score': 0.36486486486486486, 'support': 47.0}, 'weighted avg': {'precision': 0.3702127659574468, 'recall': 0.574468085106383, 'f1-score': 0.45025876940770554, 'support': 47.0}}","[[ 0 18]
 [ 2 27]]"
197,20,128,8,0.2,0.001,64,5,3,0.3815789473684211,0.5,"{'0': {'precision': 0.0, 'recall': 0.0, 'f1-score': 0.0, 'support': 18.0}, '1': {'precision': 0.6170212765957447, 'recall': 1.0, 'f1-score': 0.7631578947368421, 'support': 29.0}, 'accuracy': 0.6170212765957447, 'macro avg': {'precision': 0.30851063829787234, 'recall': 0.5, 'f1-score': 0.3815789473684211, 'support': 47.0}, 'weighted avg': {'precision': 0.3807152557718425, 'recall': 0.6170212765957447, 'f1-score': 0.4708846584546473, 'support': 47.0}}","[[ 0 18]
 [ 0 29]]"
198,20,128,8,0.2,0.001,128,2,2,0.36973180076628354,0.5,"{'0': {'precision': 0.375, 'recall': 0.8333333333333334, 'f1-score': 0.5172413793103449, 'support': 18.0}, '1': {'precision': 0.5714285714285714, 'recall': 0.13793103448275862, 'f1-score': 0.2222222222222222, 'support': 29.0}, 'accuracy': 0.40425531914893614, 'macro avg': {'precision': 0.4732142857142857, 'recall': 0.48563218390804597, 'f1-score': 0.36973180076628354, 'support': 47.0}, 'weighted avg': {'precision': 0.4962006079027355, 'recall': 0.40425531914893614, 'f1-score': 0.33520828238363093, 'support': 47.0}}","[[15  3]
 [25  4]]"
199,20,128,8,0.2,0.001,128,2,3,0.3955909369259032,0.5,"{'0': {'precision': 0.2, 'recall': 0.05555555555555555, 'f1-score': 0.08695652173913043, 'support': 18.0}, '1': {'precision': 0.5952380952380952, 'recall': 0.8620689655172413, 'f1-score': 0.704225352112676, 'support': 29.0}, 'accuracy': 0.5531914893617021, 'macro avg': {'precision': 0.39761904761904765, 'recall': 0.45881226053639845, 'f1-score': 0.3955909369259032, 'support': 47.0}, 'weighted avg': {'precision': 0.4438703140830801, 'recall': 0.5531914893617021, 'f1-score': 0.4678245234589777, 'support': 47.0}}","[[ 1 17]
 [ 4 25]]"
200,20,128,8,0.2,0.001,128,3,2,0.36959761549925485,0.5,"{'0': {'precision': 0.3953488372093023, 'recall': 0.9444444444444444, 'f1-score': 0.5573770491803278, 'support': 18.0}, '1': {'precision': 0.75, 'recall': 0.10344827586206896, 'f1-score': 0.18181818181818182, 'support': 29.0}, 'accuracy': 0.425531914893617, 'macro avg': {'precision': 0.5726744186046512, 'recall': 0.5239463601532567, 'f1-score': 0.36959761549925485, 'support': 47.0}, 'weighted avg': {'precision': 0.6141761504205838, 'recall': 0.425531914893617, 'f1-score': 0.32564923740368457, 'support': 47.0}}","[[17  1]
 [26  3]]"
201,20,128,8,0.2,0.001,128,3,3,0.36141304347826086,0.5,"{'0': {'precision': 0.2857142857142857, 'recall': 0.4444444444444444, 'f1-score': 0.34782608695652173, 'support': 18.0}, '1': {'precision': 0.47368421052631576, 'recall': 0.3103448275862069, 'f1-score': 0.375, 'support': 29.0}, 'accuracy': 0.3617021276595745, 'macro avg': {'precision': 0.37969924812030076, 'recall': 0.37739463601532564, 'f1-score': 0.36141304347826086, 'support': 47.0}, 'weighted avg': {'precision': 0.40169572868341064, 'recall': 0.3617021276595745, 'f1-score': 0.3645929694727104, 'support': 47.0}}","[[ 8 10]
 [20  9]]"
202,20,128,8,0.2,0.001,128,5,2,0.381578947368421,0.5,"{'0': {'precision': 0.25, 'recall': 0.2777777777777778, 'f1-score': 0.2631578947368421, 'support': 18.0}, '1': {'precision': 0.5185185185185185, 'recall': 0.4827586206896552, 'f1-score': 0.5, 'support': 29.0}, 'accuracy': 0.40425531914893614, 'macro avg': {'precision': 0.38425925925925924, 'recall': 0.38026819923371646, 'f1-score': 0.381578947368421, 'support': 47.0}, 'weighted avg': {'precision': 0.41568163908589445, 'recall': 0.40425531914893614, 'f1-score': 0.4092945128779395, 'support': 47.0}}","[[ 5 13]
 [15 14]]"
203,20,128,8,0.2,0.001,128,5,3,0.27692307692307694,0.5,"{'0': {'precision': 0.3829787234042553, 'recall': 1.0, 'f1-score': 0.5538461538461539, 'support': 18.0}, '1': {'precision': 0.0, 'recall': 0.0, 'f1-score': 0.0, 'support': 29.0}, 'accuracy': 0.3829787234042553, 'macro avg': {'precision': 0.19148936170212766, 'recall': 0.5, 'f1-score': 0.27692307692307694, 'support': 47.0}, 'weighted avg': {'precision': 0.1466727025803531, 'recall': 0.3829787234042553, 'f1-score': 0.21211129296235678, 'support': 47.0}}","[[18  0]
 [29  0]]"
204,20,128,8,0.2,0.0005,64,2,2,0.5583195135433942,0.5,"{'0': {'precision': 0.5555555555555556, 'recall': 0.2777777777777778, 'f1-score': 0.37037037037037035, 'support': 18.0}, '1': {'precision': 0.6578947368421053, 'recall': 0.8620689655172413, 'f1-score': 0.746268656716418, 'support': 29.0}, 'accuracy': 0.6382978723404256, 'macro avg': {'precision': 0.6067251461988304, 'recall': 0.5699233716475096, 'f1-score': 0.5583195135433942, 'support': 47.0}, 'weighted avg': {'precision': 0.6187010078387458, 'recall': 0.6382978723404256, 'f1-score': 0.6023076108817613, 'support': 47.0}}","[[ 5 13]
 [ 4 25]]"
205,20,128,8,0.2,0.0005,64,2,3,0.3815789473684211,0.5,"{'0': {'precision': 0.0, 'recall': 0.0, 'f1-score': 0.0, 'support': 18.0}, '1': {'precision': 0.6170212765957447, 'recall': 1.0, 'f1-score': 0.7631578947368421, 'support': 29.0}, 'accuracy': 0.6170212765957447, 'macro avg': {'precision': 0.30851063829787234, 'recall': 0.5, 'f1-score': 0.3815789473684211, 'support': 47.0}, 'weighted avg': {'precision': 0.3807152557718425, 'recall': 0.6170212765957447, 'f1-score': 0.4708846584546473, 'support': 47.0}}","[[ 0 18]
 [ 0 29]]"
206,20,128,8,0.2,0.0005,64,3,2,0.27692307692307694,0.5,"{'0': {'precision': 0.3829787234042553, 'recall': 1.0, 'f1-score': 0.5538461538461539, 'support': 18.0}, '1': {'precision': 0.0, 'recall': 0.0, 'f1-score': 0.0, 'support': 29.0}, 'accuracy': 0.3829787234042553, 'macro avg': {'precision': 0.19148936170212766, 'recall': 0.5, 'f1-score': 0.27692307692307694, 'support': 47.0}, 'weighted avg': {'precision': 0.1466727025803531, 'recall': 0.3829787234042553, 'f1-score': 0.21211129296235678, 'support': 47.0}}","[[18  0]
 [29  0]]"
207,20,128,8,0.2,0.0005,64,3,3,0.4083916083916084,0.5,"{'0': {'precision': 0.2857142857142857, 'recall': 0.3333333333333333, 'f1-score': 0.3076923076923077, 'support': 18.0}, '1': {'precision': 0.5384615384615384, 'recall': 0.4827586206896552, 'f1-score': 0.509090909090909, 'support': 29.0}, 'accuracy': 0.425531914893617, 'macro avg': {'precision': 0.41208791208791207, 'recall': 0.40804597701149425, 'f1-score': 0.4083916083916084, 'support': 47.0}, 'weighted avg': {'precision': 0.44166471826046294, 'recall': 0.425531914893617, 'f1-score': 0.4319595298318702, 'support': 47.0}}","[[ 6 12]
 [15 14]]"
208,20,128,8,0.2,0.0005,64,5,2,0.4788306451612903,0.5,"{'0': {'precision': 0.35714285714285715, 'recall': 0.2777777777777778, 'f1-score': 0.3125, 'support': 18.0}, '1': {'precision': 0.6060606060606061, 'recall': 0.6896551724137931, 'f1-score': 0.6451612903225806, 'support': 29.0}, 'accuracy': 0.5319148936170213, 'macro avg': {'precision': 0.4816017316017316, 'recall': 0.48371647509578547, 'f1-score': 0.4788306451612903, 'support': 47.0}, 'weighted avg': {'precision': 0.5107304043474257, 'recall': 0.5319148936170213, 'f1-score': 0.5177590940288264, 'support': 47.0}}","[[ 5 13]
 [ 9 20]]"
209,20,128,8,0.2,0.0005,64,5,3,0.3815789473684211,0.0,"{'0': {'precision': 0.0, 'recall': 0.0, 'f1-score': 0.0, 'support': 18.0}, '1': {'precision': 0.6170212765957447, 'recall': 1.0, 'f1-score': 0.7631578947368421, 'support': 29.0}, 'accuracy': 0.6170212765957447, 'macro avg': {'precision': 0.30851063829787234, 'recall': 0.5, 'f1-score': 0.3815789473684211, 'support': 47.0}, 'weighted avg': {'precision': 0.3807152557718425, 'recall': 0.6170212765957447, 'f1-score': 0.4708846584546473, 'support': 47.0}}","[[ 0 18]
 [ 0 29]]"
210,20,128,8,0.2,0.0005,128,2,2,0.3815789473684211,0.5,"{'0': {'precision': 0.0, 'recall': 0.0, 'f1-score': 0.0, 'support': 18.0}, '1': {'precision': 0.6170212765957447, 'recall': 1.0, 'f1-score': 0.7631578947368421, 'support': 29.0}, 'accuracy': 0.6170212765957447, 'macro avg': {'precision': 0.30851063829787234, 'recall': 0.5, 'f1-score': 0.3815789473684211, 'support': 47.0}, 'weighted avg': {'precision': 0.3807152557718425, 'recall': 0.6170212765957447, 'f1-score': 0.4708846584546473, 'support': 47.0}}","[[ 0 18]
 [ 0 29]]"
211,20,128,8,0.2,0.0005,128,2,3,0.3815789473684211,0.0,"{'0': {'precision': 0.0, 'recall': 0.0, 'f1-score': 0.0, 'support': 18.0}, '1': {'precision': 0.6170212765957447, 'recall': 1.0, 'f1-score': 0.7631578947368421, 'support': 29.0}, 'accuracy': 0.6170212765957447, 'macro avg': {'precision': 0.30851063829787234, 'recall': 0.5, 'f1-score': 0.3815789473684211, 'support': 47.0}, 'weighted avg': {'precision': 0.3807152557718425, 'recall': 0.6170212765957447, 'f1-score': 0.4708846584546473, 'support': 47.0}}","[[ 0 18]
 [ 0 29]]"
212,20,128,8,0.2,0.0005,128,3,2,0.38452380952380955,0.5,"{'0': {'precision': 0.16666666666666666, 'recall': 0.05555555555555555, 'f1-score': 0.08333333333333333, 'support': 18.0}, '1': {'precision': 0.5853658536585366, 'recall': 0.8275862068965517, 'f1-score': 0.6857142857142857, 'support': 29.0}, 'accuracy': 0.5319148936170213, 'macro avg': {'precision': 0.3760162601626016, 'recall': 0.44157088122605365, 'f1-score': 0.38452380952380955, 'support': 47.0}, 'weighted avg': {'precision': 0.4250129735339906, 'recall': 0.5319148936170213, 'f1-score': 0.45501519756838904, 'support': 47.0}}","[[ 1 17]
 [ 5 24]]"
213,20,128,8,0.2,0.0005,128,3,3,0.3815789473684211,0.0,"{'0': {'precision': 0.0, 'recall': 0.0, 'f1-score': 0.0, 'support': 18.0}, '1': {'precision': 0.6170212765957447, 'recall': 1.0, 'f1-score': 0.7631578947368421, 'support': 29.0}, 'accuracy': 0.6170212765957447, 'macro avg': {'precision': 0.30851063829787234, 'recall': 0.5, 'f1-score': 0.3815789473684211, 'support': 47.0}, 'weighted avg': {'precision': 0.3807152557718425, 'recall': 0.6170212765957447, 'f1-score': 0.4708846584546473, 'support': 47.0}}","[[ 0 18]
 [ 0 29]]"
214,20,128,8,0.2,0.0005,128,5,2,0.27692307692307694,0.5,"{'0': {'precision': 0.3829787234042553, 'recall': 1.0, 'f1-score': 0.5538461538461539, 'support': 18.0}, '1': {'precision': 0.0, 'recall': 0.0, 'f1-score': 0.0, 'support': 29.0}, 'accuracy': 0.3829787234042553, 'macro avg': {'precision': 0.19148936170212766, 'recall': 0.5, 'f1-score': 0.27692307692307694, 'support': 47.0}, 'weighted avg': {'precision': 0.1466727025803531, 'recall': 0.3829787234042553, 'f1-score': 0.21211129296235678, 'support': 47.0}}","[[18  0]
 [29  0]]"
215,20,128,8,0.2,0.0005,128,5,3,0.3815789473684211,0.0,"{'0': {'precision': 0.0, 'recall': 0.0, 'f1-score': 0.0, 'support': 18.0}, '1': {'precision': 0.6170212765957447, 'recall': 1.0, 'f1-score': 0.7631578947368421, 'support': 29.0}, 'accuracy': 0.6170212765957447, 'macro avg': {'precision': 0.30851063829787234, 'recall': 0.5, 'f1-score': 0.3815789473684211, 'support': 47.0}, 'weighted avg': {'precision': 0.3807152557718425, 'recall': 0.6170212765957447, 'f1-score': 0.4708846584546473, 'support': 47.0}}","[[ 0 18]
 [ 0 29]]"
216,20,128,8,0.5,0.001,64,2,2,0.3815789473684211,0.5,"{'0': {'precision': 0.0, 'recall': 0.0, 'f1-score': 0.0, 'support': 18.0}, '1': {'precision': 0.6170212765957447, 'recall': 1.0, 'f1-score': 0.7631578947368421, 'support': 29.0}, 'accuracy': 0.6170212765957447, 'macro avg': {'precision': 0.30851063829787234, 'recall': 0.5, 'f1-score': 0.3815789473684211, 'support': 47.0}, 'weighted avg': {'precision': 0.3807152557718425, 'recall': 0.6170212765957447, 'f1-score': 0.4708846584546473, 'support': 47.0}}","[[ 0 18]
 [ 0 29]]"
217,20,128,8,0.5,0.001,64,2,3,0.4257518796992481,0.5,"{'0': {'precision': 0.39473684210526316, 'recall': 0.8333333333333334, 'f1-score': 0.5357142857142857, 'support': 18.0}, '1': {'precision': 0.6666666666666666, 'recall': 0.20689655172413793, 'f1-score': 0.3157894736842105, 'support': 29.0}, 'accuracy': 0.44680851063829785, 'macro avg': {'precision': 0.5307017543859649, 'recall': 0.5201149425287357, 'f1-score': 0.4257518796992481, 'support': 47.0}, 'weighted avg': {'precision': 0.5625233296005973, 'recall': 0.44680851063829785, 'f1-score': 0.40001599744040955, 'support': 47.0}}","[[15  3]
 [23  6]]"
218,20,128,8,0.5,0.001,64,3,2,0.3815789473684211,0.0,"{'0': {'precision': 0.0, 'recall': 0.0, 'f1-score': 0.0, 'support': 18.0}, '1': {'precision': 0.6170212765957447, 'recall': 1.0, 'f1-score': 0.7631578947368421, 'support': 29.0}, 'accuracy': 0.6170212765957447, 'macro avg': {'precision': 0.30851063829787234, 'recall': 0.5, 'f1-score': 0.3815789473684211, 'support': 47.0}, 'weighted avg': {'precision': 0.3807152557718425, 'recall': 0.6170212765957447, 'f1-score': 0.4708846584546473, 'support': 47.0}}","[[ 0 18]
 [ 0 29]]"
219,20,128,8,0.5,0.001,64,3,3,0.3815789473684211,0.0,"{'0': {'precision': 0.0, 'recall': 0.0, 'f1-score': 0.0, 'support': 18.0}, '1': {'precision': 0.6170212765957447, 'recall': 1.0, 'f1-score': 0.7631578947368421, 'support': 29.0}, 'accuracy': 0.6170212765957447, 'macro avg': {'precision': 0.30851063829787234, 'recall': 0.5, 'f1-score': 0.3815789473684211, 'support': 47.0}, 'weighted avg': {'precision': 0.3807152557718425, 'recall': 0.6170212765957447, 'f1-score': 0.4708846584546473, 'support': 47.0}}","[[ 0 18]
 [ 0 29]]"
220,20,128,8,0.5,0.001,64,5,2,0.3815789473684211,0.0,"{'0': {'precision': 0.0, 'recall': 0.0, 'f1-score': 0.0, 'support': 18.0}, '1': {'precision': 0.6170212765957447, 'recall': 1.0, 'f1-score': 0.7631578947368421, 'support': 29.0}, 'accuracy': 0.6170212765957447, 'macro avg': {'precision': 0.30851063829787234, 'recall': 0.5, 'f1-score': 0.3815789473684211, 'support': 47.0}, 'weighted avg': {'precision': 0.3807152557718425, 'recall': 0.6170212765957447, 'f1-score': 0.4708846584546473, 'support': 47.0}}","[[ 0 18]
 [ 0 29]]"
221,20,128,8,0.5,0.001,64,5,3,0.43099273607748184,0.5,"{'0': {'precision': 0.4146341463414634, 'recall': 0.9444444444444444, 'f1-score': 0.576271186440678, 'support': 18.0}, '1': {'precision': 0.8333333333333334, 'recall': 0.1724137931034483, 'f1-score': 0.2857142857142857, 'support': 29.0}, 'accuracy': 0.46808510638297873, 'macro avg': {'precision': 0.6239837398373984, 'recall': 0.5584291187739463, 'f1-score': 0.43099273607748184, 'support': 47.0}, 'weighted avg': {'precision': 0.6729804532087874, 'recall': 0.46808510638297873, 'f1-score': 0.39699139663077637, 'support': 47.0}}","[[17  1]
 [24  5]]"
222,20,128,8,0.5,0.001,128,2,2,0.27692307692307694,0.5,"{'0': {'precision': 0.3829787234042553, 'recall': 1.0, 'f1-score': 0.5538461538461539, 'support': 18.0}, '1': {'precision': 0.0, 'recall': 0.0, 'f1-score': 0.0, 'support': 29.0}, 'accuracy': 0.3829787234042553, 'macro avg': {'precision': 0.19148936170212766, 'recall': 0.5, 'f1-score': 0.27692307692307694, 'support': 47.0}, 'weighted avg': {'precision': 0.1466727025803531, 'recall': 0.3829787234042553, 'f1-score': 0.21211129296235678, 'support': 47.0}}","[[18  0]
 [29  0]]"
223,20,128,8,0.5,0.001,128,2,3,0.27692307692307694,0.5,"{'0': {'precision': 0.3829787234042553, 'recall': 1.0, 'f1-score': 0.5538461538461539, 'support': 18.0}, '1': {'precision': 0.0, 'recall': 0.0, 'f1-score': 0.0, 'support': 29.0}, 'accuracy': 0.3829787234042553, 'macro avg': {'precision': 0.19148936170212766, 'recall': 0.5, 'f1-score': 0.27692307692307694, 'support': 47.0}, 'weighted avg': {'precision': 0.1466727025803531, 'recall': 0.3829787234042553, 'f1-score': 0.21211129296235678, 'support': 47.0}}","[[18  0]
 [29  0]]"
224,20,128,8,0.5,0.001,128,3,2,0.37333333333333335,0.5,"{'0': {'precision': 0.0, 'recall': 0.0, 'f1-score': 0.0, 'support': 18.0}, '1': {'precision': 0.6086956521739131, 'recall': 0.9655172413793104, 'f1-score': 0.7466666666666667, 'support': 29.0}, 'accuracy': 0.5957446808510638, 'macro avg': {'precision': 0.30434782608695654, 'recall': 0.4827586206896552, 'f1-score': 0.37333333333333335, 'support': 47.0}, 'weighted avg': {'precision': 0.37557816836262725, 'recall': 0.5957446808510638, 'f1-score': 0.4607092198581561, 'support': 47.0}}","[[ 0 18]
 [ 1 28]]"
225,20,128,8,0.5,0.001,128,3,3,0.3815789473684211,0.0,"{'0': {'precision': 0.0, 'recall': 0.0, 'f1-score': 0.0, 'support': 18.0}, '1': {'precision': 0.6170212765957447, 'recall': 1.0, 'f1-score': 0.7631578947368421, 'support': 29.0}, 'accuracy': 0.6170212765957447, 'macro avg': {'precision': 0.30851063829787234, 'recall': 0.5, 'f1-score': 0.3815789473684211, 'support': 47.0}, 'weighted avg': {'precision': 0.3807152557718425, 'recall': 0.6170212765957447, 'f1-score': 0.4708846584546473, 'support': 47.0}}","[[ 0 18]
 [ 0 29]]"
226,20,128,8,0.5,0.001,128,5,2,0.27692307692307694,0.5,"{'0': {'precision': 0.3829787234042553, 'recall': 1.0, 'f1-score': 0.5538461538461539, 'support': 18.0}, '1': {'precision': 0.0, 'recall': 0.0, 'f1-score': 0.0, 'support': 29.0}, 'accuracy': 0.3829787234042553, 'macro avg': {'precision': 0.19148936170212766, 'recall': 0.5, 'f1-score': 0.27692307692307694, 'support': 47.0}, 'weighted avg': {'precision': 0.1466727025803531, 'recall': 0.3829787234042553, 'f1-score': 0.21211129296235678, 'support': 47.0}}","[[18  0]
 [29  0]]"
227,20,128,8,0.5,0.001,128,5,3,0.27692307692307694,0.5,"{'0': {'precision': 0.3829787234042553, 'recall': 1.0, 'f1-score': 0.5538461538461539, 'support': 18.0}, '1': {'precision': 0.0, 'recall': 0.0, 'f1-score': 0.0, 'support': 29.0}, 'accuracy': 0.3829787234042553, 'macro avg': {'precision': 0.19148936170212766, 'recall': 0.5, 'f1-score': 0.27692307692307694, 'support': 47.0}, 'weighted avg': {'precision': 0.1466727025803531, 'recall': 0.3829787234042553, 'f1-score': 0.21211129296235678, 'support': 47.0}}","[[18  0]
 [29  0]]"
228,20,128,8,0.5,0.0005,64,2,2,0.4872727272727273,0.5,"{'0': {'precision': 0.40625, 'recall': 0.7222222222222222, 'f1-score': 0.52, 'support': 18.0}, '1': {'precision': 0.6666666666666666, 'recall': 0.3448275862068966, 'f1-score': 0.45454545454545453, 'support': 29.0}, 'accuracy': 0.48936170212765956, 'macro avg': {'precision': 0.5364583333333333, 'recall': 0.5335249042145593, 'f1-score': 0.4872727272727273, 'support': 47.0}, 'weighted avg': {'precision': 0.5669326241134751, 'recall': 0.48936170212765956, 'f1-score': 0.4796131528046421, 'support': 47.0}}","[[13  5]
 [19 10]]"
229,20,128,8,0.5,0.0005,64,2,3,0.27692307692307694,0.5,"{'0': {'precision': 0.3829787234042553, 'recall': 1.0, 'f1-score': 0.5538461538461539, 'support': 18.0}, '1': {'precision': 0.0, 'recall': 0.0, 'f1-score': 0.0, 'support': 29.0}, 'accuracy': 0.3829787234042553, 'macro avg': {'precision': 0.19148936170212766, 'recall': 0.5, 'f1-score': 0.27692307692307694, 'support': 47.0}, 'weighted avg': {'precision': 0.1466727025803531, 'recall': 0.3829787234042553, 'f1-score': 0.21211129296235678, 'support': 47.0}}","[[18  0]
 [29  0]]"
230,20,128,8,0.5,0.0005,64,3,2,0.3815789473684211,0.0,"{'0': {'precision': 0.0, 'recall': 0.0, 'f1-score': 0.0, 'support': 18.0}, '1': {'precision': 0.6170212765957447, 'recall': 1.0, 'f1-score': 0.7631578947368421, 'support': 29.0}, 'accuracy': 0.6170212765957447, 'macro avg': {'precision': 0.30851063829787234, 'recall': 0.5, 'f1-score': 0.3815789473684211, 'support': 47.0}, 'weighted avg': {'precision': 0.3807152557718425, 'recall': 0.6170212765957447, 'f1-score': 0.4708846584546473, 'support': 47.0}}","[[ 0 18]
 [ 0 29]]"
231,20,128,8,0.5,0.0005,64,3,3,0.3815789473684211,0.5,"{'0': {'precision': 0.0, 'recall': 0.0, 'f1-score': 0.0, 'support': 18.0}, '1': {'precision': 0.6170212765957447, 'recall': 1.0, 'f1-score': 0.7631578947368421, 'support': 29.0}, 'accuracy': 0.6170212765957447, 'macro avg': {'precision': 0.30851063829787234, 'recall': 0.5, 'f1-score': 0.3815789473684211, 'support': 47.0}, 'weighted avg': {'precision': 0.3807152557718425, 'recall': 0.6170212765957447, 'f1-score': 0.4708846584546473, 'support': 47.0}}","[[ 0 18]
 [ 0 29]]"
232,20,128,8,0.5,0.0005,64,5,2,0.27692307692307694,0.5,"{'0': {'precision': 0.3829787234042553, 'recall': 1.0, 'f1-score': 0.5538461538461539, 'support': 18.0}, '1': {'precision': 0.0, 'recall': 0.0, 'f1-score': 0.0, 'support': 29.0}, 'accuracy': 0.3829787234042553, 'macro avg': {'precision': 0.19148936170212766, 'recall': 0.5, 'f1-score': 0.27692307692307694, 'support': 47.0}, 'weighted avg': {'precision': 0.1466727025803531, 'recall': 0.3829787234042553, 'f1-score': 0.21211129296235678, 'support': 47.0}}","[[18  0]
 [29  0]]"
233,20,128,8,0.5,0.0005,64,5,3,0.27692307692307694,0.5,"{'0': {'precision': 0.3829787234042553, 'recall': 1.0, 'f1-score': 0.5538461538461539, 'support': 18.0}, '1': {'precision': 0.0, 'recall': 0.0, 'f1-score': 0.0, 'support': 29.0}, 'accuracy': 0.3829787234042553, 'macro avg': {'precision': 0.19148936170212766, 'recall': 0.5, 'f1-score': 0.27692307692307694, 'support': 47.0}, 'weighted avg': {'precision': 0.1466727025803531, 'recall': 0.3829787234042553, 'f1-score': 0.21211129296235678, 'support': 47.0}}","[[18  0]
 [29  0]]"
234,20,128,8,0.5,0.0005,128,2,2,0.3815789473684211,0.5,"{'0': {'precision': 0.0, 'recall': 0.0, 'f1-score': 0.0, 'support': 18.0}, '1': {'precision': 0.6170212765957447, 'recall': 1.0, 'f1-score': 0.7631578947368421, 'support': 29.0}, 'accuracy': 0.6170212765957447, 'macro avg': {'precision': 0.30851063829787234, 'recall': 0.5, 'f1-score': 0.3815789473684211, 'support': 47.0}, 'weighted avg': {'precision': 0.3807152557718425, 'recall': 0.6170212765957447, 'f1-score': 0.4708846584546473, 'support': 47.0}}","[[ 0 18]
 [ 0 29]]"
235,20,128,8,0.5,0.0005,128,2,3,0.3815789473684211,0.0,"{'0': {'precision': 0.0, 'recall': 0.0, 'f1-score': 0.0, 'support': 18.0}, '1': {'precision': 0.6170212765957447, 'recall': 1.0, 'f1-score': 0.7631578947368421, 'support': 29.0}, 'accuracy': 0.6170212765957447, 'macro avg': {'precision': 0.30851063829787234, 'recall': 0.5, 'f1-score': 0.3815789473684211, 'support': 47.0}, 'weighted avg': {'precision': 0.3807152557718425, 'recall': 0.6170212765957447, 'f1-score': 0.4708846584546473, 'support': 47.0}}","[[ 0 18]
 [ 0 29]]"
236,20,128,8,0.5,0.0005,128,3,2,0.3815789473684211,0.0,"{'0': {'precision': 0.0, 'recall': 0.0, 'f1-score': 0.0, 'support': 18.0}, '1': {'precision': 0.6170212765957447, 'recall': 1.0, 'f1-score': 0.7631578947368421, 'support': 29.0}, 'accuracy': 0.6170212765957447, 'macro avg': {'precision': 0.30851063829787234, 'recall': 0.5, 'f1-score': 0.3815789473684211, 'support': 47.0}, 'weighted avg': {'precision': 0.3807152557718425, 'recall': 0.6170212765957447, 'f1-score': 0.4708846584546473, 'support': 47.0}}","[[ 0 18]
 [ 0 29]]"
237,20,128,8,0.5,0.0005,128,3,3,0.3815789473684211,0.0,"{'0': {'precision': 0.0, 'recall': 0.0, 'f1-score': 0.0, 'support': 18.0}, '1': {'precision': 0.6170212765957447, 'recall': 1.0, 'f1-score': 0.7631578947368421, 'support': 29.0}, 'accuracy': 0.6170212765957447, 'macro avg': {'precision': 0.30851063829787234, 'recall': 0.5, 'f1-score': 0.3815789473684211, 'support': 47.0}, 'weighted avg': {'precision': 0.3807152557718425, 'recall': 0.6170212765957447, 'f1-score': 0.4708846584546473, 'support': 47.0}}","[[ 0 18]
 [ 0 29]]"
238,20,128,8,0.5,0.0005,128,5,2,0.36486486486486486,0.5,"{'0': {'precision': 0.0, 'recall': 0.0, 'f1-score': 0.0, 'support': 18.0}, '1': {'precision': 0.6, 'recall': 0.9310344827586207, 'f1-score': 0.7297297297297297, 'support': 29.0}, 'accuracy': 0.574468085106383, 'macro avg': {'precision': 0.3, 'recall': 0.46551724137931033, 'f1-score': 0.36486486486486486, 'support': 47.0}, 'weighted avg': {'precision': 0.3702127659574468, 'recall': 0.574468085106383, 'f1-score': 0.45025876940770554, 'support': 47.0}}","[[ 0 18]
 [ 2 27]]"
239,20,128,8,0.5,0.0005,128,5,3,0.3815789473684211,0.0,"{'0': {'precision': 0.0, 'recall': 0.0, 'f1-score': 0.0, 'support': 18.0}, '1': {'precision': 0.6170212765957447, 'recall': 1.0, 'f1-score': 0.7631578947368421, 'support': 29.0}, 'accuracy': 0.6170212765957447, 'macro avg': {'precision': 0.30851063829787234, 'recall': 0.5, 'f1-score': 0.3815789473684211, 'support': 47.0}, 'weighted avg': {'precision': 0.3807152557718425, 'recall': 0.6170212765957447, 'f1-score': 0.4708846584546473, 'support': 47.0}}","[[ 0 18]
 [ 0 29]]"
240,20,128,16,0.2,0.001,64,2,2,0.4522144522144522,0.5,"{'0': {'precision': 0.40540540540540543, 'recall': 0.8333333333333334, 'f1-score': 0.5454545454545454, 'support': 18.0}, '1': {'precision': 0.7, 'recall': 0.2413793103448276, 'f1-score': 0.358974358974359, 'support': 29.0}, 'accuracy': 0.46808510638297873, 'macro avg': {'precision': 0.5527027027027027, 'recall': 0.5373563218390804, 'f1-score': 0.4522144522144522, 'support': 47.0}, 'weighted avg': {'precision': 0.587176538240368, 'recall': 0.46808510638297873, 'f1-score': 0.43039230273272827, 'support': 47.0}}","[[15  3]
 [22  7]]"
241,20,128,16,0.2,0.001,64,2,3,0.5140977443609023,0.5,"{'0': {'precision': 0.4473684210526316, 'recall': 0.9444444444444444, 'f1-score': 0.6071428571428571, 'support': 18.0}, '1': {'precision': 0.8888888888888888, 'recall': 0.27586206896551724, 'f1-score': 0.42105263157894735, 'support': 29.0}, 'accuracy': 0.5319148936170213, 'macro avg': {'precision': 0.6681286549707602, 'recall': 0.6101532567049808, 'f1-score': 0.5140977443609023, 'support': 47.0}, 'weighted avg': {'precision': 0.7197959437601094, 'recall': 0.5319148936170213, 'f1-score': 0.4923212286034234, 'support': 47.0}}","[[17  1]
 [21  8]]"
242,20,128,16,0.2,0.001,64,3,2,0.27692307692307694,0.5,"{'0': {'precision': 0.3829787234042553, 'recall': 1.0, 'f1-score': 0.5538461538461539, 'support': 18.0}, '1': {'precision': 0.0, 'recall': 0.0, 'f1-score': 0.0, 'support': 29.0}, 'accuracy': 0.3829787234042553, 'macro avg': {'precision': 0.19148936170212766, 'recall': 0.5, 'f1-score': 0.27692307692307694, 'support': 47.0}, 'weighted avg': {'precision': 0.1466727025803531, 'recall': 0.3829787234042553, 'f1-score': 0.21211129296235678, 'support': 47.0}}","[[18  0]
 [29  0]]"
243,20,128,16,0.2,0.001,64,3,3,0.27692307692307694,0.5,"{'0': {'precision': 0.3829787234042553, 'recall': 1.0, 'f1-score': 0.5538461538461539, 'support': 18.0}, '1': {'precision': 0.0, 'recall': 0.0, 'f1-score': 0.0, 'support': 29.0}, 'accuracy': 0.3829787234042553, 'macro avg': {'precision': 0.19148936170212766, 'recall': 0.5, 'f1-score': 0.27692307692307694, 'support': 47.0}, 'weighted avg': {'precision': 0.1466727025803531, 'recall': 0.3829787234042553, 'f1-score': 0.21211129296235678, 'support': 47.0}}","[[18  0]
 [29  0]]"
244,20,128,16,0.2,0.001,64,5,2,0.33669354838709675,0.5,"{'0': {'precision': 0.38636363636363635, 'recall': 0.9444444444444444, 'f1-score': 0.5483870967741935, 'support': 18.0}, '1': {'precision': 0.6666666666666666, 'recall': 0.06896551724137931, 'f1-score': 0.125, 'support': 29.0}, 'accuracy': 0.40425531914893614, 'macro avg': {'precision': 0.5265151515151515, 'recall': 0.5067049808429118, 'f1-score': 0.33669354838709675, 'support': 47.0}, 'weighted avg': {'precision': 0.5593165699548678, 'recall': 0.40425531914893614, 'f1-score': 0.2871482498284145, 'support': 47.0}}","[[17  1]
 [27  2]]"
245,20,128,16,0.2,0.001,64,5,3,0.27692307692307694,0.5,"{'0': {'precision': 0.3829787234042553, 'recall': 1.0, 'f1-score': 0.5538461538461539, 'support': 18.0}, '1': {'precision': 0.0, 'recall': 0.0, 'f1-score': 0.0, 'support': 29.0}, 'accuracy': 0.3829787234042553, 'macro avg': {'precision': 0.19148936170212766, 'recall': 0.5, 'f1-score': 0.27692307692307694, 'support': 47.0}, 'weighted avg': {'precision': 0.1466727025803531, 'recall': 0.3829787234042553, 'f1-score': 0.21211129296235678, 'support': 47.0}}","[[18  0]
 [29  0]]"
246,20,128,16,0.2,0.001,128,2,2,0.3815789473684211,0.5,"{'0': {'precision': 0.0, 'recall': 0.0, 'f1-score': 0.0, 'support': 18.0}, '1': {'precision': 0.6170212765957447, 'recall': 1.0, 'f1-score': 0.7631578947368421, 'support': 29.0}, 'accuracy': 0.6170212765957447, 'macro avg': {'precision': 0.30851063829787234, 'recall': 0.5, 'f1-score': 0.3815789473684211, 'support': 47.0}, 'weighted avg': {'precision': 0.3807152557718425, 'recall': 0.6170212765957447, 'f1-score': 0.4708846584546473, 'support': 47.0}}","[[ 0 18]
 [ 0 29]]"
247,20,128,16,0.2,0.001,128,2,3,0.5140977443609023,0.5,"{'0': {'precision': 0.4473684210526316, 'recall': 0.9444444444444444, 'f1-score': 0.6071428571428571, 'support': 18.0}, '1': {'precision': 0.8888888888888888, 'recall': 0.27586206896551724, 'f1-score': 0.42105263157894735, 'support': 29.0}, 'accuracy': 0.5319148936170213, 'macro avg': {'precision': 0.6681286549707602, 'recall': 0.6101532567049808, 'f1-score': 0.5140977443609023, 'support': 47.0}, 'weighted avg': {'precision': 0.7197959437601094, 'recall': 0.5319148936170213, 'f1-score': 0.4923212286034234, 'support': 47.0}}","[[17  1]
 [21  8]]"
248,20,128,16,0.2,0.001,128,3,2,0.27692307692307694,0.5,"{'0': {'precision': 0.3829787234042553, 'recall': 1.0, 'f1-score': 0.5538461538461539, 'support': 18.0}, '1': {'precision': 0.0, 'recall': 0.0, 'f1-score': 0.0, 'support': 29.0}, 'accuracy': 0.3829787234042553, 'macro avg': {'precision': 0.19148936170212766, 'recall': 0.5, 'f1-score': 0.27692307692307694, 'support': 47.0}, 'weighted avg': {'precision': 0.1466727025803531, 'recall': 0.3829787234042553, 'f1-score': 0.21211129296235678, 'support': 47.0}}","[[18  0]
 [29  0]]"
249,20,128,16,0.2,0.001,128,3,3,0.3815789473684211,0.0,"{'0': {'precision': 0.0, 'recall': 0.0, 'f1-score': 0.0, 'support': 18.0}, '1': {'precision': 0.6170212765957447, 'recall': 1.0, 'f1-score': 0.7631578947368421, 'support': 29.0}, 'accuracy': 0.6170212765957447, 'macro avg': {'precision': 0.30851063829787234, 'recall': 0.5, 'f1-score': 0.3815789473684211, 'support': 47.0}, 'weighted avg': {'precision': 0.3807152557718425, 'recall': 0.6170212765957447, 'f1-score': 0.4708846584546473, 'support': 47.0}}","[[ 0 18]
 [ 0 29]]"
250,20,128,16,0.2,0.001,128,5,2,0.3088235294117647,0.5,"{'0': {'precision': 0.35714285714285715, 'recall': 0.8333333333333334, 'f1-score': 0.5, 'support': 18.0}, '1': {'precision': 0.4, 'recall': 0.06896551724137931, 'f1-score': 0.11764705882352941, 'support': 29.0}, 'accuracy': 0.3617021276595745, 'macro avg': {'precision': 0.37857142857142856, 'recall': 0.45114942528735635, 'f1-score': 0.3088235294117647, 'support': 47.0}, 'weighted avg': {'precision': 0.3835866261398177, 'recall': 0.3617021276595745, 'f1-score': 0.2640801001251564, 'support': 47.0}}","[[15  3]
 [27  2]]"
251,20,128,16,0.2,0.001,128,5,3,0.27692307692307694,0.5,"{'0': {'precision': 0.3829787234042553, 'recall': 1.0, 'f1-score': 0.5538461538461539, 'support': 18.0}, '1': {'precision': 0.0, 'recall': 0.0, 'f1-score': 0.0, 'support': 29.0}, 'accuracy': 0.3829787234042553, 'macro avg': {'precision': 0.19148936170212766, 'recall': 0.5, 'f1-score': 0.27692307692307694, 'support': 47.0}, 'weighted avg': {'precision': 0.1466727025803531, 'recall': 0.3829787234042553, 'f1-score': 0.21211129296235678, 'support': 47.0}}","[[18  0]
 [29  0]]"
252,20,128,16,0.2,0.0005,64,2,2,0.27692307692307694,0.5,"{'0': {'precision': 0.3829787234042553, 'recall': 1.0, 'f1-score': 0.5538461538461539, 'support': 18.0}, '1': {'precision': 0.0, 'recall': 0.0, 'f1-score': 0.0, 'support': 29.0}, 'accuracy': 0.3829787234042553, 'macro avg': {'precision': 0.19148936170212766, 'recall': 0.5, 'f1-score': 0.27692307692307694, 'support': 47.0}, 'weighted avg': {'precision': 0.1466727025803531, 'recall': 0.3829787234042553, 'f1-score': 0.21211129296235678, 'support': 47.0}}","[[18  0]
 [29  0]]"
253,20,128,16,0.2,0.0005,64,2,3,0.3815789473684211,0.5,"{'0': {'precision': 0.0, 'recall': 0.0, 'f1-score': 0.0, 'support': 18.0}, '1': {'precision': 0.6170212765957447, 'recall': 1.0, 'f1-score': 0.7631578947368421, 'support': 29.0}, 'accuracy': 0.6170212765957447, 'macro avg': {'precision': 0.30851063829787234, 'recall': 0.5, 'f1-score': 0.3815789473684211, 'support': 47.0}, 'weighted avg': {'precision': 0.3807152557718425, 'recall': 0.6170212765957447, 'f1-score': 0.4708846584546473, 'support': 47.0}}","[[ 0 18]
 [ 0 29]]"
254,20,128,16,0.2,0.0005,64,3,2,0.3815789473684211,0.0,"{'0': {'precision': 0.0, 'recall': 0.0, 'f1-score': 0.0, 'support': 18.0}, '1': {'precision': 0.6170212765957447, 'recall': 1.0, 'f1-score': 0.7631578947368421, 'support': 29.0}, 'accuracy': 0.6170212765957447, 'macro avg': {'precision': 0.30851063829787234, 'recall': 0.5, 'f1-score': 0.3815789473684211, 'support': 47.0}, 'weighted avg': {'precision': 0.3807152557718425, 'recall': 0.6170212765957447, 'f1-score': 0.4708846584546473, 'support': 47.0}}","[[ 0 18]
 [ 0 29]]"
255,20,128,16,0.2,0.0005,64,3,3,0.27692307692307694,0.5,"{'0': {'precision': 0.3829787234042553, 'recall': 1.0, 'f1-score': 0.5538461538461539, 'support': 18.0}, '1': {'precision': 0.0, 'recall': 0.0, 'f1-score': 0.0, 'support': 29.0}, 'accuracy': 0.3829787234042553, 'macro avg': {'precision': 0.19148936170212766, 'recall': 0.5, 'f1-score': 0.27692307692307694, 'support': 47.0}, 'weighted avg': {'precision': 0.1466727025803531, 'recall': 0.3829787234042553, 'f1-score': 0.21211129296235678, 'support': 47.0}}","[[18  0]
 [29  0]]"
256,20,128,16,0.2,0.0005,64,5,2,0.3815789473684211,0.5,"{'0': {'precision': 0.0, 'recall': 0.0, 'f1-score': 0.0, 'support': 18.0}, '1': {'precision': 0.6170212765957447, 'recall': 1.0, 'f1-score': 0.7631578947368421, 'support': 29.0}, 'accuracy': 0.6170212765957447, 'macro avg': {'precision': 0.30851063829787234, 'recall': 0.5, 'f1-score': 0.3815789473684211, 'support': 47.0}, 'weighted avg': {'precision': 0.3807152557718425, 'recall': 0.6170212765957447, 'f1-score': 0.4708846584546473, 'support': 47.0}}","[[ 0 18]
 [ 0 29]]"
257,20,128,16,0.2,0.0005,64,5,3,0.3815789473684211,0.5,"{'0': {'precision': 0.0, 'recall': 0.0, 'f1-score': 0.0, 'support': 18.0}, '1': {'precision': 0.6170212765957447, 'recall': 1.0, 'f1-score': 0.7631578947368421, 'support': 29.0}, 'accuracy': 0.6170212765957447, 'macro avg': {'precision': 0.30851063829787234, 'recall': 0.5, 'f1-score': 0.3815789473684211, 'support': 47.0}, 'weighted avg': {'precision': 0.3807152557718425, 'recall': 0.6170212765957447, 'f1-score': 0.4708846584546473, 'support': 47.0}}","[[ 0 18]
 [ 0 29]]"
258,20,128,16,0.2,0.0005,128,2,2,0.27692307692307694,0.5,"{'0': {'precision': 0.3829787234042553, 'recall': 1.0, 'f1-score': 0.5538461538461539, 'support': 18.0}, '1': {'precision': 0.0, 'recall': 0.0, 'f1-score': 0.0, 'support': 29.0}, 'accuracy': 0.3829787234042553, 'macro avg': {'precision': 0.19148936170212766, 'recall': 0.5, 'f1-score': 0.27692307692307694, 'support': 47.0}, 'weighted avg': {'precision': 0.1466727025803531, 'recall': 0.3829787234042553, 'f1-score': 0.21211129296235678, 'support': 47.0}}","[[18  0]
 [29  0]]"
259,20,128,16,0.2,0.0005,128,2,3,0.5523809523809524,0.5,"{'0': {'precision': 0.45161290322580644, 'recall': 0.7777777777777778, 'f1-score': 0.5714285714285714, 'support': 18.0}, '1': {'precision': 0.75, 'recall': 0.41379310344827586, 'f1-score': 0.5333333333333333, 'support': 29.0}, 'accuracy': 0.5531914893617021, 'macro avg': {'precision': 0.6008064516129032, 'recall': 0.5957854406130269, 'f1-score': 0.5523809523809524, 'support': 47.0}, 'weighted avg': {'precision': 0.6357240905971173, 'recall': 0.5531914893617021, 'f1-score': 0.5479229989868288, 'support': 47.0}}","[[14  4]
 [17 12]]"
260,20,128,16,0.2,0.0005,128,3,2,0.5140977443609023,0.5,"{'0': {'precision': 0.4473684210526316, 'recall': 0.9444444444444444, 'f1-score': 0.6071428571428571, 'support': 18.0}, '1': {'precision': 0.8888888888888888, 'recall': 0.27586206896551724, 'f1-score': 0.42105263157894735, 'support': 29.0}, 'accuracy': 0.5319148936170213, 'macro avg': {'precision': 0.6681286549707602, 'recall': 0.6101532567049808, 'f1-score': 0.5140977443609023, 'support': 47.0}, 'weighted avg': {'precision': 0.7197959437601094, 'recall': 0.5319148936170213, 'f1-score': 0.4923212286034234, 'support': 47.0}}","[[17  1]
 [21  8]]"
261,20,128,16,0.2,0.0005,128,3,3,0.3020993343573989,0.5,"{'0': {'precision': 0.37777777777777777, 'recall': 0.9444444444444444, 'f1-score': 0.5396825396825397, 'support': 18.0}, '1': {'precision': 0.5, 'recall': 0.034482758620689655, 'f1-score': 0.06451612903225806, 'support': 29.0}, 'accuracy': 0.3829787234042553, 'macro avg': {'precision': 0.4388888888888889, 'recall': 0.489463601532567, 'f1-score': 0.3020993343573989, 'support': 47.0}, 'weighted avg': {'precision': 0.4531914893617021, 'recall': 0.3829787234042553, 'f1-score': 0.24649475438768506, 'support': 47.0}}","[[17  1]
 [28  1]]"
262,20,128,16,0.2,0.0005,128,5,2,0.3840725806451613,0.5,"{'0': {'precision': 0.4090909090909091, 'recall': 1.0, 'f1-score': 0.5806451612903226, 'support': 18.0}, '1': {'precision': 1.0, 'recall': 0.10344827586206896, 'f1-score': 0.1875, 'support': 29.0}, 'accuracy': 0.44680851063829785, 'macro avg': {'precision': 0.7045454545454546, 'recall': 0.5517241379310345, 'f1-score': 0.3840725806451613, 'support': 47.0}, 'weighted avg': {'precision': 0.7736943907156674, 'recall': 0.44680851063829785, 'f1-score': 0.3380662319835278, 'support': 47.0}}","[[18  0]
 [26  3]]"
263,20,128,16,0.2,0.0005,128,5,3,0.3815789473684211,0.0,"{'0': {'precision': 0.0, 'recall': 0.0, 'f1-score': 0.0, 'support': 18.0}, '1': {'precision': 0.6170212765957447, 'recall': 1.0, 'f1-score': 0.7631578947368421, 'support': 29.0}, 'accuracy': 0.6170212765957447, 'macro avg': {'precision': 0.30851063829787234, 'recall': 0.5, 'f1-score': 0.3815789473684211, 'support': 47.0}, 'weighted avg': {'precision': 0.3807152557718425, 'recall': 0.6170212765957447, 'f1-score': 0.4708846584546473, 'support': 47.0}}","[[ 0 18]
 [ 0 29]]"
264,20,128,16,0.5,0.001,64,2,2,0.37333333333333335,0.5,"{'0': {'precision': 0.0, 'recall': 0.0, 'f1-score': 0.0, 'support': 18.0}, '1': {'precision': 0.6086956521739131, 'recall': 0.9655172413793104, 'f1-score': 0.7466666666666667, 'support': 29.0}, 'accuracy': 0.5957446808510638, 'macro avg': {'precision': 0.30434782608695654, 'recall': 0.4827586206896552, 'f1-score': 0.37333333333333335, 'support': 47.0}, 'weighted avg': {'precision': 0.37557816836262725, 'recall': 0.5957446808510638, 'f1-score': 0.4607092198581561, 'support': 47.0}}","[[ 0 18]
 [ 1 28]]"
265,20,128,16,0.5,0.001,64,2,3,0.5262599469496021,0.5,"{'0': {'precision': 0.45454545454545453, 'recall': 0.2777777777777778, 'f1-score': 0.3448275862068966, 'support': 18.0}, '1': {'precision': 0.6388888888888888, 'recall': 0.7931034482758621, 'f1-score': 0.7076923076923077, 'support': 29.0}, 'accuracy': 0.5957446808510638, 'macro avg': {'precision': 0.5467171717171717, 'recall': 0.5354406130268199, 'f1-score': 0.5262599469496021, 'support': 47.0}, 'weighted avg': {'precision': 0.5682892757360842, 'recall': 0.5957446808510638, 'f1-score': 0.5687228398893843, 'support': 47.0}}","[[ 5 13]
 [ 6 23]]"
266,20,128,16,0.5,0.001,64,3,2,0.3840725806451613,0.5,"{'0': {'precision': 0.4090909090909091, 'recall': 1.0, 'f1-score': 0.5806451612903226, 'support': 18.0}, '1': {'precision': 1.0, 'recall': 0.10344827586206896, 'f1-score': 0.1875, 'support': 29.0}, 'accuracy': 0.44680851063829785, 'macro avg': {'precision': 0.7045454545454546, 'recall': 0.5517241379310345, 'f1-score': 0.3840725806451613, 'support': 47.0}, 'weighted avg': {'precision': 0.7736943907156674, 'recall': 0.44680851063829785, 'f1-score': 0.3380662319835278, 'support': 47.0}}","[[18  0]
 [26  3]]"
267,20,128,16,0.5,0.001,64,3,3,0.27692307692307694,0.5,"{'0': {'precision': 0.3829787234042553, 'recall': 1.0, 'f1-score': 0.5538461538461539, 'support': 18.0}, '1': {'precision': 0.0, 'recall': 0.0, 'f1-score': 0.0, 'support': 29.0}, 'accuracy': 0.3829787234042553, 'macro avg': {'precision': 0.19148936170212766, 'recall': 0.5, 'f1-score': 0.27692307692307694, 'support': 47.0}, 'weighted avg': {'precision': 0.1466727025803531, 'recall': 0.3829787234042553, 'f1-score': 0.21211129296235678, 'support': 47.0}}","[[18  0]
 [29  0]]"
268,20,128,16,0.5,0.001,64,5,2,0.27692307692307694,0.5,"{'0': {'precision': 0.3829787234042553, 'recall': 1.0, 'f1-score': 0.5538461538461539, 'support': 18.0}, '1': {'precision': 0.0, 'recall': 0.0, 'f1-score': 0.0, 'support': 29.0}, 'accuracy': 0.3829787234042553, 'macro avg': {'precision': 0.19148936170212766, 'recall': 0.5, 'f1-score': 0.27692307692307694, 'support': 47.0}, 'weighted avg': {'precision': 0.1466727025803531, 'recall': 0.3829787234042553, 'f1-score': 0.21211129296235678, 'support': 47.0}}","[[18  0]
 [29  0]]"
269,20,128,16,0.5,0.001,64,5,3,0.33995157384987895,0.5,"{'0': {'precision': 0.36585365853658536, 'recall': 0.8333333333333334, 'f1-score': 0.5084745762711864, 'support': 18.0}, '1': {'precision': 0.5, 'recall': 0.10344827586206896, 'f1-score': 0.17142857142857143, 'support': 29.0}, 'accuracy': 0.3829787234042553, 'macro avg': {'precision': 0.4329268292682927, 'recall': 0.46839080459770116, 'f1-score': 0.33995157384987895, 'support': 47.0}, 'weighted avg': {'precision': 0.4486248053969902, 'recall': 0.3829787234042553, 'f1-score': 0.3005100200917006, 'support': 47.0}}","[[15  3]
 [26  3]]"
270,20,128,16,0.5,0.001,128,2,2,0.27692307692307694,0.5,"{'0': {'precision': 0.3829787234042553, 'recall': 1.0, 'f1-score': 0.5538461538461539, 'support': 18.0}, '1': {'precision': 0.0, 'recall': 0.0, 'f1-score': 0.0, 'support': 29.0}, 'accuracy': 0.3829787234042553, 'macro avg': {'precision': 0.19148936170212766, 'recall': 0.5, 'f1-score': 0.27692307692307694, 'support': 47.0}, 'weighted avg': {'precision': 0.1466727025803531, 'recall': 0.3829787234042553, 'f1-score': 0.21211129296235678, 'support': 47.0}}","[[18  0]
 [29  0]]"
271,20,128,16,0.5,0.001,128,2,3,0.27692307692307694,0.5,"{'0': {'precision': 0.3829787234042553, 'recall': 1.0, 'f1-score': 0.5538461538461539, 'support': 18.0}, '1': {'precision': 0.0, 'recall': 0.0, 'f1-score': 0.0, 'support': 29.0}, 'accuracy': 0.3829787234042553, 'macro avg': {'precision': 0.19148936170212766, 'recall': 0.5, 'f1-score': 0.27692307692307694, 'support': 47.0}, 'weighted avg': {'precision': 0.1466727025803531, 'recall': 0.3829787234042553, 'f1-score': 0.21211129296235678, 'support': 47.0}}","[[18  0]
 [29  0]]"
272,20,128,16,0.5,0.001,128,3,2,0.3815789473684211,0.0,"{'0': {'precision': 0.0, 'recall': 0.0, 'f1-score': 0.0, 'support': 18.0}, '1': {'precision': 0.6170212765957447, 'recall': 1.0, 'f1-score': 0.7631578947368421, 'support': 29.0}, 'accuracy': 0.6170212765957447, 'macro avg': {'precision': 0.30851063829787234, 'recall': 0.5, 'f1-score': 0.3815789473684211, 'support': 47.0}, 'weighted avg': {'precision': 0.3807152557718425, 'recall': 0.6170212765957447, 'f1-score': 0.4708846584546473, 'support': 47.0}}","[[ 0 18]
 [ 0 29]]"
273,20,128,16,0.5,0.001,128,3,3,0.4283783783783784,0.5,"{'0': {'precision': 0.5, 'recall': 0.05555555555555555, 'f1-score': 0.1, 'support': 18.0}, '1': {'precision': 0.6222222222222222, 'recall': 0.9655172413793104, 'f1-score': 0.7567567567567568, 'support': 29.0}, 'accuracy': 0.6170212765957447, 'macro avg': {'precision': 0.5611111111111111, 'recall': 0.5105363984674329, 'f1-score': 0.4283783783783784, 'support': 47.0}, 'weighted avg': {'precision': 0.5754137115839243, 'recall': 0.6170212765957447, 'f1-score': 0.505232892466935, 'support': 47.0}}","[[ 1 17]
 [ 1 28]]"
274,20,128,16,0.5,0.001,128,5,2,0.3815789473684211,0.0,"{'0': {'precision': 0.0, 'recall': 0.0, 'f1-score': 0.0, 'support': 18.0}, '1': {'precision': 0.6170212765957447, 'recall': 1.0, 'f1-score': 0.7631578947368421, 'support': 29.0}, 'accuracy': 0.6170212765957447, 'macro avg': {'precision': 0.30851063829787234, 'recall': 0.5, 'f1-score': 0.3815789473684211, 'support': 47.0}, 'weighted avg': {'precision': 0.3807152557718425, 'recall': 0.6170212765957447, 'f1-score': 0.4708846584546473, 'support': 47.0}}","[[ 0 18]
 [ 0 29]]"
275,20,128,16,0.5,0.001,128,5,3,0.3815789473684211,0.5,"{'0': {'precision': 0.0, 'recall': 0.0, 'f1-score': 0.0, 'support': 18.0}, '1': {'precision': 0.6170212765957447, 'recall': 1.0, 'f1-score': 0.7631578947368421, 'support': 29.0}, 'accuracy': 0.6170212765957447, 'macro avg': {'precision': 0.30851063829787234, 'recall': 0.5, 'f1-score': 0.3815789473684211, 'support': 47.0}, 'weighted avg': {'precision': 0.3807152557718425, 'recall': 0.6170212765957447, 'f1-score': 0.4708846584546473, 'support': 47.0}}","[[ 0 18]
 [ 0 29]]"
276,20,128,16,0.5,0.0005,64,2,2,0.3815789473684211,0.5,"{'0': {'precision': 0.0, 'recall': 0.0, 'f1-score': 0.0, 'support': 18.0}, '1': {'precision': 0.6170212765957447, 'recall': 1.0, 'f1-score': 0.7631578947368421, 'support': 29.0}, 'accuracy': 0.6170212765957447, 'macro avg': {'precision': 0.30851063829787234, 'recall': 0.5, 'f1-score': 0.3815789473684211, 'support': 47.0}, 'weighted avg': {'precision': 0.3807152557718425, 'recall': 0.6170212765957447, 'f1-score': 0.4708846584546473, 'support': 47.0}}","[[ 0 18]
 [ 0 29]]"
277,20,128,16,0.5,0.0005,64,2,3,0.3815789473684211,0.0,"{'0': {'precision': 0.0, 'recall': 0.0, 'f1-score': 0.0, 'support': 18.0}, '1': {'precision': 0.6170212765957447, 'recall': 1.0, 'f1-score': 0.7631578947368421, 'support': 29.0}, 'accuracy': 0.6170212765957447, 'macro avg': {'precision': 0.30851063829787234, 'recall': 0.5, 'f1-score': 0.3815789473684211, 'support': 47.0}, 'weighted avg': {'precision': 0.3807152557718425, 'recall': 0.6170212765957447, 'f1-score': 0.4708846584546473, 'support': 47.0}}","[[ 0 18]
 [ 0 29]]"
278,20,128,16,0.5,0.0005,64,3,2,0.27692307692307694,0.5,"{'0': {'precision': 0.3829787234042553, 'recall': 1.0, 'f1-score': 0.5538461538461539, 'support': 18.0}, '1': {'precision': 0.0, 'recall': 0.0, 'f1-score': 0.0, 'support': 29.0}, 'accuracy': 0.3829787234042553, 'macro avg': {'precision': 0.19148936170212766, 'recall': 0.5, 'f1-score': 0.27692307692307694, 'support': 47.0}, 'weighted avg': {'precision': 0.1466727025803531, 'recall': 0.3829787234042553, 'f1-score': 0.21211129296235678, 'support': 47.0}}","[[18  0]
 [29  0]]"
279,20,128,16,0.5,0.0005,64,3,3,0.3815789473684211,0.0,"{'0': {'precision': 0.0, 'recall': 0.0, 'f1-score': 0.0, 'support': 18.0}, '1': {'precision': 0.6170212765957447, 'recall': 1.0, 'f1-score': 0.7631578947368421, 'support': 29.0}, 'accuracy': 0.6170212765957447, 'macro avg': {'precision': 0.30851063829787234, 'recall': 0.5, 'f1-score': 0.3815789473684211, 'support': 47.0}, 'weighted avg': {'precision': 0.3807152557718425, 'recall': 0.6170212765957447, 'f1-score': 0.4708846584546473, 'support': 47.0}}","[[ 0 18]
 [ 0 29]]"
280,20,128,16,0.5,0.0005,64,5,2,0.27692307692307694,0.5,"{'0': {'precision': 0.3829787234042553, 'recall': 1.0, 'f1-score': 0.5538461538461539, 'support': 18.0}, '1': {'precision': 0.0, 'recall': 0.0, 'f1-score': 0.0, 'support': 29.0}, 'accuracy': 0.3829787234042553, 'macro avg': {'precision': 0.19148936170212766, 'recall': 0.5, 'f1-score': 0.27692307692307694, 'support': 47.0}, 'weighted avg': {'precision': 0.1466727025803531, 'recall': 0.3829787234042553, 'f1-score': 0.21211129296235678, 'support': 47.0}}","[[18  0]
 [29  0]]"
281,20,128,16,0.5,0.0005,64,5,3,0.27692307692307694,0.5,"{'0': {'precision': 0.3829787234042553, 'recall': 1.0, 'f1-score': 0.5538461538461539, 'support': 18.0}, '1': {'precision': 0.0, 'recall': 0.0, 'f1-score': 0.0, 'support': 29.0}, 'accuracy': 0.3829787234042553, 'macro avg': {'precision': 0.19148936170212766, 'recall': 0.5, 'f1-score': 0.27692307692307694, 'support': 47.0}, 'weighted avg': {'precision': 0.1466727025803531, 'recall': 0.3829787234042553, 'f1-score': 0.21211129296235678, 'support': 47.0}}","[[18  0]
 [29  0]]"
282,20,128,16,0.5,0.0005,128,2,2,0.3815789473684211,0.0,"{'0': {'precision': 0.0, 'recall': 0.0, 'f1-score': 0.0, 'support': 18.0}, '1': {'precision': 0.6170212765957447, 'recall': 1.0, 'f1-score': 0.7631578947368421, 'support': 29.0}, 'accuracy': 0.6170212765957447, 'macro avg': {'precision': 0.30851063829787234, 'recall': 0.5, 'f1-score': 0.3815789473684211, 'support': 47.0}, 'weighted avg': {'precision': 0.3807152557718425, 'recall': 0.6170212765957447, 'f1-score': 0.4708846584546473, 'support': 47.0}}","[[ 0 18]
 [ 0 29]]"
283,20,128,16,0.5,0.0005,128,2,3,0.3815789473684211,0.0,"{'0': {'precision': 0.0, 'recall': 0.0, 'f1-score': 0.0, 'support': 18.0}, '1': {'precision': 0.6170212765957447, 'recall': 1.0, 'f1-score': 0.7631578947368421, 'support': 29.0}, 'accuracy': 0.6170212765957447, 'macro avg': {'precision': 0.30851063829787234, 'recall': 0.5, 'f1-score': 0.3815789473684211, 'support': 47.0}, 'weighted avg': {'precision': 0.3807152557718425, 'recall': 0.6170212765957447, 'f1-score': 0.4708846584546473, 'support': 47.0}}","[[ 0 18]
 [ 0 29]]"
284,20,128,16,0.5,0.0005,128,3,2,0.38961038961038963,0.5,"{'0': {'precision': 0.2, 'recall': 0.1111111111111111, 'f1-score': 0.14285714285714285, 'support': 18.0}, '1': {'precision': 0.5675675675675675, 'recall': 0.7241379310344828, 'f1-score': 0.6363636363636364, 'support': 29.0}, 'accuracy': 0.48936170212765956, 'macro avg': {'precision': 0.38378378378378375, 'recall': 0.4176245210727969, 'f1-score': 0.38961038961038963, 'support': 47.0}, 'weighted avg': {'precision': 0.4267970097757332, 'recall': 0.48936170212765956, 'f1-score': 0.447361149488809, 'support': 47.0}}","[[ 2 16]
 [ 8 21]]"
285,20,128,16,0.5,0.0005,128,3,3,0.27692307692307694,0.5,"{'0': {'precision': 0.3829787234042553, 'recall': 1.0, 'f1-score': 0.5538461538461539, 'support': 18.0}, '1': {'precision': 0.0, 'recall': 0.0, 'f1-score': 0.0, 'support': 29.0}, 'accuracy': 0.3829787234042553, 'macro avg': {'precision': 0.19148936170212766, 'recall': 0.5, 'f1-score': 0.27692307692307694, 'support': 47.0}, 'weighted avg': {'precision': 0.1466727025803531, 'recall': 0.3829787234042553, 'f1-score': 0.21211129296235678, 'support': 47.0}}","[[18  0]
 [29  0]]"
286,20,128,16,0.5,0.0005,128,5,2,0.27692307692307694,0.5,"{'0': {'precision': 0.3829787234042553, 'recall': 1.0, 'f1-score': 0.5538461538461539, 'support': 18.0}, '1': {'precision': 0.0, 'recall': 0.0, 'f1-score': 0.0, 'support': 29.0}, 'accuracy': 0.3829787234042553, 'macro avg': {'precision': 0.19148936170212766, 'recall': 0.5, 'f1-score': 0.27692307692307694, 'support': 47.0}, 'weighted avg': {'precision': 0.1466727025803531, 'recall': 0.3829787234042553, 'f1-score': 0.21211129296235678, 'support': 47.0}}","[[18  0]
 [29  0]]"
287,20,128,16,0.5,0.0005,128,5,3,0.3815789473684211,0.5,"{'0': {'precision': 0.0, 'recall': 0.0, 'f1-score': 0.0, 'support': 18.0}, '1': {'precision': 0.6170212765957447, 'recall': 1.0, 'f1-score': 0.7631578947368421, 'support': 29.0}, 'accuracy': 0.6170212765957447, 'macro avg': {'precision': 0.30851063829787234, 'recall': 0.5, 'f1-score': 0.3815789473684211, 'support': 47.0}, 'weighted avg': {'precision': 0.3807152557718425, 'recall': 0.6170212765957447, 'f1-score': 0.4708846584546473, 'support': 47.0}}","[[ 0 18]
 [ 0 29]]"
288,20,64,8,0.2,0.001,64,2,2,0.36486486486486486,0.5,"{'0': {'precision': 0.0, 'recall': 0.0, 'f1-score': 0.0, 'support': 18.0}, '1': {'precision': 0.6, 'recall': 0.9310344827586207, 'f1-score': 0.7297297297297297, 'support': 29.0}, 'accuracy': 0.574468085106383, 'macro avg': {'precision': 0.3, 'recall': 0.46551724137931033, 'f1-score': 0.36486486486486486, 'support': 47.0}, 'weighted avg': {'precision': 0.3702127659574468, 'recall': 0.574468085106383, 'f1-score': 0.45025876940770554, 'support': 47.0}}","[[ 0 18]
 [ 2 27]]"
289,20,64,8,0.2,0.001,64,2,3,0.3815789473684211,0.0,"{'0': {'precision': 0.0, 'recall': 0.0, 'f1-score': 0.0, 'support': 18.0}, '1': {'precision': 0.6170212765957447, 'recall': 1.0, 'f1-score': 0.7631578947368421, 'support': 29.0}, 'accuracy': 0.6170212765957447, 'macro avg': {'precision': 0.30851063829787234, 'recall': 0.5, 'f1-score': 0.3815789473684211, 'support': 47.0}, 'weighted avg': {'precision': 0.3807152557718425, 'recall': 0.6170212765957447, 'f1-score': 0.4708846584546473, 'support': 47.0}}","[[ 0 18]
 [ 0 29]]"
290,20,64,8,0.2,0.001,64,3,2,0.27692307692307694,0.5,"{'0': {'precision': 0.3829787234042553, 'recall': 1.0, 'f1-score': 0.5538461538461539, 'support': 18.0}, '1': {'precision': 0.0, 'recall': 0.0, 'f1-score': 0.0, 'support': 29.0}, 'accuracy': 0.3829787234042553, 'macro avg': {'precision': 0.19148936170212766, 'recall': 0.5, 'f1-score': 0.27692307692307694, 'support': 47.0}, 'weighted avg': {'precision': 0.1466727025803531, 'recall': 0.3829787234042553, 'f1-score': 0.21211129296235678, 'support': 47.0}}","[[18  0]
 [29  0]]"
291,20,64,8,0.2,0.001,64,3,3,0.27692307692307694,0.5,"{'0': {'precision': 0.3829787234042553, 'recall': 1.0, 'f1-score': 0.5538461538461539, 'support': 18.0}, '1': {'precision': 0.0, 'recall': 0.0, 'f1-score': 0.0, 'support': 29.0}, 'accuracy': 0.3829787234042553, 'macro avg': {'precision': 0.19148936170212766, 'recall': 0.5, 'f1-score': 0.27692307692307694, 'support': 47.0}, 'weighted avg': {'precision': 0.1466727025803531, 'recall': 0.3829787234042553, 'f1-score': 0.21211129296235678, 'support': 47.0}}","[[18  0]
 [29  0]]"
292,20,64,8,0.2,0.001,64,5,2,0.3815789473684211,0.0,"{'0': {'precision': 0.0, 'recall': 0.0, 'f1-score': 0.0, 'support': 18.0}, '1': {'precision': 0.6170212765957447, 'recall': 1.0, 'f1-score': 0.7631578947368421, 'support': 29.0}, 'accuracy': 0.6170212765957447, 'macro avg': {'precision': 0.30851063829787234, 'recall': 0.5, 'f1-score': 0.3815789473684211, 'support': 47.0}, 'weighted avg': {'precision': 0.3807152557718425, 'recall': 0.6170212765957447, 'f1-score': 0.4708846584546473, 'support': 47.0}}","[[ 0 18]
 [ 0 29]]"
293,20,64,8,0.2,0.001,64,5,3,0.3815789473684211,0.0,"{'0': {'precision': 0.0, 'recall': 0.0, 'f1-score': 0.0, 'support': 18.0}, '1': {'precision': 0.6170212765957447, 'recall': 1.0, 'f1-score': 0.7631578947368421, 'support': 29.0}, 'accuracy': 0.6170212765957447, 'macro avg': {'precision': 0.30851063829787234, 'recall': 0.5, 'f1-score': 0.3815789473684211, 'support': 47.0}, 'weighted avg': {'precision': 0.3807152557718425, 'recall': 0.6170212765957447, 'f1-score': 0.4708846584546473, 'support': 47.0}}","[[ 0 18]
 [ 0 29]]"
294,20,64,8,0.2,0.001,128,2,2,0.3815789473684211,0.0,"{'0': {'precision': 0.0, 'recall': 0.0, 'f1-score': 0.0, 'support': 18.0}, '1': {'precision': 0.6170212765957447, 'recall': 1.0, 'f1-score': 0.7631578947368421, 'support': 29.0}, 'accuracy': 0.6170212765957447, 'macro avg': {'precision': 0.30851063829787234, 'recall': 0.5, 'f1-score': 0.3815789473684211, 'support': 47.0}, 'weighted avg': {'precision': 0.3807152557718425, 'recall': 0.6170212765957447, 'f1-score': 0.4708846584546473, 'support': 47.0}}","[[ 0 18]
 [ 0 29]]"
295,20,64,8,0.2,0.001,128,2,3,0.27692307692307694,0.5,"{'0': {'precision': 0.3829787234042553, 'recall': 1.0, 'f1-score': 0.5538461538461539, 'support': 18.0}, '1': {'precision': 0.0, 'recall': 0.0, 'f1-score': 0.0, 'support': 29.0}, 'accuracy': 0.3829787234042553, 'macro avg': {'precision': 0.19148936170212766, 'recall': 0.5, 'f1-score': 0.27692307692307694, 'support': 47.0}, 'weighted avg': {'precision': 0.1466727025803531, 'recall': 0.3829787234042553, 'f1-score': 0.21211129296235678, 'support': 47.0}}","[[18  0]
 [29  0]]"
296,20,64,8,0.2,0.001,128,3,2,0.3815789473684211,0.0,"{'0': {'precision': 0.0, 'recall': 0.0, 'f1-score': 0.0, 'support': 18.0}, '1': {'precision': 0.6170212765957447, 'recall': 1.0, 'f1-score': 0.7631578947368421, 'support': 29.0}, 'accuracy': 0.6170212765957447, 'macro avg': {'precision': 0.30851063829787234, 'recall': 0.5, 'f1-score': 0.3815789473684211, 'support': 47.0}, 'weighted avg': {'precision': 0.3807152557718425, 'recall': 0.6170212765957447, 'f1-score': 0.4708846584546473, 'support': 47.0}}","[[ 0 18]
 [ 0 29]]"
297,20,64,8,0.2,0.001,128,3,3,0.27692307692307694,0.5,"{'0': {'precision': 0.3829787234042553, 'recall': 1.0, 'f1-score': 0.5538461538461539, 'support': 18.0}, '1': {'precision': 0.0, 'recall': 0.0, 'f1-score': 0.0, 'support': 29.0}, 'accuracy': 0.3829787234042553, 'macro avg': {'precision': 0.19148936170212766, 'recall': 0.5, 'f1-score': 0.27692307692307694, 'support': 47.0}, 'weighted avg': {'precision': 0.1466727025803531, 'recall': 0.3829787234042553, 'f1-score': 0.21211129296235678, 'support': 47.0}}","[[18  0]
 [29  0]]"
298,20,64,8,0.2,0.001,128,5,2,0.27692307692307694,0.5,"{'0': {'precision': 0.3829787234042553, 'recall': 1.0, 'f1-score': 0.5538461538461539, 'support': 18.0}, '1': {'precision': 0.0, 'recall': 0.0, 'f1-score': 0.0, 'support': 29.0}, 'accuracy': 0.3829787234042553, 'macro avg': {'precision': 0.19148936170212766, 'recall': 0.5, 'f1-score': 0.27692307692307694, 'support': 47.0}, 'weighted avg': {'precision': 0.1466727025803531, 'recall': 0.3829787234042553, 'f1-score': 0.21211129296235678, 'support': 47.0}}","[[18  0]
 [29  0]]"
299,20,64,8,0.2,0.001,128,5,3,0.27692307692307694,0.5,"{'0': {'precision': 0.3829787234042553, 'recall': 1.0, 'f1-score': 0.5538461538461539, 'support': 18.0}, '1': {'precision': 0.0, 'recall': 0.0, 'f1-score': 0.0, 'support': 29.0}, 'accuracy': 0.3829787234042553, 'macro avg': {'precision': 0.19148936170212766, 'recall': 0.5, 'f1-score': 0.27692307692307694, 'support': 47.0}, 'weighted avg': {'precision': 0.1466727025803531, 'recall': 0.3829787234042553, 'f1-score': 0.21211129296235678, 'support': 47.0}}","[[18  0]
 [29  0]]"
300,20,64,8,0.2,0.0005,64,2,2,0.36959761549925485,0.5,"{'0': {'precision': 0.2, 'recall': 0.16666666666666666, 'f1-score': 0.18181818181818182, 'support': 18.0}, '1': {'precision': 0.53125, 'recall': 0.5862068965517241, 'f1-score': 0.5573770491803278, 'support': 29.0}, 'accuracy': 0.425531914893617, 'macro avg': {'precision': 0.365625, 'recall': 0.37643678160919536, 'f1-score': 0.36959761549925485, 'support': 47.0}, 'weighted avg': {'precision': 0.40438829787234043, 'recall': 0.425531914893617, 'f1-score': 0.4135459935948251, 'support': 47.0}}","[[ 3 15]
 [12 17]]"
301,20,64,8,0.2,0.0005,64,2,3,0.381578947368421,0.5,"{'0': {'precision': 0.3684210526315789, 'recall': 0.7777777777777778, 'f1-score': 0.5, 'support': 18.0}, '1': {'precision': 0.5555555555555556, 'recall': 0.1724137931034483, 'f1-score': 0.2631578947368421, 'support': 29.0}, 'accuracy': 0.40425531914893614, 'macro avg': {'precision': 0.4619883040935673, 'recall': 0.47509578544061304, 'f1-score': 0.381578947368421, 'support': 47.0}, 'weighted avg': {'precision': 0.4838870225208411, 'recall': 0.40425531914893614, 'f1-score': 0.3538633818589026, 'support': 47.0}}","[[14  4]
 [24  5]]"
302,20,64,8,0.2,0.0005,64,3,2,0.3815789473684211,0.0,"{'0': {'precision': 0.0, 'recall': 0.0, 'f1-score': 0.0, 'support': 18.0}, '1': {'precision': 0.6170212765957447, 'recall': 1.0, 'f1-score': 0.7631578947368421, 'support': 29.0}, 'accuracy': 0.6170212765957447, 'macro avg': {'precision': 0.30851063829787234, 'recall': 0.5, 'f1-score': 0.3815789473684211, 'support': 47.0}, 'weighted avg': {'precision': 0.3807152557718425, 'recall': 0.6170212765957447, 'f1-score': 0.4708846584546473, 'support': 47.0}}","[[ 0 18]
 [ 0 29]]"
303,20,64,8,0.2,0.0005,64,3,3,0.44655797101449274,0.5,"{'0': {'precision': 0.35714285714285715, 'recall': 0.5555555555555556, 'f1-score': 0.43478260869565216, 'support': 18.0}, '1': {'precision': 0.5789473684210527, 'recall': 0.3793103448275862, 'f1-score': 0.4583333333333333, 'support': 29.0}, 'accuracy': 0.44680851063829785, 'macro avg': {'precision': 0.46804511278195493, 'recall': 0.4674329501915709, 'f1-score': 0.44655797101449274, 'support': 47.0}, 'weighted avg': {'precision': 0.4940009598464246, 'recall': 0.44680851063829785, 'f1-score': 0.4493139068763491, 'support': 47.0}}","[[10  8]
 [18 11]]"
304,20,64,8,0.2,0.0005,64,5,2,0.48231884057971014,0.5,"{'0': {'precision': 0.42857142857142855, 'recall': 0.16666666666666666, 'f1-score': 0.24, 'support': 18.0}, '1': {'precision': 0.625, 'recall': 0.8620689655172413, 'f1-score': 0.7246376811594203, 'support': 29.0}, 'accuracy': 0.5957446808510638, 'macro avg': {'precision': 0.5267857142857143, 'recall': 0.514367816091954, 'f1-score': 0.48231884057971014, 'support': 47.0}, 'weighted avg': {'precision': 0.5497720364741642, 'recall': 0.5957446808510638, 'f1-score': 0.5390317607153869, 'support': 47.0}}","[[ 3 15]
 [ 4 25]]"
305,20,64,8,0.2,0.0005,64,5,3,0.3815789473684211,0.5,"{'0': {'precision': 0.0, 'recall': 0.0, 'f1-score': 0.0, 'support': 18.0}, '1': {'precision': 0.6170212765957447, 'recall': 1.0, 'f1-score': 0.7631578947368421, 'support': 29.0}, 'accuracy': 0.6170212765957447, 'macro avg': {'precision': 0.30851063829787234, 'recall': 0.5, 'f1-score': 0.3815789473684211, 'support': 47.0}, 'weighted avg': {'precision': 0.3807152557718425, 'recall': 0.6170212765957447, 'f1-score': 0.4708846584546473, 'support': 47.0}}","[[ 0 18]
 [ 0 29]]"
306,20,64,8,0.2,0.0005,128,2,2,0.4788306451612903,0.5,"{'0': {'precision': 0.35714285714285715, 'recall': 0.2777777777777778, 'f1-score': 0.3125, 'support': 18.0}, '1': {'precision': 0.6060606060606061, 'recall': 0.6896551724137931, 'f1-score': 0.6451612903225806, 'support': 29.0}, 'accuracy': 0.5319148936170213, 'macro avg': {'precision': 0.4816017316017316, 'recall': 0.48371647509578547, 'f1-score': 0.4788306451612903, 'support': 47.0}, 'weighted avg': {'precision': 0.5107304043474257, 'recall': 0.5319148936170213, 'f1-score': 0.5177590940288264, 'support': 47.0}}","[[ 5 13]
 [ 9 20]]"
307,20,64,8,0.2,0.0005,128,2,3,0.3815789473684211,0.0,"{'0': {'precision': 0.0, 'recall': 0.0, 'f1-score': 0.0, 'support': 18.0}, '1': {'precision': 0.6170212765957447, 'recall': 1.0, 'f1-score': 0.7631578947368421, 'support': 29.0}, 'accuracy': 0.6170212765957447, 'macro avg': {'precision': 0.30851063829787234, 'recall': 0.5, 'f1-score': 0.3815789473684211, 'support': 47.0}, 'weighted avg': {'precision': 0.3807152557718425, 'recall': 0.6170212765957447, 'f1-score': 0.4708846584546473, 'support': 47.0}}","[[ 0 18]
 [ 0 29]]"
308,20,64,8,0.2,0.0005,128,3,2,0.5727272727272728,0.5,"{'0': {'precision': 0.46153846153846156, 'recall': 0.6666666666666666, 'f1-score': 0.5454545454545454, 'support': 18.0}, '1': {'precision': 0.7142857142857143, 'recall': 0.5172413793103449, 'f1-score': 0.6, 'support': 29.0}, 'accuracy': 0.574468085106383, 'macro avg': {'precision': 0.5879120879120879, 'recall': 0.5919540229885057, 'f1-score': 0.5727272727272728, 'support': 47.0}, 'weighted avg': {'precision': 0.6174888940846388, 'recall': 0.574468085106383, 'f1-score': 0.579110251450677, 'support': 47.0}}","[[12  6]
 [14 15]]"
309,20,64,8,0.2,0.0005,128,3,3,0.3815789473684211,0.0,"{'0': {'precision': 0.0, 'recall': 0.0, 'f1-score': 0.0, 'support': 18.0}, '1': {'precision': 0.6170212765957447, 'recall': 1.0, 'f1-score': 0.7631578947368421, 'support': 29.0}, 'accuracy': 0.6170212765957447, 'macro avg': {'precision': 0.30851063829787234, 'recall': 0.5, 'f1-score': 0.3815789473684211, 'support': 47.0}, 'weighted avg': {'precision': 0.3807152557718425, 'recall': 0.6170212765957447, 'f1-score': 0.4708846584546473, 'support': 47.0}}","[[ 0 18]
 [ 0 29]]"
310,20,64,8,0.2,0.0005,128,5,2,0.3815789473684211,0.5,"{'0': {'precision': 0.0, 'recall': 0.0, 'f1-score': 0.0, 'support': 18.0}, '1': {'precision': 0.6170212765957447, 'recall': 1.0, 'f1-score': 0.7631578947368421, 'support': 29.0}, 'accuracy': 0.6170212765957447, 'macro avg': {'precision': 0.30851063829787234, 'recall': 0.5, 'f1-score': 0.3815789473684211, 'support': 47.0}, 'weighted avg': {'precision': 0.3807152557718425, 'recall': 0.6170212765957447, 'f1-score': 0.4708846584546473, 'support': 47.0}}","[[ 0 18]
 [ 0 29]]"
311,20,64,8,0.2,0.0005,128,5,3,0.3815789473684211,0.5,"{'0': {'precision': 0.0, 'recall': 0.0, 'f1-score': 0.0, 'support': 18.0}, '1': {'precision': 0.6170212765957447, 'recall': 1.0, 'f1-score': 0.7631578947368421, 'support': 29.0}, 'accuracy': 0.6170212765957447, 'macro avg': {'precision': 0.30851063829787234, 'recall': 0.5, 'f1-score': 0.3815789473684211, 'support': 47.0}, 'weighted avg': {'precision': 0.3807152557718425, 'recall': 0.6170212765957447, 'f1-score': 0.4708846584546473, 'support': 47.0}}","[[ 0 18]
 [ 0 29]]"
312,20,64,8,0.5,0.001,64,2,2,0.5927952576379389,0.5,"{'0': {'precision': 0.48, 'recall': 0.6666666666666666, 'f1-score': 0.5581395348837209, 'support': 18.0}, '1': {'precision': 0.7272727272727273, 'recall': 0.5517241379310345, 'f1-score': 0.6274509803921569, 'support': 29.0}, 'accuracy': 0.5957446808510638, 'macro avg': {'precision': 0.6036363636363636, 'recall': 0.6091954022988506, 'f1-score': 0.5927952576379389, 'support': 47.0}, 'weighted avg': {'precision': 0.6325725338491296, 'recall': 0.5957446808510638, 'f1-score': 0.6009061714740325, 'support': 47.0}}","[[12  6]
 [13 16]]"
313,20,64,8,0.5,0.001,64,2,3,0.3815789473684211,0.0,"{'0': {'precision': 0.0, 'recall': 0.0, 'f1-score': 0.0, 'support': 18.0}, '1': {'precision': 0.6170212765957447, 'recall': 1.0, 'f1-score': 0.7631578947368421, 'support': 29.0}, 'accuracy': 0.6170212765957447, 'macro avg': {'precision': 0.30851063829787234, 'recall': 0.5, 'f1-score': 0.3815789473684211, 'support': 47.0}, 'weighted avg': {'precision': 0.3807152557718425, 'recall': 0.6170212765957447, 'f1-score': 0.4708846584546473, 'support': 47.0}}","[[ 0 18]
 [ 0 29]]"
314,20,64,8,0.5,0.001,64,3,2,0.3815789473684211,0.5,"{'0': {'precision': 0.0, 'recall': 0.0, 'f1-score': 0.0, 'support': 18.0}, '1': {'precision': 0.6170212765957447, 'recall': 1.0, 'f1-score': 0.7631578947368421, 'support': 29.0}, 'accuracy': 0.6170212765957447, 'macro avg': {'precision': 0.30851063829787234, 'recall': 0.5, 'f1-score': 0.3815789473684211, 'support': 47.0}, 'weighted avg': {'precision': 0.3807152557718425, 'recall': 0.6170212765957447, 'f1-score': 0.4708846584546473, 'support': 47.0}}","[[ 0 18]
 [ 0 29]]"
315,20,64,8,0.5,0.001,64,3,3,0.3815789473684211,0.0,"{'0': {'precision': 0.0, 'recall': 0.0, 'f1-score': 0.0, 'support': 18.0}, '1': {'precision': 0.6170212765957447, 'recall': 1.0, 'f1-score': 0.7631578947368421, 'support': 29.0}, 'accuracy': 0.6170212765957447, 'macro avg': {'precision': 0.30851063829787234, 'recall': 0.5, 'f1-score': 0.3815789473684211, 'support': 47.0}, 'weighted avg': {'precision': 0.3807152557718425, 'recall': 0.6170212765957447, 'f1-score': 0.4708846584546473, 'support': 47.0}}","[[ 0 18]
 [ 0 29]]"
316,20,64,8,0.5,0.001,64,5,2,0.3815789473684211,0.0,"{'0': {'precision': 0.0, 'recall': 0.0, 'f1-score': 0.0, 'support': 18.0}, '1': {'precision': 0.6170212765957447, 'recall': 1.0, 'f1-score': 0.7631578947368421, 'support': 29.0}, 'accuracy': 0.6170212765957447, 'macro avg': {'precision': 0.30851063829787234, 'recall': 0.5, 'f1-score': 0.3815789473684211, 'support': 47.0}, 'weighted avg': {'precision': 0.3807152557718425, 'recall': 0.6170212765957447, 'f1-score': 0.4708846584546473, 'support': 47.0}}","[[ 0 18]
 [ 0 29]]"
317,20,64,8,0.5,0.001,64,5,3,0.38452380952380955,0.5,"{'0': {'precision': 0.16666666666666666, 'recall': 0.05555555555555555, 'f1-score': 0.08333333333333333, 'support': 18.0}, '1': {'precision': 0.5853658536585366, 'recall': 0.8275862068965517, 'f1-score': 0.6857142857142857, 'support': 29.0}, 'accuracy': 0.5319148936170213, 'macro avg': {'precision': 0.3760162601626016, 'recall': 0.44157088122605365, 'f1-score': 0.38452380952380955, 'support': 47.0}, 'weighted avg': {'precision': 0.4250129735339906, 'recall': 0.5319148936170213, 'f1-score': 0.45501519756838904, 'support': 47.0}}","[[ 1 17]
 [ 5 24]]"
318,20,64,8,0.5,0.001,128,2,2,0.3815789473684211,0.0,"{'0': {'precision': 0.0, 'recall': 0.0, 'f1-score': 0.0, 'support': 18.0}, '1': {'precision': 0.6170212765957447, 'recall': 1.0, 'f1-score': 0.7631578947368421, 'support': 29.0}, 'accuracy': 0.6170212765957447, 'macro avg': {'precision': 0.30851063829787234, 'recall': 0.5, 'f1-score': 0.3815789473684211, 'support': 47.0}, 'weighted avg': {'precision': 0.3807152557718425, 'recall': 0.6170212765957447, 'f1-score': 0.4708846584546473, 'support': 47.0}}","[[ 0 18]
 [ 0 29]]"
319,20,64,8,0.5,0.001,128,2,3,0.3907407407407407,0.5,"{'0': {'precision': 0.3611111111111111, 'recall': 0.7222222222222222, 'f1-score': 0.48148148148148145, 'support': 18.0}, '1': {'precision': 0.5454545454545454, 'recall': 0.20689655172413793, 'f1-score': 0.3, 'support': 29.0}, 'accuracy': 0.40425531914893614, 'macro avg': {'precision': 0.4532828282828283, 'recall': 0.46455938697318006, 'f1-score': 0.3907407407407407, 'support': 47.0}, 'weighted avg': {'precision': 0.47485493230174075, 'recall': 0.40425531914893614, 'f1-score': 0.3695035460992908, 'support': 47.0}}","[[13  5]
 [23  6]]"
320,20,64,8,0.5,0.001,128,3,2,0.3815789473684211,0.0,"{'0': {'precision': 0.0, 'recall': 0.0, 'f1-score': 0.0, 'support': 18.0}, '1': {'precision': 0.6170212765957447, 'recall': 1.0, 'f1-score': 0.7631578947368421, 'support': 29.0}, 'accuracy': 0.6170212765957447, 'macro avg': {'precision': 0.30851063829787234, 'recall': 0.5, 'f1-score': 0.3815789473684211, 'support': 47.0}, 'weighted avg': {'precision': 0.3807152557718425, 'recall': 0.6170212765957447, 'f1-score': 0.4708846584546473, 'support': 47.0}}","[[ 0 18]
 [ 0 29]]"
321,20,64,8,0.5,0.001,128,3,3,0.27692307692307694,0.5,"{'0': {'precision': 0.3829787234042553, 'recall': 1.0, 'f1-score': 0.5538461538461539, 'support': 18.0}, '1': {'precision': 0.0, 'recall': 0.0, 'f1-score': 0.0, 'support': 29.0}, 'accuracy': 0.3829787234042553, 'macro avg': {'precision': 0.19148936170212766, 'recall': 0.5, 'f1-score': 0.27692307692307694, 'support': 47.0}, 'weighted avg': {'precision': 0.1466727025803531, 'recall': 0.3829787234042553, 'f1-score': 0.21211129296235678, 'support': 47.0}}","[[18  0]
 [29  0]]"
322,20,64,8,0.5,0.001,128,5,2,0.27692307692307694,0.5,"{'0': {'precision': 0.3829787234042553, 'recall': 1.0, 'f1-score': 0.5538461538461539, 'support': 18.0}, '1': {'precision': 0.0, 'recall': 0.0, 'f1-score': 0.0, 'support': 29.0}, 'accuracy': 0.3829787234042553, 'macro avg': {'precision': 0.19148936170212766, 'recall': 0.5, 'f1-score': 0.27692307692307694, 'support': 47.0}, 'weighted avg': {'precision': 0.1466727025803531, 'recall': 0.3829787234042553, 'f1-score': 0.21211129296235678, 'support': 47.0}}","[[18  0]
 [29  0]]"
323,20,64,8,0.5,0.001,128,5,3,0.3815789473684211,0.5,"{'0': {'precision': 0.0, 'recall': 0.0, 'f1-score': 0.0, 'support': 18.0}, '1': {'precision': 0.6170212765957447, 'recall': 1.0, 'f1-score': 0.7631578947368421, 'support': 29.0}, 'accuracy': 0.6170212765957447, 'macro avg': {'precision': 0.30851063829787234, 'recall': 0.5, 'f1-score': 0.3815789473684211, 'support': 47.0}, 'weighted avg': {'precision': 0.3807152557718425, 'recall': 0.6170212765957447, 'f1-score': 0.4708846584546473, 'support': 47.0}}","[[ 0 18]
 [ 0 29]]"
324,20,64,8,0.5,0.0005,64,2,2,0.3815789473684211,0.0,"{'0': {'precision': 0.0, 'recall': 0.0, 'f1-score': 0.0, 'support': 18.0}, '1': {'precision': 0.6170212765957447, 'recall': 1.0, 'f1-score': 0.7631578947368421, 'support': 29.0}, 'accuracy': 0.6170212765957447, 'macro avg': {'precision': 0.30851063829787234, 'recall': 0.5, 'f1-score': 0.3815789473684211, 'support': 47.0}, 'weighted avg': {'precision': 0.3807152557718425, 'recall': 0.6170212765957447, 'f1-score': 0.4708846584546473, 'support': 47.0}}","[[ 0 18]
 [ 0 29]]"
325,20,64,8,0.5,0.0005,64,2,3,0.3815789473684211,0.0,"{'0': {'precision': 0.0, 'recall': 0.0, 'f1-score': 0.0, 'support': 18.0}, '1': {'precision': 0.6170212765957447, 'recall': 1.0, 'f1-score': 0.7631578947368421, 'support': 29.0}, 'accuracy': 0.6170212765957447, 'macro avg': {'precision': 0.30851063829787234, 'recall': 0.5, 'f1-score': 0.3815789473684211, 'support': 47.0}, 'weighted avg': {'precision': 0.3807152557718425, 'recall': 0.6170212765957447, 'f1-score': 0.4708846584546473, 'support': 47.0}}","[[ 0 18]
 [ 0 29]]"
326,20,64,8,0.5,0.0005,64,3,2,0.27692307692307694,0.5,"{'0': {'precision': 0.3829787234042553, 'recall': 1.0, 'f1-score': 0.5538461538461539, 'support': 18.0}, '1': {'precision': 0.0, 'recall': 0.0, 'f1-score': 0.0, 'support': 29.0}, 'accuracy': 0.3829787234042553, 'macro avg': {'precision': 0.19148936170212766, 'recall': 0.5, 'f1-score': 0.27692307692307694, 'support': 47.0}, 'weighted avg': {'precision': 0.1466727025803531, 'recall': 0.3829787234042553, 'f1-score': 0.21211129296235678, 'support': 47.0}}","[[18  0]
 [29  0]]"
327,20,64,8,0.5,0.0005,64,3,3,0.37333333333333335,0.5,"{'0': {'precision': 0.0, 'recall': 0.0, 'f1-score': 0.0, 'support': 18.0}, '1': {'precision': 0.6086956521739131, 'recall': 0.9655172413793104, 'f1-score': 0.7466666666666667, 'support': 29.0}, 'accuracy': 0.5957446808510638, 'macro avg': {'precision': 0.30434782608695654, 'recall': 0.4827586206896552, 'f1-score': 0.37333333333333335, 'support': 47.0}, 'weighted avg': {'precision': 0.37557816836262725, 'recall': 0.5957446808510638, 'f1-score': 0.4607092198581561, 'support': 47.0}}","[[ 0 18]
 [ 1 28]]"
328,20,64,8,0.5,0.0005,64,5,2,0.5265567765567765,0.5,"{'0': {'precision': 0.4166666666666667, 'recall': 0.5555555555555556, 'f1-score': 0.47619047619047616, 'support': 18.0}, '1': {'precision': 0.6521739130434783, 'recall': 0.5172413793103449, 'f1-score': 0.5769230769230769, 'support': 29.0}, 'accuracy': 0.5319148936170213, 'macro avg': {'precision': 0.5344202898550725, 'recall': 0.5363984674329503, 'f1-score': 0.5265567765567765, 'support': 47.0}, 'weighted avg': {'precision': 0.5619796484736356, 'recall': 0.5319148936170213, 'f1-score': 0.538344634089315, 'support': 47.0}}","[[10  8]
 [14 15]]"
329,20,64,8,0.5,0.0005,64,5,3,0.27692307692307694,0.5,"{'0': {'precision': 0.3829787234042553, 'recall': 1.0, 'f1-score': 0.5538461538461539, 'support': 18.0}, '1': {'precision': 0.0, 'recall': 0.0, 'f1-score': 0.0, 'support': 29.0}, 'accuracy': 0.3829787234042553, 'macro avg': {'precision': 0.19148936170212766, 'recall': 0.5, 'f1-score': 0.27692307692307694, 'support': 47.0}, 'weighted avg': {'precision': 0.1466727025803531, 'recall': 0.3829787234042553, 'f1-score': 0.21211129296235678, 'support': 47.0}}","[[18  0]
 [29  0]]"
330,20,64,8,0.5,0.0005,128,2,2,0.3815789473684211,0.0,"{'0': {'precision': 0.0, 'recall': 0.0, 'f1-score': 0.0, 'support': 18.0}, '1': {'precision': 0.6170212765957447, 'recall': 1.0, 'f1-score': 0.7631578947368421, 'support': 29.0}, 'accuracy': 0.6170212765957447, 'macro avg': {'precision': 0.30851063829787234, 'recall': 0.5, 'f1-score': 0.3815789473684211, 'support': 47.0}, 'weighted avg': {'precision': 0.3807152557718425, 'recall': 0.6170212765957447, 'f1-score': 0.4708846584546473, 'support': 47.0}}","[[ 0 18]
 [ 0 29]]"
331,20,64,8,0.5,0.0005,128,2,3,0.3815789473684211,0.5,"{'0': {'precision': 0.0, 'recall': 0.0, 'f1-score': 0.0, 'support': 18.0}, '1': {'precision': 0.6170212765957447, 'recall': 1.0, 'f1-score': 0.7631578947368421, 'support': 29.0}, 'accuracy': 0.6170212765957447, 'macro avg': {'precision': 0.30851063829787234, 'recall': 0.5, 'f1-score': 0.3815789473684211, 'support': 47.0}, 'weighted avg': {'precision': 0.3807152557718425, 'recall': 0.6170212765957447, 'f1-score': 0.4708846584546473, 'support': 47.0}}","[[ 0 18]
 [ 0 29]]"
332,20,64,8,0.5,0.0005,128,3,2,0.3815789473684211,0.0,"{'0': {'precision': 0.0, 'recall': 0.0, 'f1-score': 0.0, 'support': 18.0}, '1': {'precision': 0.6170212765957447, 'recall': 1.0, 'f1-score': 0.7631578947368421, 'support': 29.0}, 'accuracy': 0.6170212765957447, 'macro avg': {'precision': 0.30851063829787234, 'recall': 0.5, 'f1-score': 0.3815789473684211, 'support': 47.0}, 'weighted avg': {'precision': 0.3807152557718425, 'recall': 0.6170212765957447, 'f1-score': 0.4708846584546473, 'support': 47.0}}","[[ 0 18]
 [ 0 29]]"
333,20,64,8,0.5,0.0005,128,3,3,0.4592728946157386,0.5,"{'0': {'precision': 0.4, 'recall': 0.7777777777777778, 'f1-score': 0.5283018867924528, 'support': 18.0}, '1': {'precision': 0.6666666666666666, 'recall': 0.27586206896551724, 'f1-score': 0.3902439024390244, 'support': 29.0}, 'accuracy': 0.46808510638297873, 'macro avg': {'precision': 0.5333333333333333, 'recall': 0.5268199233716475, 'f1-score': 0.4592728946157386, 'support': 47.0}, 'weighted avg': {'precision': 0.5645390070921985, 'recall': 0.46808510638297873, 'f1-score': 0.44311717304246506, 'support': 47.0}}","[[14  4]
 [21  8]]"
334,20,64,8,0.5,0.0005,128,5,2,0.3815789473684211,0.5,"{'0': {'precision': 0.0, 'recall': 0.0, 'f1-score': 0.0, 'support': 18.0}, '1': {'precision': 0.6170212765957447, 'recall': 1.0, 'f1-score': 0.7631578947368421, 'support': 29.0}, 'accuracy': 0.6170212765957447, 'macro avg': {'precision': 0.30851063829787234, 'recall': 0.5, 'f1-score': 0.3815789473684211, 'support': 47.0}, 'weighted avg': {'precision': 0.3807152557718425, 'recall': 0.6170212765957447, 'f1-score': 0.4708846584546473, 'support': 47.0}}","[[ 0 18]
 [ 0 29]]"
335,20,64,8,0.5,0.0005,128,5,3,0.3815789473684211,0.0,"{'0': {'precision': 0.0, 'recall': 0.0, 'f1-score': 0.0, 'support': 18.0}, '1': {'precision': 0.6170212765957447, 'recall': 1.0, 'f1-score': 0.7631578947368421, 'support': 29.0}, 'accuracy': 0.6170212765957447, 'macro avg': {'precision': 0.30851063829787234, 'recall': 0.5, 'f1-score': 0.3815789473684211, 'support': 47.0}, 'weighted avg': {'precision': 0.3807152557718425, 'recall': 0.6170212765957447, 'f1-score': 0.4708846584546473, 'support': 47.0}}","[[ 0 18]
 [ 0 29]]"
336,20,64,16,0.2,0.001,64,2,2,0.5212962962962963,0.5,"{'0': {'precision': 0.4090909090909091, 'recall': 0.5, 'f1-score': 0.45, 'support': 18.0}, '1': {'precision': 0.64, 'recall': 0.5517241379310345, 'f1-score': 0.5925925925925926, 'support': 29.0}, 'accuracy': 0.5319148936170213, 'macro avg': {'precision': 0.5245454545454545, 'recall': 0.5258620689655172, 'f1-score': 0.5212962962962963, 'support': 47.0}, 'weighted avg': {'precision': 0.5515667311411991, 'recall': 0.5319148936170213, 'f1-score': 0.5379826635145784, 'support': 47.0}}","[[ 9  9]
 [13 16]]"
337,20,64,16,0.2,0.001,64,2,3,0.27692307692307694,0.5,"{'0': {'precision': 0.3829787234042553, 'recall': 1.0, 'f1-score': 0.5538461538461539, 'support': 18.0}, '1': {'precision': 0.0, 'recall': 0.0, 'f1-score': 0.0, 'support': 29.0}, 'accuracy': 0.3829787234042553, 'macro avg': {'precision': 0.19148936170212766, 'recall': 0.5, 'f1-score': 0.27692307692307694, 'support': 47.0}, 'weighted avg': {'precision': 0.1466727025803531, 'recall': 0.3829787234042553, 'f1-score': 0.21211129296235678, 'support': 47.0}}","[[18  0]
 [29  0]]"
338,20,64,16,0.2,0.001,64,3,2,0.4283783783783784,0.5,"{'0': {'precision': 0.5, 'recall': 0.05555555555555555, 'f1-score': 0.1, 'support': 18.0}, '1': {'precision': 0.6222222222222222, 'recall': 0.9655172413793104, 'f1-score': 0.7567567567567568, 'support': 29.0}, 'accuracy': 0.6170212765957447, 'macro avg': {'precision': 0.5611111111111111, 'recall': 0.5105363984674329, 'f1-score': 0.4283783783783784, 'support': 47.0}, 'weighted avg': {'precision': 0.5754137115839243, 'recall': 0.6170212765957447, 'f1-score': 0.505232892466935, 'support': 47.0}}","[[ 1 17]
 [ 1 28]]"
339,20,64,16,0.2,0.001,64,3,3,0.265625,0.5,"{'0': {'precision': 0.3695652173913043, 'recall': 0.9444444444444444, 'f1-score': 0.53125, 'support': 18.0}, '1': {'precision': 0.0, 'recall': 0.0, 'f1-score': 0.0, 'support': 29.0}, 'accuracy': 0.3617021276595745, 'macro avg': {'precision': 0.18478260869565216, 'recall': 0.4722222222222222, 'f1-score': 0.265625, 'support': 47.0}, 'weighted avg': {'precision': 0.14153561517113783, 'recall': 0.3617021276595745, 'f1-score': 0.20345744680851063, 'support': 47.0}}","[[17  1]
 [29  0]]"
340,20,64,16,0.2,0.001,64,5,2,0.27692307692307694,0.5,"{'0': {'precision': 0.3829787234042553, 'recall': 1.0, 'f1-score': 0.5538461538461539, 'support': 18.0}, '1': {'precision': 0.0, 'recall': 0.0, 'f1-score': 0.0, 'support': 29.0}, 'accuracy': 0.3829787234042553, 'macro avg': {'precision': 0.19148936170212766, 'recall': 0.5, 'f1-score': 0.27692307692307694, 'support': 47.0}, 'weighted avg': {'precision': 0.1466727025803531, 'recall': 0.3829787234042553, 'f1-score': 0.21211129296235678, 'support': 47.0}}","[[18  0]
 [29  0]]"
341,20,64,16,0.2,0.001,64,5,3,0.3815789473684211,0.0,"{'0': {'precision': 0.0, 'recall': 0.0, 'f1-score': 0.0, 'support': 18.0}, '1': {'precision': 0.6170212765957447, 'recall': 1.0, 'f1-score': 0.7631578947368421, 'support': 29.0}, 'accuracy': 0.6170212765957447, 'macro avg': {'precision': 0.30851063829787234, 'recall': 0.5, 'f1-score': 0.3815789473684211, 'support': 47.0}, 'weighted avg': {'precision': 0.3807152557718425, 'recall': 0.6170212765957447, 'f1-score': 0.4708846584546473, 'support': 47.0}}","[[ 0 18]
 [ 0 29]]"
342,20,64,16,0.2,0.001,128,2,2,0.39836149513568864,0.5,"{'0': {'precision': 0.23076923076923078, 'recall': 0.16666666666666666, 'f1-score': 0.1935483870967742, 'support': 18.0}, '1': {'precision': 0.5588235294117647, 'recall': 0.6551724137931034, 'f1-score': 0.6031746031746031, 'support': 29.0}, 'accuracy': 0.46808510638297873, 'macro avg': {'precision': 0.3947963800904978, 'recall': 0.410919540229885, 'f1-score': 0.39836149513568864, 'support': 47.0}, 'weighted avg': {'precision': 0.4331857129103687, 'recall': 0.46808510638297873, 'f1-score': 0.44629647786820054, 'support': 47.0}}","[[ 3 15]
 [10 19]]"
343,20,64,16,0.2,0.001,128,2,3,0.39743589743589747,0.5,"{'0': {'precision': 0.2916666666666667, 'recall': 0.3888888888888889, 'f1-score': 0.3333333333333333, 'support': 18.0}, '1': {'precision': 0.5217391304347826, 'recall': 0.41379310344827586, 'f1-score': 0.46153846153846156, 'support': 29.0}, 'accuracy': 0.40425531914893614, 'macro avg': {'precision': 0.4067028985507246, 'recall': 0.4013409961685824, 'f1-score': 0.39743589743589747, 'support': 47.0}, 'weighted avg': {'precision': 0.43362627197039777, 'recall': 0.40425531914893614, 'f1-score': 0.4124386252045827, 'support': 47.0}}","[[ 7 11]
 [17 12]]"
344,20,64,16,0.2,0.001,128,3,2,0.3815789473684211,0.5,"{'0': {'precision': 0.0, 'recall': 0.0, 'f1-score': 0.0, 'support': 18.0}, '1': {'precision': 0.6170212765957447, 'recall': 1.0, 'f1-score': 0.7631578947368421, 'support': 29.0}, 'accuracy': 0.6170212765957447, 'macro avg': {'precision': 0.30851063829787234, 'recall': 0.5, 'f1-score': 0.3815789473684211, 'support': 47.0}, 'weighted avg': {'precision': 0.3807152557718425, 'recall': 0.6170212765957447, 'f1-score': 0.4708846584546473, 'support': 47.0}}","[[ 0 18]
 [ 0 29]]"
345,20,64,16,0.2,0.001,128,3,3,0.40098039215686276,0.5,"{'0': {'precision': 0.25, 'recall': 0.2222222222222222, 'f1-score': 0.23529411764705882, 'support': 18.0}, '1': {'precision': 0.5483870967741935, 'recall': 0.5862068965517241, 'f1-score': 0.5666666666666667, 'support': 29.0}, 'accuracy': 0.44680851063829785, 'macro avg': {'precision': 0.39919354838709675, 'recall': 0.40421455938697315, 'f1-score': 0.40098039215686276, 'support': 47.0}, 'weighted avg': {'precision': 0.4341111873713109, 'recall': 0.44680851063829785, 'f1-score': 0.4397580308719232, 'support': 47.0}}","[[ 4 14]
 [12 17]]"
346,20,64,16,0.2,0.001,128,5,2,0.43099273607748184,0.5,"{'0': {'precision': 0.4146341463414634, 'recall': 0.9444444444444444, 'f1-score': 0.576271186440678, 'support': 18.0}, '1': {'precision': 0.8333333333333334, 'recall': 0.1724137931034483, 'f1-score': 0.2857142857142857, 'support': 29.0}, 'accuracy': 0.46808510638297873, 'macro avg': {'precision': 0.6239837398373984, 'recall': 0.5584291187739463, 'f1-score': 0.43099273607748184, 'support': 47.0}, 'weighted avg': {'precision': 0.6729804532087874, 'recall': 0.46808510638297873, 'f1-score': 0.39699139663077637, 'support': 47.0}}","[[17  1]
 [24  5]]"
347,20,64,16,0.2,0.001,128,5,3,0.33922902494331064,0.5,"{'0': {'precision': 0.2903225806451613, 'recall': 0.5, 'f1-score': 0.3673469387755102, 'support': 18.0}, '1': {'precision': 0.4375, 'recall': 0.2413793103448276, 'f1-score': 0.3111111111111111, 'support': 29.0}, 'accuracy': 0.3404255319148936, 'macro avg': {'precision': 0.3639112903225806, 'recall': 0.3706896551724138, 'f1-score': 0.33922902494331064, 'support': 47.0}, 'weighted avg': {'precision': 0.3811341798215511, 'recall': 0.3404255319148936, 'f1-score': 0.33264823659960435, 'support': 47.0}}","[[ 9  9]
 [22  7]]"
348,20,64,16,0.2,0.0005,64,2,2,0.5140977443609023,0.5,"{'0': {'precision': 0.4473684210526316, 'recall': 0.9444444444444444, 'f1-score': 0.6071428571428571, 'support': 18.0}, '1': {'precision': 0.8888888888888888, 'recall': 0.27586206896551724, 'f1-score': 0.42105263157894735, 'support': 29.0}, 'accuracy': 0.5319148936170213, 'macro avg': {'precision': 0.6681286549707602, 'recall': 0.6101532567049808, 'f1-score': 0.5140977443609023, 'support': 47.0}, 'weighted avg': {'precision': 0.7197959437601094, 'recall': 0.5319148936170213, 'f1-score': 0.4923212286034234, 'support': 47.0}}","[[17  1]
 [21  8]]"
349,20,64,16,0.2,0.0005,64,2,3,0.27692307692307694,0.5,"{'0': {'precision': 0.3829787234042553, 'recall': 1.0, 'f1-score': 0.5538461538461539, 'support': 18.0}, '1': {'precision': 0.0, 'recall': 0.0, 'f1-score': 0.0, 'support': 29.0}, 'accuracy': 0.3829787234042553, 'macro avg': {'precision': 0.19148936170212766, 'recall': 0.5, 'f1-score': 0.27692307692307694, 'support': 47.0}, 'weighted avg': {'precision': 0.1466727025803531, 'recall': 0.3829787234042553, 'f1-score': 0.21211129296235678, 'support': 47.0}}","[[18  0]
 [29  0]]"
350,20,64,16,0.2,0.0005,64,3,2,0.6466165413533835,0.5,"{'0': {'precision': 0.55, 'recall': 0.6111111111111112, 'f1-score': 0.5789473684210527, 'support': 18.0}, '1': {'precision': 0.7407407407407407, 'recall': 0.6896551724137931, 'f1-score': 0.7142857142857143, 'support': 29.0}, 'accuracy': 0.6595744680851063, 'macro avg': {'precision': 0.6453703703703704, 'recall': 0.6503831417624522, 'f1-score': 0.6466165413533835, 'support': 47.0}, 'weighted avg': {'precision': 0.6676910953506697, 'recall': 0.6595744680851063, 'f1-score': 0.6624540073588226, 'support': 47.0}}","[[11  7]
 [ 9 20]]"
351,20,64,16,0.2,0.0005,64,3,3,0.3561643835616438,0.5,"{'0': {'precision': 0.0, 'recall': 0.0, 'f1-score': 0.0, 'support': 18.0}, '1': {'precision': 0.5909090909090909, 'recall': 0.896551724137931, 'f1-score': 0.7123287671232876, 'support': 29.0}, 'accuracy': 0.5531914893617021, 'macro avg': {'precision': 0.29545454545454547, 'recall': 0.4482758620689655, 'f1-score': 0.3561643835616438, 'support': 47.0}, 'weighted avg': {'precision': 0.36460348162475825, 'recall': 0.5531914893617021, 'f1-score': 0.4395220052462839, 'support': 47.0}}","[[ 0 18]
 [ 3 26]]"
352,20,64,16,0.2,0.0005,64,5,2,0.3145833333333333,0.5,"{'0': {'precision': 0.391304347826087, 'recall': 1.0, 'f1-score': 0.5625, 'support': 18.0}, '1': {'precision': 1.0, 'recall': 0.034482758620689655, 'f1-score': 0.06666666666666667, 'support': 29.0}, 'accuracy': 0.40425531914893614, 'macro avg': {'precision': 0.6956521739130435, 'recall': 0.5172413793103449, 'f1-score': 0.3145833333333333, 'support': 47.0}, 'weighted avg': {'precision': 0.7668825161887141, 'recall': 0.40425531914893614, 'f1-score': 0.25656028368794326, 'support': 47.0}}","[[18  0]
 [28  1]]"
353,20,64,16,0.2,0.0005,64,5,3,0.3840725806451613,0.5,"{'0': {'precision': 0.4090909090909091, 'recall': 1.0, 'f1-score': 0.5806451612903226, 'support': 18.0}, '1': {'precision': 1.0, 'recall': 0.10344827586206896, 'f1-score': 0.1875, 'support': 29.0}, 'accuracy': 0.44680851063829785, 'macro avg': {'precision': 0.7045454545454546, 'recall': 0.5517241379310345, 'f1-score': 0.3840725806451613, 'support': 47.0}, 'weighted avg': {'precision': 0.7736943907156674, 'recall': 0.44680851063829785, 'f1-score': 0.3380662319835278, 'support': 47.0}}","[[18  0]
 [26  3]]"
354,20,64,16,0.2,0.0005,128,2,2,0.39829302987197723,0.5,"{'0': {'precision': 0.38461538461538464, 'recall': 0.8333333333333334, 'f1-score': 0.5263157894736842, 'support': 18.0}, '1': {'precision': 0.625, 'recall': 0.1724137931034483, 'f1-score': 0.2702702702702703, 'support': 29.0}, 'accuracy': 0.425531914893617, 'macro avg': {'precision': 0.5048076923076923, 'recall': 0.5028735632183908, 'f1-score': 0.39829302987197723, 'support': 47.0}, 'weighted avg': {'precision': 0.5329378068739771, 'recall': 0.425531914893617, 'f1-score': 0.36833025634817346, 'support': 47.0}}","[[15  3]
 [24  5]]"
355,20,64,16,0.2,0.0005,128,2,3,0.4283783783783784,0.5,"{'0': {'precision': 0.5, 'recall': 0.05555555555555555, 'f1-score': 0.1, 'support': 18.0}, '1': {'precision': 0.6222222222222222, 'recall': 0.9655172413793104, 'f1-score': 0.7567567567567568, 'support': 29.0}, 'accuracy': 0.6170212765957447, 'macro avg': {'precision': 0.5611111111111111, 'recall': 0.5105363984674329, 'f1-score': 0.4283783783783784, 'support': 47.0}, 'weighted avg': {'precision': 0.5754137115839243, 'recall': 0.6170212765957447, 'f1-score': 0.505232892466935, 'support': 47.0}}","[[ 1 17]
 [ 1 28]]"
356,20,64,16,0.2,0.0005,128,3,2,0.3815789473684211,0.0,"{'0': {'precision': 0.0, 'recall': 0.0, 'f1-score': 0.0, 'support': 18.0}, '1': {'precision': 0.6170212765957447, 'recall': 1.0, 'f1-score': 0.7631578947368421, 'support': 29.0}, 'accuracy': 0.6170212765957447, 'macro avg': {'precision': 0.30851063829787234, 'recall': 0.5, 'f1-score': 0.3815789473684211, 'support': 47.0}, 'weighted avg': {'precision': 0.3807152557718425, 'recall': 0.6170212765957447, 'f1-score': 0.4708846584546473, 'support': 47.0}}","[[ 0 18]
 [ 0 29]]"
357,20,64,16,0.2,0.0005,128,3,3,0.27692307692307694,0.5,"{'0': {'precision': 0.3829787234042553, 'recall': 1.0, 'f1-score': 0.5538461538461539, 'support': 18.0}, '1': {'precision': 0.0, 'recall': 0.0, 'f1-score': 0.0, 'support': 29.0}, 'accuracy': 0.3829787234042553, 'macro avg': {'precision': 0.19148936170212766, 'recall': 0.5, 'f1-score': 0.27692307692307694, 'support': 47.0}, 'weighted avg': {'precision': 0.1466727025803531, 'recall': 0.3829787234042553, 'f1-score': 0.21211129296235678, 'support': 47.0}}","[[18  0]
 [29  0]]"
358,20,64,16,0.2,0.0005,128,5,2,0.3815789473684211,0.5,"{'0': {'precision': 0.0, 'recall': 0.0, 'f1-score': 0.0, 'support': 18.0}, '1': {'precision': 0.6170212765957447, 'recall': 1.0, 'f1-score': 0.7631578947368421, 'support': 29.0}, 'accuracy': 0.6170212765957447, 'macro avg': {'precision': 0.30851063829787234, 'recall': 0.5, 'f1-score': 0.3815789473684211, 'support': 47.0}, 'weighted avg': {'precision': 0.3807152557718425, 'recall': 0.6170212765957447, 'f1-score': 0.4708846584546473, 'support': 47.0}}","[[ 0 18]
 [ 0 29]]"
359,20,64,16,0.2,0.0005,128,5,3,0.5523809523809524,0.5,"{'0': {'precision': 0.4444444444444444, 'recall': 0.6666666666666666, 'f1-score': 0.5333333333333333, 'support': 18.0}, '1': {'precision': 0.7, 'recall': 0.4827586206896552, 'f1-score': 0.5714285714285714, 'support': 29.0}, 'accuracy': 0.5531914893617021, 'macro avg': {'precision': 0.5722222222222222, 'recall': 0.5747126436781609, 'f1-score': 0.5523809523809524, 'support': 47.0}, 'weighted avg': {'precision': 0.602127659574468, 'recall': 0.5531914893617021, 'f1-score': 0.556838905775076, 'support': 47.0}}","[[12  6]
 [15 14]]"
360,20,64,16,0.5,0.001,64,2,2,0.3815789473684211,0.0,"{'0': {'precision': 0.0, 'recall': 0.0, 'f1-score': 0.0, 'support': 18.0}, '1': {'precision': 0.6170212765957447, 'recall': 1.0, 'f1-score': 0.7631578947368421, 'support': 29.0}, 'accuracy': 0.6170212765957447, 'macro avg': {'precision': 0.30851063829787234, 'recall': 0.5, 'f1-score': 0.3815789473684211, 'support': 47.0}, 'weighted avg': {'precision': 0.3807152557718425, 'recall': 0.6170212765957447, 'f1-score': 0.4708846584546473, 'support': 47.0}}","[[ 0 18]
 [ 0 29]]"
361,20,64,16,0.5,0.001,64,2,3,0.27692307692307694,0.5,"{'0': {'precision': 0.3829787234042553, 'recall': 1.0, 'f1-score': 0.5538461538461539, 'support': 18.0}, '1': {'precision': 0.0, 'recall': 0.0, 'f1-score': 0.0, 'support': 29.0}, 'accuracy': 0.3829787234042553, 'macro avg': {'precision': 0.19148936170212766, 'recall': 0.5, 'f1-score': 0.27692307692307694, 'support': 47.0}, 'weighted avg': {'precision': 0.1466727025803531, 'recall': 0.3829787234042553, 'f1-score': 0.21211129296235678, 'support': 47.0}}","[[18  0]
 [29  0]]"
362,20,64,16,0.5,0.001,64,3,2,0.27692307692307694,0.5,"{'0': {'precision': 0.3829787234042553, 'recall': 1.0, 'f1-score': 0.5538461538461539, 'support': 18.0}, '1': {'precision': 0.0, 'recall': 0.0, 'f1-score': 0.0, 'support': 29.0}, 'accuracy': 0.3829787234042553, 'macro avg': {'precision': 0.19148936170212766, 'recall': 0.5, 'f1-score': 0.27692307692307694, 'support': 47.0}, 'weighted avg': {'precision': 0.1466727025803531, 'recall': 0.3829787234042553, 'f1-score': 0.21211129296235678, 'support': 47.0}}","[[18  0]
 [29  0]]"
363,20,64,16,0.5,0.001,64,3,3,0.27692307692307694,0.5,"{'0': {'precision': 0.3829787234042553, 'recall': 1.0, 'f1-score': 0.5538461538461539, 'support': 18.0}, '1': {'precision': 0.0, 'recall': 0.0, 'f1-score': 0.0, 'support': 29.0}, 'accuracy': 0.3829787234042553, 'macro avg': {'precision': 0.19148936170212766, 'recall': 0.5, 'f1-score': 0.27692307692307694, 'support': 47.0}, 'weighted avg': {'precision': 0.1466727025803531, 'recall': 0.3829787234042553, 'f1-score': 0.21211129296235678, 'support': 47.0}}","[[18  0]
 [29  0]]"
364,20,64,16,0.5,0.001,64,5,2,0.5317028985507246,0.5,"{'0': {'precision': 0.42857142857142855, 'recall': 0.6666666666666666, 'f1-score': 0.5217391304347826, 'support': 18.0}, '1': {'precision': 0.6842105263157895, 'recall': 0.4482758620689655, 'f1-score': 0.5416666666666666, 'support': 29.0}, 'accuracy': 0.5319148936170213, 'macro avg': {'precision': 0.556390977443609, 'recall': 0.5574712643678161, 'f1-score': 0.5317028985507246, 'support': 47.0}, 'weighted avg': {'precision': 0.5863061910094384, 'recall': 0.5319148936170213, 'f1-score': 0.5340348442799876, 'support': 47.0}}","[[12  6]
 [16 13]]"
365,20,64,16,0.5,0.001,64,5,3,0.3815789473684211,0.5,"{'0': {'precision': 0.0, 'recall': 0.0, 'f1-score': 0.0, 'support': 18.0}, '1': {'precision': 0.6170212765957447, 'recall': 1.0, 'f1-score': 0.7631578947368421, 'support': 29.0}, 'accuracy': 0.6170212765957447, 'macro avg': {'precision': 0.30851063829787234, 'recall': 0.5, 'f1-score': 0.3815789473684211, 'support': 47.0}, 'weighted avg': {'precision': 0.3807152557718425, 'recall': 0.6170212765957447, 'f1-score': 0.4708846584546473, 'support': 47.0}}","[[ 0 18]
 [ 0 29]]"
366,20,64,16,0.5,0.001,128,2,2,0.5930735930735931,0.5,"{'0': {'precision': 0.6, 'recall': 0.3333333333333333, 'f1-score': 0.42857142857142855, 'support': 18.0}, '1': {'precision': 0.6756756756756757, 'recall': 0.8620689655172413, 'f1-score': 0.7575757575757576, 'support': 29.0}, 'accuracy': 0.6595744680851063, 'macro avg': {'precision': 0.6378378378378378, 'recall': 0.5977011494252873, 'f1-score': 0.5930735930735931, 'support': 47.0}, 'weighted avg': {'precision': 0.646693502012651, 'recall': 0.6595744680851063, 'f1-score': 0.6315740996592061, 'support': 47.0}}","[[ 6 12]
 [ 4 25]]"
367,20,64,16,0.5,0.001,128,2,3,0.35023041474654376,0.5,"{'0': {'precision': 0.4, 'recall': 1.0, 'f1-score': 0.5714285714285714, 'support': 18.0}, '1': {'precision': 1.0, 'recall': 0.06896551724137931, 'f1-score': 0.12903225806451613, 'support': 29.0}, 'accuracy': 0.425531914893617, 'macro avg': {'precision': 0.7, 'recall': 0.5344827586206896, 'f1-score': 0.35023041474654376, 'support': 47.0}, 'weighted avg': {'precision': 0.7702127659574469, 'recall': 0.425531914893617, 'f1-score': 0.2984606333954309, 'support': 47.0}}","[[18  0]
 [27  2]]"
368,20,64,16,0.5,0.001,128,3,2,0.3815789473684211,0.0,"{'0': {'precision': 0.0, 'recall': 0.0, 'f1-score': 0.0, 'support': 18.0}, '1': {'precision': 0.6170212765957447, 'recall': 1.0, 'f1-score': 0.7631578947368421, 'support': 29.0}, 'accuracy': 0.6170212765957447, 'macro avg': {'precision': 0.30851063829787234, 'recall': 0.5, 'f1-score': 0.3815789473684211, 'support': 47.0}, 'weighted avg': {'precision': 0.3807152557718425, 'recall': 0.6170212765957447, 'f1-score': 0.4708846584546473, 'support': 47.0}}","[[ 0 18]
 [ 0 29]]"
369,20,64,16,0.5,0.001,128,3,3,0.36959761549925485,0.5,"{'0': {'precision': 0.3953488372093023, 'recall': 0.9444444444444444, 'f1-score': 0.5573770491803278, 'support': 18.0}, '1': {'precision': 0.75, 'recall': 0.10344827586206896, 'f1-score': 0.18181818181818182, 'support': 29.0}, 'accuracy': 0.425531914893617, 'macro avg': {'precision': 0.5726744186046512, 'recall': 0.5239463601532567, 'f1-score': 0.36959761549925485, 'support': 47.0}, 'weighted avg': {'precision': 0.6141761504205838, 'recall': 0.425531914893617, 'f1-score': 0.32564923740368457, 'support': 47.0}}","[[17  1]
 [26  3]]"
370,20,64,16,0.5,0.001,128,5,2,0.3815789473684211,0.0,"{'0': {'precision': 0.0, 'recall': 0.0, 'f1-score': 0.0, 'support': 18.0}, '1': {'precision': 0.6170212765957447, 'recall': 1.0, 'f1-score': 0.7631578947368421, 'support': 29.0}, 'accuracy': 0.6170212765957447, 'macro avg': {'precision': 0.30851063829787234, 'recall': 0.5, 'f1-score': 0.3815789473684211, 'support': 47.0}, 'weighted avg': {'precision': 0.3807152557718425, 'recall': 0.6170212765957447, 'f1-score': 0.4708846584546473, 'support': 47.0}}","[[ 0 18]
 [ 0 29]]"
371,20,64,16,0.5,0.001,128,5,3,0.3815789473684211,0.0,"{'0': {'precision': 0.0, 'recall': 0.0, 'f1-score': 0.0, 'support': 18.0}, '1': {'precision': 0.6170212765957447, 'recall': 1.0, 'f1-score': 0.7631578947368421, 'support': 29.0}, 'accuracy': 0.6170212765957447, 'macro avg': {'precision': 0.30851063829787234, 'recall': 0.5, 'f1-score': 0.3815789473684211, 'support': 47.0}, 'weighted avg': {'precision': 0.3807152557718425, 'recall': 0.6170212765957447, 'f1-score': 0.4708846584546473, 'support': 47.0}}","[[ 0 18]
 [ 0 29]]"
372,20,64,16,0.5,0.0005,64,2,2,0.27692307692307694,0.5,"{'0': {'precision': 0.3829787234042553, 'recall': 1.0, 'f1-score': 0.5538461538461539, 'support': 18.0}, '1': {'precision': 0.0, 'recall': 0.0, 'f1-score': 0.0, 'support': 29.0}, 'accuracy': 0.3829787234042553, 'macro avg': {'precision': 0.19148936170212766, 'recall': 0.5, 'f1-score': 0.27692307692307694, 'support': 47.0}, 'weighted avg': {'precision': 0.1466727025803531, 'recall': 0.3829787234042553, 'f1-score': 0.21211129296235678, 'support': 47.0}}","[[18  0]
 [29  0]]"
373,20,64,16,0.5,0.0005,64,2,3,0.27692307692307694,0.5,"{'0': {'precision': 0.3829787234042553, 'recall': 1.0, 'f1-score': 0.5538461538461539, 'support': 18.0}, '1': {'precision': 0.0, 'recall': 0.0, 'f1-score': 0.0, 'support': 29.0}, 'accuracy': 0.3829787234042553, 'macro avg': {'precision': 0.19148936170212766, 'recall': 0.5, 'f1-score': 0.27692307692307694, 'support': 47.0}, 'weighted avg': {'precision': 0.1466727025803531, 'recall': 0.3829787234042553, 'f1-score': 0.21211129296235678, 'support': 47.0}}","[[18  0]
 [29  0]]"
374,20,64,16,0.5,0.0005,64,3,2,0.27692307692307694,0.5,"{'0': {'precision': 0.3829787234042553, 'recall': 1.0, 'f1-score': 0.5538461538461539, 'support': 18.0}, '1': {'precision': 0.0, 'recall': 0.0, 'f1-score': 0.0, 'support': 29.0}, 'accuracy': 0.3829787234042553, 'macro avg': {'precision': 0.19148936170212766, 'recall': 0.5, 'f1-score': 0.27692307692307694, 'support': 47.0}, 'weighted avg': {'precision': 0.1466727025803531, 'recall': 0.3829787234042553, 'f1-score': 0.21211129296235678, 'support': 47.0}}","[[18  0]
 [29  0]]"
375,20,64,16,0.5,0.0005,64,3,3,0.4083916083916084,0.5,"{'0': {'precision': 0.2857142857142857, 'recall': 0.3333333333333333, 'f1-score': 0.3076923076923077, 'support': 18.0}, '1': {'precision': 0.5384615384615384, 'recall': 0.4827586206896552, 'f1-score': 0.509090909090909, 'support': 29.0}, 'accuracy': 0.425531914893617, 'macro avg': {'precision': 0.41208791208791207, 'recall': 0.40804597701149425, 'f1-score': 0.4083916083916084, 'support': 47.0}, 'weighted avg': {'precision': 0.44166471826046294, 'recall': 0.425531914893617, 'f1-score': 0.4319595298318702, 'support': 47.0}}","[[ 6 12]
 [15 14]]"
376,20,64,16,0.5,0.0005,64,5,2,0.35023041474654376,0.5,"{'0': {'precision': 0.4, 'recall': 1.0, 'f1-score': 0.5714285714285714, 'support': 18.0}, '1': {'precision': 1.0, 'recall': 0.06896551724137931, 'f1-score': 0.12903225806451613, 'support': 29.0}, 'accuracy': 0.425531914893617, 'macro avg': {'precision': 0.7, 'recall': 0.5344827586206896, 'f1-score': 0.35023041474654376, 'support': 47.0}, 'weighted avg': {'precision': 0.7702127659574469, 'recall': 0.425531914893617, 'f1-score': 0.2984606333954309, 'support': 47.0}}","[[18  0]
 [27  2]]"
377,20,64,16,0.5,0.0005,64,5,3,0.37333333333333335,0.5,"{'0': {'precision': 0.0, 'recall': 0.0, 'f1-score': 0.0, 'support': 18.0}, '1': {'precision': 0.6086956521739131, 'recall': 0.9655172413793104, 'f1-score': 0.7466666666666667, 'support': 29.0}, 'accuracy': 0.5957446808510638, 'macro avg': {'precision': 0.30434782608695654, 'recall': 0.4827586206896552, 'f1-score': 0.37333333333333335, 'support': 47.0}, 'weighted avg': {'precision': 0.37557816836262725, 'recall': 0.5957446808510638, 'f1-score': 0.4607092198581561, 'support': 47.0}}","[[ 0 18]
 [ 1 28]]"
378,20,64,16,0.5,0.0005,128,2,2,0.27692307692307694,0.5,"{'0': {'precision': 0.3829787234042553, 'recall': 1.0, 'f1-score': 0.5538461538461539, 'support': 18.0}, '1': {'precision': 0.0, 'recall': 0.0, 'f1-score': 0.0, 'support': 29.0}, 'accuracy': 0.3829787234042553, 'macro avg': {'precision': 0.19148936170212766, 'recall': 0.5, 'f1-score': 0.27692307692307694, 'support': 47.0}, 'weighted avg': {'precision': 0.1466727025803531, 'recall': 0.3829787234042553, 'f1-score': 0.21211129296235678, 'support': 47.0}}","[[18  0]
 [29  0]]"
379,20,64,16,0.5,0.0005,128,2,3,0.27692307692307694,0.5,"{'0': {'precision': 0.3829787234042553, 'recall': 1.0, 'f1-score': 0.5538461538461539, 'support': 18.0}, '1': {'precision': 0.0, 'recall': 0.0, 'f1-score': 0.0, 'support': 29.0}, 'accuracy': 0.3829787234042553, 'macro avg': {'precision': 0.19148936170212766, 'recall': 0.5, 'f1-score': 0.27692307692307694, 'support': 47.0}, 'weighted avg': {'precision': 0.1466727025803531, 'recall': 0.3829787234042553, 'f1-score': 0.21211129296235678, 'support': 47.0}}","[[18  0]
 [29  0]]"
380,20,64,16,0.5,0.0005,128,3,2,0.27692307692307694,0.5,"{'0': {'precision': 0.3829787234042553, 'recall': 1.0, 'f1-score': 0.5538461538461539, 'support': 18.0}, '1': {'precision': 0.0, 'recall': 0.0, 'f1-score': 0.0, 'support': 29.0}, 'accuracy': 0.3829787234042553, 'macro avg': {'precision': 0.19148936170212766, 'recall': 0.5, 'f1-score': 0.27692307692307694, 'support': 47.0}, 'weighted avg': {'precision': 0.1466727025803531, 'recall': 0.3829787234042553, 'f1-score': 0.21211129296235678, 'support': 47.0}}","[[18  0]
 [29  0]]"
381,20,64,16,0.5,0.0005,128,3,3,0.27692307692307694,0.5,"{'0': {'precision': 0.3829787234042553, 'recall': 1.0, 'f1-score': 0.5538461538461539, 'support': 18.0}, '1': {'precision': 0.0, 'recall': 0.0, 'f1-score': 0.0, 'support': 29.0}, 'accuracy': 0.3829787234042553, 'macro avg': {'precision': 0.19148936170212766, 'recall': 0.5, 'f1-score': 0.27692307692307694, 'support': 47.0}, 'weighted avg': {'precision': 0.1466727025803531, 'recall': 0.3829787234042553, 'f1-score': 0.21211129296235678, 'support': 47.0}}","[[18  0]
 [29  0]]"
382,20,64,16,0.5,0.0005,128,5,2,0.3815789473684211,0.0,"{'0': {'precision': 0.0, 'recall': 0.0, 'f1-score': 0.0, 'support': 18.0}, '1': {'precision': 0.6170212765957447, 'recall': 1.0, 'f1-score': 0.7631578947368421, 'support': 29.0}, 'accuracy': 0.6170212765957447, 'macro avg': {'precision': 0.30851063829787234, 'recall': 0.5, 'f1-score': 0.3815789473684211, 'support': 47.0}, 'weighted avg': {'precision': 0.3807152557718425, 'recall': 0.6170212765957447, 'f1-score': 0.4708846584546473, 'support': 47.0}}","[[ 0 18]
 [ 0 29]]"
383,20,64,16,0.5,0.0005,128,5,3,0.6466165413533835,0.5,"{'0': {'precision': 0.55, 'recall': 0.6111111111111112, 'f1-score': 0.5789473684210527, 'support': 18.0}, '1': {'precision': 0.7407407407407407, 'recall': 0.6896551724137931, 'f1-score': 0.7142857142857143, 'support': 29.0}, 'accuracy': 0.6595744680851063, 'macro avg': {'precision': 0.6453703703703704, 'recall': 0.6503831417624522, 'f1-score': 0.6466165413533835, 'support': 47.0}, 'weighted avg': {'precision': 0.6676910953506697, 'recall': 0.6595744680851063, 'f1-score': 0.6624540073588226, 'support': 47.0}}","[[11  7]
 [ 9 20]]"
384,50,128,8,0.2,0.001,64,2,2,0.37142857142857144,0.0,"{'0': {'precision': 0.0, 'recall': 0.0, 'f1-score': 0.0, 'support': 18.0}, '1': {'precision': 0.5909090909090909, 'recall': 1.0, 'f1-score': 0.7428571428571429, 'support': 26.0}, 'accuracy': 0.5909090909090909, 'macro avg': {'precision': 0.29545454545454547, 'recall': 0.5, 'f1-score': 0.37142857142857144, 'support': 44.0}, 'weighted avg': {'precision': 0.3491735537190083, 'recall': 0.5909090909090909, 'f1-score': 0.438961038961039, 'support': 44.0}}","[[ 0 18]
 [ 0 26]]"
385,50,128,8,0.2,0.001,64,2,3,0.37142857142857144,0.0,"{'0': {'precision': 0.0, 'recall': 0.0, 'f1-score': 0.0, 'support': 18.0}, '1': {'precision': 0.5909090909090909, 'recall': 1.0, 'f1-score': 0.7428571428571429, 'support': 26.0}, 'accuracy': 0.5909090909090909, 'macro avg': {'precision': 0.29545454545454547, 'recall': 0.5, 'f1-score': 0.37142857142857144, 'support': 44.0}, 'weighted avg': {'precision': 0.3491735537190083, 'recall': 0.5909090909090909, 'f1-score': 0.438961038961039, 'support': 44.0}}","[[ 0 18]
 [ 0 26]]"
386,50,128,8,0.2,0.001,64,3,2,0.37142857142857144,0.0,"{'0': {'precision': 0.0, 'recall': 0.0, 'f1-score': 0.0, 'support': 18.0}, '1': {'precision': 0.5909090909090909, 'recall': 1.0, 'f1-score': 0.7428571428571429, 'support': 26.0}, 'accuracy': 0.5909090909090909, 'macro avg': {'precision': 0.29545454545454547, 'recall': 0.5, 'f1-score': 0.37142857142857144, 'support': 44.0}, 'weighted avg': {'precision': 0.3491735537190083, 'recall': 0.5909090909090909, 'f1-score': 0.438961038961039, 'support': 44.0}}","[[ 0 18]
 [ 0 26]]"
387,50,128,8,0.2,0.001,64,3,3,0.37142857142857144,0.0,"{'0': {'precision': 0.0, 'recall': 0.0, 'f1-score': 0.0, 'support': 18.0}, '1': {'precision': 0.5909090909090909, 'recall': 1.0, 'f1-score': 0.7428571428571429, 'support': 26.0}, 'accuracy': 0.5909090909090909, 'macro avg': {'precision': 0.29545454545454547, 'recall': 0.5, 'f1-score': 0.37142857142857144, 'support': 44.0}, 'weighted avg': {'precision': 0.3491735537190083, 'recall': 0.5909090909090909, 'f1-score': 0.438961038961039, 'support': 44.0}}","[[ 0 18]
 [ 0 26]]"
388,50,128,8,0.2,0.001,64,5,2,0.37142857142857144,0.5,"{'0': {'precision': 0.0, 'recall': 0.0, 'f1-score': 0.0, 'support': 18.0}, '1': {'precision': 0.5909090909090909, 'recall': 1.0, 'f1-score': 0.7428571428571429, 'support': 26.0}, 'accuracy': 0.5909090909090909, 'macro avg': {'precision': 0.29545454545454547, 'recall': 0.5, 'f1-score': 0.37142857142857144, 'support': 44.0}, 'weighted avg': {'precision': 0.3491735537190083, 'recall': 0.5909090909090909, 'f1-score': 0.438961038961039, 'support': 44.0}}","[[ 0 18]
 [ 0 26]]"
389,50,128,8,0.2,0.001,64,5,3,0.2903225806451613,0.5,"{'0': {'precision': 0.4090909090909091, 'recall': 1.0, 'f1-score': 0.5806451612903226, 'support': 18.0}, '1': {'precision': 0.0, 'recall': 0.0, 'f1-score': 0.0, 'support': 26.0}, 'accuracy': 0.4090909090909091, 'macro avg': {'precision': 0.20454545454545456, 'recall': 0.5, 'f1-score': 0.2903225806451613, 'support': 44.0}, 'weighted avg': {'precision': 0.16735537190082647, 'recall': 0.4090909090909091, 'f1-score': 0.23753665689149564, 'support': 44.0}}","[[18  0]
 [26  0]]"
390,50,128,8,0.2,0.001,128,2,2,0.37142857142857144,0.5,"{'0': {'precision': 0.0, 'recall': 0.0, 'f1-score': 0.0, 'support': 18.0}, '1': {'precision': 0.5909090909090909, 'recall': 1.0, 'f1-score': 0.7428571428571429, 'support': 26.0}, 'accuracy': 0.5909090909090909, 'macro avg': {'precision': 0.29545454545454547, 'recall': 0.5, 'f1-score': 0.37142857142857144, 'support': 44.0}, 'weighted avg': {'precision': 0.3491735537190083, 'recall': 0.5909090909090909, 'f1-score': 0.438961038961039, 'support': 44.0}}","[[ 0 18]
 [ 0 26]]"
391,50,128,8,0.2,0.001,128,2,3,0.3939393939393939,0.5,"{'0': {'precision': 0.26666666666666666, 'recall': 0.2222222222222222, 'f1-score': 0.24242424242424243, 'support': 18.0}, '1': {'precision': 0.5172413793103449, 'recall': 0.5769230769230769, 'f1-score': 0.5454545454545454, 'support': 26.0}, 'accuracy': 0.4318181818181818, 'macro avg': {'precision': 0.3919540229885058, 'recall': 0.39957264957264954, 'f1-score': 0.3939393939393939, 'support': 44.0}, 'weighted avg': {'precision': 0.4147335423197492, 'recall': 0.4318181818181818, 'f1-score': 0.42148760330578505, 'support': 44.0}}","[[ 4 14]
 [11 15]]"
392,50,128,8,0.2,0.001,128,3,2,0.6333333333333333,0.5,"{'0': {'precision': 0.5454545454545454, 'recall': 0.6666666666666666, 'f1-score': 0.6, 'support': 18.0}, '1': {'precision': 0.7272727272727273, 'recall': 0.6153846153846154, 'f1-score': 0.6666666666666666, 'support': 26.0}, 'accuracy': 0.6363636363636364, 'macro avg': {'precision': 0.6363636363636364, 'recall': 0.641025641025641, 'f1-score': 0.6333333333333333, 'support': 44.0}, 'weighted avg': {'precision': 0.652892561983471, 'recall': 0.6363636363636364, 'f1-score': 0.6393939393939394, 'support': 44.0}}","[[12  6]
 [10 16]]"
393,50,128,8,0.2,0.001,128,3,3,0.37142857142857144,0.5,"{'0': {'precision': 0.0, 'recall': 0.0, 'f1-score': 0.0, 'support': 18.0}, '1': {'precision': 0.5909090909090909, 'recall': 1.0, 'f1-score': 0.7428571428571429, 'support': 26.0}, 'accuracy': 0.5909090909090909, 'macro avg': {'precision': 0.29545454545454547, 'recall': 0.5, 'f1-score': 0.37142857142857144, 'support': 44.0}, 'weighted avg': {'precision': 0.3491735537190083, 'recall': 0.5909090909090909, 'f1-score': 0.438961038961039, 'support': 44.0}}","[[ 0 18]
 [ 0 26]]"
394,50,128,8,0.2,0.001,128,5,2,0.37142857142857144,0.5,"{'0': {'precision': 0.0, 'recall': 0.0, 'f1-score': 0.0, 'support': 18.0}, '1': {'precision': 0.5909090909090909, 'recall': 1.0, 'f1-score': 0.7428571428571429, 'support': 26.0}, 'accuracy': 0.5909090909090909, 'macro avg': {'precision': 0.29545454545454547, 'recall': 0.5, 'f1-score': 0.37142857142857144, 'support': 44.0}, 'weighted avg': {'precision': 0.3491735537190083, 'recall': 0.5909090909090909, 'f1-score': 0.438961038961039, 'support': 44.0}}","[[ 0 18]
 [ 0 26]]"
395,50,128,8,0.2,0.001,128,5,3,0.37142857142857144,0.5,"{'0': {'precision': 0.0, 'recall': 0.0, 'f1-score': 0.0, 'support': 18.0}, '1': {'precision': 0.5909090909090909, 'recall': 1.0, 'f1-score': 0.7428571428571429, 'support': 26.0}, 'accuracy': 0.5909090909090909, 'macro avg': {'precision': 0.29545454545454547, 'recall': 0.5, 'f1-score': 0.37142857142857144, 'support': 44.0}, 'weighted avg': {'precision': 0.3491735537190083, 'recall': 0.5909090909090909, 'f1-score': 0.438961038961039, 'support': 44.0}}","[[ 0 18]
 [ 0 26]]"
396,50,128,8,0.2,0.0005,64,2,2,0.37142857142857144,0.0,"{'0': {'precision': 0.0, 'recall': 0.0, 'f1-score': 0.0, 'support': 18.0}, '1': {'precision': 0.5909090909090909, 'recall': 1.0, 'f1-score': 0.7428571428571429, 'support': 26.0}, 'accuracy': 0.5909090909090909, 'macro avg': {'precision': 0.29545454545454547, 'recall': 0.5, 'f1-score': 0.37142857142857144, 'support': 44.0}, 'weighted avg': {'precision': 0.3491735537190083, 'recall': 0.5909090909090909, 'f1-score': 0.438961038961039, 'support': 44.0}}","[[ 0 18]
 [ 0 26]]"
397,50,128,8,0.2,0.0005,64,2,3,0.37142857142857144,0.0,"{'0': {'precision': 0.0, 'recall': 0.0, 'f1-score': 0.0, 'support': 18.0}, '1': {'precision': 0.5909090909090909, 'recall': 1.0, 'f1-score': 0.7428571428571429, 'support': 26.0}, 'accuracy': 0.5909090909090909, 'macro avg': {'precision': 0.29545454545454547, 'recall': 0.5, 'f1-score': 0.37142857142857144, 'support': 44.0}, 'weighted avg': {'precision': 0.3491735537190083, 'recall': 0.5909090909090909, 'f1-score': 0.438961038961039, 'support': 44.0}}","[[ 0 18]
 [ 0 26]]"
398,50,128,8,0.2,0.0005,64,3,2,0.3931034482758621,0.5,"{'0': {'precision': 0.25, 'recall': 0.16666666666666666, 'f1-score': 0.2, 'support': 18.0}, '1': {'precision': 0.53125, 'recall': 0.6538461538461539, 'f1-score': 0.5862068965517241, 'support': 26.0}, 'accuracy': 0.45454545454545453, 'macro avg': {'precision': 0.390625, 'recall': 0.41025641025641024, 'f1-score': 0.3931034482758621, 'support': 44.0}, 'weighted avg': {'precision': 0.4161931818181818, 'recall': 0.45454545454545453, 'f1-score': 0.42821316614420063, 'support': 44.0}}","[[ 3 15]
 [ 9 17]]"
399,50,128,8,0.2,0.0005,64,3,3,0.37142857142857144,0.5,"{'0': {'precision': 0.0, 'recall': 0.0, 'f1-score': 0.0, 'support': 18.0}, '1': {'precision': 0.5909090909090909, 'recall': 1.0, 'f1-score': 0.7428571428571429, 'support': 26.0}, 'accuracy': 0.5909090909090909, 'macro avg': {'precision': 0.29545454545454547, 'recall': 0.5, 'f1-score': 0.37142857142857144, 'support': 44.0}, 'weighted avg': {'precision': 0.3491735537190083, 'recall': 0.5909090909090909, 'f1-score': 0.438961038961039, 'support': 44.0}}","[[ 0 18]
 [ 0 26]]"
400,50,128,8,0.2,0.0005,64,5,2,0.37142857142857144,0.0,"{'0': {'precision': 0.0, 'recall': 0.0, 'f1-score': 0.0, 'support': 18.0}, '1': {'precision': 0.5909090909090909, 'recall': 1.0, 'f1-score': 0.7428571428571429, 'support': 26.0}, 'accuracy': 0.5909090909090909, 'macro avg': {'precision': 0.29545454545454547, 'recall': 0.5, 'f1-score': 0.37142857142857144, 'support': 44.0}, 'weighted avg': {'precision': 0.3491735537190083, 'recall': 0.5909090909090909, 'f1-score': 0.438961038961039, 'support': 44.0}}","[[ 0 18]
 [ 0 26]]"
401,50,128,8,0.2,0.0005,64,5,3,0.37142857142857144,0.0,"{'0': {'precision': 0.0, 'recall': 0.0, 'f1-score': 0.0, 'support': 18.0}, '1': {'precision': 0.5909090909090909, 'recall': 1.0, 'f1-score': 0.7428571428571429, 'support': 26.0}, 'accuracy': 0.5909090909090909, 'macro avg': {'precision': 0.29545454545454547, 'recall': 0.5, 'f1-score': 0.37142857142857144, 'support': 44.0}, 'weighted avg': {'precision': 0.3491735537190083, 'recall': 0.5909090909090909, 'f1-score': 0.438961038961039, 'support': 44.0}}","[[ 0 18]
 [ 0 26]]"
402,50,128,8,0.2,0.0005,128,2,2,0.37142857142857144,0.0,"{'0': {'precision': 0.0, 'recall': 0.0, 'f1-score': 0.0, 'support': 18.0}, '1': {'precision': 0.5909090909090909, 'recall': 1.0, 'f1-score': 0.7428571428571429, 'support': 26.0}, 'accuracy': 0.5909090909090909, 'macro avg': {'precision': 0.29545454545454547, 'recall': 0.5, 'f1-score': 0.37142857142857144, 'support': 44.0}, 'weighted avg': {'precision': 0.3491735537190083, 'recall': 0.5909090909090909, 'f1-score': 0.438961038961039, 'support': 44.0}}","[[ 0 18]
 [ 0 26]]"
403,50,128,8,0.2,0.0005,128,2,3,0.37142857142857144,0.0,"{'0': {'precision': 0.0, 'recall': 0.0, 'f1-score': 0.0, 'support': 18.0}, '1': {'precision': 0.5909090909090909, 'recall': 1.0, 'f1-score': 0.7428571428571429, 'support': 26.0}, 'accuracy': 0.5909090909090909, 'macro avg': {'precision': 0.29545454545454547, 'recall': 0.5, 'f1-score': 0.37142857142857144, 'support': 44.0}, 'weighted avg': {'precision': 0.3491735537190083, 'recall': 0.5909090909090909, 'f1-score': 0.438961038961039, 'support': 44.0}}","[[ 0 18]
 [ 0 26]]"
404,50,128,8,0.2,0.0005,128,3,2,0.429443173150267,0.5,"{'0': {'precision': 1.0, 'recall': 0.05555555555555555, 'f1-score': 0.10526315789473684, 'support': 18.0}, '1': {'precision': 0.6046511627906976, 'recall': 1.0, 'f1-score': 0.7536231884057971, 'support': 26.0}, 'accuracy': 0.6136363636363636, 'macro avg': {'precision': 0.8023255813953488, 'recall': 0.5277777777777778, 'f1-score': 0.429443173150267, 'support': 44.0}, 'weighted avg': {'precision': 0.766384778012685, 'recall': 0.6136363636363636, 'f1-score': 0.488384994105818, 'support': 44.0}}","[[ 1 17]
 [ 0 26]]"
405,50,128,8,0.2,0.0005,128,3,3,0.6036036036036037,0.5,"{'0': {'precision': 0.5263157894736842, 'recall': 0.5555555555555556, 'f1-score': 0.5405405405405406, 'support': 18.0}, '1': {'precision': 0.68, 'recall': 0.6538461538461539, 'f1-score': 0.6666666666666666, 'support': 26.0}, 'accuracy': 0.6136363636363636, 'macro avg': {'precision': 0.6031578947368421, 'recall': 0.6047008547008548, 'f1-score': 0.6036036036036037, 'support': 44.0}, 'weighted avg': {'precision': 0.6171291866028707, 'recall': 0.6136363636363636, 'f1-score': 0.615069615069615, 'support': 44.0}}","[[10  8]
 [ 9 17]]"
406,50,128,8,0.2,0.0005,128,5,2,0.3931034482758621,0.5,"{'0': {'precision': 0.425, 'recall': 0.9444444444444444, 'f1-score': 0.5862068965517241, 'support': 18.0}, '1': {'precision': 0.75, 'recall': 0.11538461538461539, 'f1-score': 0.2, 'support': 26.0}, 'accuracy': 0.45454545454545453, 'macro avg': {'precision': 0.5875, 'recall': 0.5299145299145299, 'f1-score': 0.3931034482758621, 'support': 44.0}, 'weighted avg': {'precision': 0.6170454545454546, 'recall': 0.45454545454545453, 'f1-score': 0.3579937304075235, 'support': 44.0}}","[[17  1]
 [23  3]]"
407,50,128,8,0.2,0.0005,128,5,3,0.5831578947368421,0.5,"{'0': {'precision': 0.5, 'recall': 0.5555555555555556, 'f1-score': 0.5263157894736842, 'support': 18.0}, '1': {'precision': 0.6666666666666666, 'recall': 0.6153846153846154, 'f1-score': 0.64, 'support': 26.0}, 'accuracy': 0.5909090909090909, 'macro avg': {'precision': 0.5833333333333333, 'recall': 0.5854700854700855, 'f1-score': 0.5831578947368421, 'support': 44.0}, 'weighted avg': {'precision': 0.5984848484848485, 'recall': 0.5909090909090909, 'f1-score': 0.5934928229665072, 'support': 44.0}}","[[10  8]
 [10 16]]"
408,50,128,8,0.5,0.001,64,2,2,0.319047619047619,0.5,"{'0': {'precision': 0.40476190476190477, 'recall': 0.9444444444444444, 'f1-score': 0.5666666666666667, 'support': 18.0}, '1': {'precision': 0.5, 'recall': 0.038461538461538464, 'f1-score': 0.07142857142857142, 'support': 26.0}, 'accuracy': 0.4090909090909091, 'macro avg': {'precision': 0.4523809523809524, 'recall': 0.49145299145299143, 'f1-score': 0.319047619047619, 'support': 44.0}, 'weighted avg': {'precision': 0.461038961038961, 'recall': 0.4090909090909091, 'f1-score': 0.274025974025974, 'support': 44.0}}","[[17  1]
 [25  1]]"
409,50,128,8,0.5,0.001,64,2,3,0.37142857142857144,0.5,"{'0': {'precision': 0.0, 'recall': 0.0, 'f1-score': 0.0, 'support': 18.0}, '1': {'precision': 0.5909090909090909, 'recall': 1.0, 'f1-score': 0.7428571428571429, 'support': 26.0}, 'accuracy': 0.5909090909090909, 'macro avg': {'precision': 0.29545454545454547, 'recall': 0.5, 'f1-score': 0.37142857142857144, 'support': 44.0}, 'weighted avg': {'precision': 0.3491735537190083, 'recall': 0.5909090909090909, 'f1-score': 0.438961038961039, 'support': 44.0}}","[[ 0 18]
 [ 0 26]]"
410,50,128,8,0.5,0.001,64,3,2,0.45454545454545453,0.5,"{'0': {'precision': 0.38461538461538464, 'recall': 0.5555555555555556, 'f1-score': 0.45454545454545453, 'support': 18.0}, '1': {'precision': 0.5555555555555556, 'recall': 0.38461538461538464, 'f1-score': 0.45454545454545453, 'support': 26.0}, 'accuracy': 0.45454545454545453, 'macro avg': {'precision': 0.4700854700854701, 'recall': 0.4700854700854701, 'f1-score': 0.45454545454545453, 'support': 44.0}, 'weighted avg': {'precision': 0.4856254856254857, 'recall': 0.45454545454545453, 'f1-score': 0.45454545454545453, 'support': 44.0}}","[[10  8]
 [16 10]]"
411,50,128,8,0.5,0.001,64,3,3,0.26666666666666666,0.5,"{'0': {'precision': 0.38095238095238093, 'recall': 0.8888888888888888, 'f1-score': 0.5333333333333333, 'support': 18.0}, '1': {'precision': 0.0, 'recall': 0.0, 'f1-score': 0.0, 'support': 26.0}, 'accuracy': 0.36363636363636365, 'macro avg': {'precision': 0.19047619047619047, 'recall': 0.4444444444444444, 'f1-score': 0.26666666666666666, 'support': 44.0}, 'weighted avg': {'precision': 0.15584415584415584, 'recall': 0.36363636363636365, 'f1-score': 0.21818181818181817, 'support': 44.0}}","[[16  2]
 [26  0]]"
412,50,128,8,0.5,0.001,64,5,2,0.37142857142857144,0.5,"{'0': {'precision': 0.0, 'recall': 0.0, 'f1-score': 0.0, 'support': 18.0}, '1': {'precision': 0.5909090909090909, 'recall': 1.0, 'f1-score': 0.7428571428571429, 'support': 26.0}, 'accuracy': 0.5909090909090909, 'macro avg': {'precision': 0.29545454545454547, 'recall': 0.5, 'f1-score': 0.37142857142857144, 'support': 44.0}, 'weighted avg': {'precision': 0.3491735537190083, 'recall': 0.5909090909090909, 'f1-score': 0.438961038961039, 'support': 44.0}}","[[ 0 18]
 [ 0 26]]"
413,50,128,8,0.5,0.001,64,5,3,0.37142857142857144,0.5,"{'0': {'precision': 0.0, 'recall': 0.0, 'f1-score': 0.0, 'support': 18.0}, '1': {'precision': 0.5909090909090909, 'recall': 1.0, 'f1-score': 0.7428571428571429, 'support': 26.0}, 'accuracy': 0.5909090909090909, 'macro avg': {'precision': 0.29545454545454547, 'recall': 0.5, 'f1-score': 0.37142857142857144, 'support': 44.0}, 'weighted avg': {'precision': 0.3491735537190083, 'recall': 0.5909090909090909, 'f1-score': 0.438961038961039, 'support': 44.0}}","[[ 0 18]
 [ 0 26]]"
414,50,128,8,0.5,0.001,128,2,2,0.39789473684210525,0.5,"{'0': {'precision': 0.375, 'recall': 0.6666666666666666, 'f1-score': 0.48, 'support': 18.0}, '1': {'precision': 0.5, 'recall': 0.23076923076923078, 'f1-score': 0.3157894736842105, 'support': 26.0}, 'accuracy': 0.4090909090909091, 'macro avg': {'precision': 0.4375, 'recall': 0.4487179487179487, 'f1-score': 0.39789473684210525, 'support': 44.0}, 'weighted avg': {'precision': 0.44886363636363635, 'recall': 0.4090909090909091, 'f1-score': 0.38296650717703346, 'support': 44.0}}","[[12  6]
 [20  6]]"
415,50,128,8,0.5,0.001,128,2,3,0.37142857142857144,0.0,"{'0': {'precision': 0.0, 'recall': 0.0, 'f1-score': 0.0, 'support': 18.0}, '1': {'precision': 0.5909090909090909, 'recall': 1.0, 'f1-score': 0.7428571428571429, 'support': 26.0}, 'accuracy': 0.5909090909090909, 'macro avg': {'precision': 0.29545454545454547, 'recall': 0.5, 'f1-score': 0.37142857142857144, 'support': 44.0}, 'weighted avg': {'precision': 0.3491735537190083, 'recall': 0.5909090909090909, 'f1-score': 0.438961038961039, 'support': 44.0}}","[[ 0 18]
 [ 0 26]]"
416,50,128,8,0.5,0.001,128,3,2,0.37142857142857144,0.0,"{'0': {'precision': 0.0, 'recall': 0.0, 'f1-score': 0.0, 'support': 18.0}, '1': {'precision': 0.5909090909090909, 'recall': 1.0, 'f1-score': 0.7428571428571429, 'support': 26.0}, 'accuracy': 0.5909090909090909, 'macro avg': {'precision': 0.29545454545454547, 'recall': 0.5, 'f1-score': 0.37142857142857144, 'support': 44.0}, 'weighted avg': {'precision': 0.3491735537190083, 'recall': 0.5909090909090909, 'f1-score': 0.438961038961039, 'support': 44.0}}","[[ 0 18]
 [ 0 26]]"
417,50,128,8,0.5,0.001,128,3,3,0.37142857142857144,0.5,"{'0': {'precision': 0.0, 'recall': 0.0, 'f1-score': 0.0, 'support': 18.0}, '1': {'precision': 0.5909090909090909, 'recall': 1.0, 'f1-score': 0.7428571428571429, 'support': 26.0}, 'accuracy': 0.5909090909090909, 'macro avg': {'precision': 0.29545454545454547, 'recall': 0.5, 'f1-score': 0.37142857142857144, 'support': 44.0}, 'weighted avg': {'precision': 0.3491735537190083, 'recall': 0.5909090909090909, 'f1-score': 0.438961038961039, 'support': 44.0}}","[[ 0 18]
 [ 0 26]]"
418,50,128,8,0.5,0.001,128,5,2,0.2903225806451613,0.5,"{'0': {'precision': 0.4090909090909091, 'recall': 1.0, 'f1-score': 0.5806451612903226, 'support': 18.0}, '1': {'precision': 0.0, 'recall': 0.0, 'f1-score': 0.0, 'support': 26.0}, 'accuracy': 0.4090909090909091, 'macro avg': {'precision': 0.20454545454545456, 'recall': 0.5, 'f1-score': 0.2903225806451613, 'support': 44.0}, 'weighted avg': {'precision': 0.16735537190082647, 'recall': 0.4090909090909091, 'f1-score': 0.23753665689149564, 'support': 44.0}}","[[18  0]
 [26  0]]"
419,50,128,8,0.5,0.001,128,5,3,0.2903225806451613,0.5,"{'0': {'precision': 0.4090909090909091, 'recall': 1.0, 'f1-score': 0.5806451612903226, 'support': 18.0}, '1': {'precision': 0.0, 'recall': 0.0, 'f1-score': 0.0, 'support': 26.0}, 'accuracy': 0.4090909090909091, 'macro avg': {'precision': 0.20454545454545456, 'recall': 0.5, 'f1-score': 0.2903225806451613, 'support': 44.0}, 'weighted avg': {'precision': 0.16735537190082647, 'recall': 0.4090909090909091, 'f1-score': 0.23753665689149564, 'support': 44.0}}","[[18  0]
 [26  0]]"
420,50,128,8,0.5,0.0005,64,2,2,0.40700808625336926,0.5,"{'0': {'precision': 0.4, 'recall': 0.7777777777777778, 'f1-score': 0.5283018867924528, 'support': 18.0}, '1': {'precision': 0.5555555555555556, 'recall': 0.19230769230769232, 'f1-score': 0.2857142857142857, 'support': 26.0}, 'accuracy': 0.4318181818181818, 'macro avg': {'precision': 0.4777777777777778, 'recall': 0.48504273504273504, 'f1-score': 0.40700808625336926, 'support': 44.0}, 'weighted avg': {'precision': 0.4919191919191919, 'recall': 0.4318181818181818, 'f1-score': 0.38495466797353584, 'support': 44.0}}","[[14  4]
 [21  5]]"
421,50,128,8,0.5,0.0005,64,2,3,0.37142857142857144,0.0,"{'0': {'precision': 0.0, 'recall': 0.0, 'f1-score': 0.0, 'support': 18.0}, '1': {'precision': 0.5909090909090909, 'recall': 1.0, 'f1-score': 0.7428571428571429, 'support': 26.0}, 'accuracy': 0.5909090909090909, 'macro avg': {'precision': 0.29545454545454547, 'recall': 0.5, 'f1-score': 0.37142857142857144, 'support': 44.0}, 'weighted avg': {'precision': 0.3491735537190083, 'recall': 0.5909090909090909, 'f1-score': 0.438961038961039, 'support': 44.0}}","[[ 0 18]
 [ 0 26]]"
422,50,128,8,0.5,0.0005,64,3,2,0.2903225806451613,0.5,"{'0': {'precision': 0.4090909090909091, 'recall': 1.0, 'f1-score': 0.5806451612903226, 'support': 18.0}, '1': {'precision': 0.0, 'recall': 0.0, 'f1-score': 0.0, 'support': 26.0}, 'accuracy': 0.4090909090909091, 'macro avg': {'precision': 0.20454545454545456, 'recall': 0.5, 'f1-score': 0.2903225806451613, 'support': 44.0}, 'weighted avg': {'precision': 0.16735537190082647, 'recall': 0.4090909090909091, 'f1-score': 0.23753665689149564, 'support': 44.0}}","[[18  0]
 [26  0]]"
423,50,128,8,0.5,0.0005,64,3,3,0.2903225806451613,0.5,"{'0': {'precision': 0.4090909090909091, 'recall': 1.0, 'f1-score': 0.5806451612903226, 'support': 18.0}, '1': {'precision': 0.0, 'recall': 0.0, 'f1-score': 0.0, 'support': 26.0}, 'accuracy': 0.4090909090909091, 'macro avg': {'precision': 0.20454545454545456, 'recall': 0.5, 'f1-score': 0.2903225806451613, 'support': 44.0}, 'weighted avg': {'precision': 0.16735537190082647, 'recall': 0.4090909090909091, 'f1-score': 0.23753665689149564, 'support': 44.0}}","[[18  0]
 [26  0]]"
424,50,128,8,0.5,0.0005,64,5,2,0.37142857142857144,0.0,"{'0': {'precision': 0.0, 'recall': 0.0, 'f1-score': 0.0, 'support': 18.0}, '1': {'precision': 0.5909090909090909, 'recall': 1.0, 'f1-score': 0.7428571428571429, 'support': 26.0}, 'accuracy': 0.5909090909090909, 'macro avg': {'precision': 0.29545454545454547, 'recall': 0.5, 'f1-score': 0.37142857142857144, 'support': 44.0}, 'weighted avg': {'precision': 0.3491735537190083, 'recall': 0.5909090909090909, 'f1-score': 0.438961038961039, 'support': 44.0}}","[[ 0 18]
 [ 0 26]]"
425,50,128,8,0.5,0.0005,64,5,3,0.37142857142857144,0.0,"{'0': {'precision': 0.0, 'recall': 0.0, 'f1-score': 0.0, 'support': 18.0}, '1': {'precision': 0.5909090909090909, 'recall': 1.0, 'f1-score': 0.7428571428571429, 'support': 26.0}, 'accuracy': 0.5909090909090909, 'macro avg': {'precision': 0.29545454545454547, 'recall': 0.5, 'f1-score': 0.37142857142857144, 'support': 44.0}, 'weighted avg': {'precision': 0.3491735537190083, 'recall': 0.5909090909090909, 'f1-score': 0.438961038961039, 'support': 44.0}}","[[ 0 18]
 [ 0 26]]"
426,50,128,8,0.5,0.0005,128,2,2,0.37142857142857144,0.0,"{'0': {'precision': 0.0, 'recall': 0.0, 'f1-score': 0.0, 'support': 18.0}, '1': {'precision': 0.5909090909090909, 'recall': 1.0, 'f1-score': 0.7428571428571429, 'support': 26.0}, 'accuracy': 0.5909090909090909, 'macro avg': {'precision': 0.29545454545454547, 'recall': 0.5, 'f1-score': 0.37142857142857144, 'support': 44.0}, 'weighted avg': {'precision': 0.3491735537190083, 'recall': 0.5909090909090909, 'f1-score': 0.438961038961039, 'support': 44.0}}","[[ 0 18]
 [ 0 26]]"
427,50,128,8,0.5,0.0005,128,2,3,0.37142857142857144,0.0,"{'0': {'precision': 0.0, 'recall': 0.0, 'f1-score': 0.0, 'support': 18.0}, '1': {'precision': 0.5909090909090909, 'recall': 1.0, 'f1-score': 0.7428571428571429, 'support': 26.0}, 'accuracy': 0.5909090909090909, 'macro avg': {'precision': 0.29545454545454547, 'recall': 0.5, 'f1-score': 0.37142857142857144, 'support': 44.0}, 'weighted avg': {'precision': 0.3491735537190083, 'recall': 0.5909090909090909, 'f1-score': 0.438961038961039, 'support': 44.0}}","[[ 0 18]
 [ 0 26]]"
428,50,128,8,0.5,0.0005,128,3,2,0.4041666666666667,0.5,"{'0': {'precision': 0.36666666666666664, 'recall': 0.6111111111111112, 'f1-score': 0.4583333333333333, 'support': 18.0}, '1': {'precision': 0.5, 'recall': 0.2692307692307692, 'f1-score': 0.35, 'support': 26.0}, 'accuracy': 0.4090909090909091, 'macro avg': {'precision': 0.43333333333333335, 'recall': 0.44017094017094016, 'f1-score': 0.4041666666666667, 'support': 44.0}, 'weighted avg': {'precision': 0.4454545454545455, 'recall': 0.4090909090909091, 'f1-score': 0.39431818181818185, 'support': 44.0}}","[[11  7]
 [19  7]]"
429,50,128,8,0.5,0.0005,128,3,3,0.2786885245901639,0.5,"{'0': {'precision': 0.3953488372093023, 'recall': 0.9444444444444444, 'f1-score': 0.5573770491803278, 'support': 18.0}, '1': {'precision': 0.0, 'recall': 0.0, 'f1-score': 0.0, 'support': 26.0}, 'accuracy': 0.38636363636363635, 'macro avg': {'precision': 0.19767441860465115, 'recall': 0.4722222222222222, 'f1-score': 0.2786885245901639, 'support': 44.0}, 'weighted avg': {'precision': 0.1617336152219873, 'recall': 0.38636363636363635, 'f1-score': 0.22801788375558865, 'support': 44.0}}","[[17  1]
 [26  0]]"
430,50,128,8,0.5,0.0005,128,5,2,0.2903225806451613,0.5,"{'0': {'precision': 0.4090909090909091, 'recall': 1.0, 'f1-score': 0.5806451612903226, 'support': 18.0}, '1': {'precision': 0.0, 'recall': 0.0, 'f1-score': 0.0, 'support': 26.0}, 'accuracy': 0.4090909090909091, 'macro avg': {'precision': 0.20454545454545456, 'recall': 0.5, 'f1-score': 0.2903225806451613, 'support': 44.0}, 'weighted avg': {'precision': 0.16735537190082647, 'recall': 0.4090909090909091, 'f1-score': 0.23753665689149564, 'support': 44.0}}","[[18  0]
 [26  0]]"
431,50,128,8,0.5,0.0005,128,5,3,0.37142857142857144,0.5,"{'0': {'precision': 0.0, 'recall': 0.0, 'f1-score': 0.0, 'support': 18.0}, '1': {'precision': 0.5909090909090909, 'recall': 1.0, 'f1-score': 0.7428571428571429, 'support': 26.0}, 'accuracy': 0.5909090909090909, 'macro avg': {'precision': 0.29545454545454547, 'recall': 0.5, 'f1-score': 0.37142857142857144, 'support': 44.0}, 'weighted avg': {'precision': 0.3491735537190083, 'recall': 0.5909090909090909, 'f1-score': 0.438961038961039, 'support': 44.0}}","[[ 0 18]
 [ 0 26]]"
432,50,128,16,0.2,0.001,64,2,2,0.37142857142857144,0.0,"{'0': {'precision': 0.0, 'recall': 0.0, 'f1-score': 0.0, 'support': 18.0}, '1': {'precision': 0.5909090909090909, 'recall': 1.0, 'f1-score': 0.7428571428571429, 'support': 26.0}, 'accuracy': 0.5909090909090909, 'macro avg': {'precision': 0.29545454545454547, 'recall': 0.5, 'f1-score': 0.37142857142857144, 'support': 44.0}, 'weighted avg': {'precision': 0.3491735537190083, 'recall': 0.5909090909090909, 'f1-score': 0.438961038961039, 'support': 44.0}}","[[ 0 18]
 [ 0 26]]"
433,50,128,16,0.2,0.001,64,2,3,0.47276688453159044,0.5,"{'0': {'precision': 0.375, 'recall': 0.3333333333333333, 'f1-score': 0.35294117647058826, 'support': 18.0}, '1': {'precision': 0.5714285714285714, 'recall': 0.6153846153846154, 'f1-score': 0.5925925925925926, 'support': 26.0}, 'accuracy': 0.5, 'macro avg': {'precision': 0.4732142857142857, 'recall': 0.47435897435897434, 'f1-score': 0.47276688453159044, 'support': 44.0}, 'weighted avg': {'precision': 0.4910714285714285, 'recall': 0.5, 'f1-score': 0.49455337690631807, 'support': 44.0}}","[[ 6 12]
 [10 16]]"
434,50,128,16,0.2,0.001,64,3,2,0.46369899311075785,0.5,"{'0': {'precision': 0.3684210526315789, 'recall': 0.3888888888888889, 'f1-score': 0.3783783783783784, 'support': 18.0}, '1': {'precision': 0.56, 'recall': 0.5384615384615384, 'f1-score': 0.5490196078431373, 'support': 26.0}, 'accuracy': 0.4772727272727273, 'macro avg': {'precision': 0.4642105263157895, 'recall': 0.4636752136752137, 'f1-score': 0.46369899311075785, 'support': 44.0}, 'weighted avg': {'precision': 0.48162679425837324, 'recall': 0.4772727272727273, 'f1-score': 0.47921183215300867, 'support': 44.0}}","[[ 7 11]
 [12 14]]"
435,50,128,16,0.2,0.001,64,3,3,0.5164835164835164,0.5,"{'0': {'precision': 0.45161290322580644, 'recall': 0.7777777777777778, 'f1-score': 0.5714285714285714, 'support': 18.0}, '1': {'precision': 0.6923076923076923, 'recall': 0.34615384615384615, 'f1-score': 0.46153846153846156, 'support': 26.0}, 'accuracy': 0.5227272727272727, 'macro avg': {'precision': 0.5719602977667494, 'recall': 0.561965811965812, 'f1-score': 0.5164835164835164, 'support': 44.0}, 'weighted avg': {'precision': 0.593841642228739, 'recall': 0.5227272727272727, 'f1-score': 0.5064935064935064, 'support': 44.0}}","[[14  4]
 [17  9]]"
436,50,128,16,0.2,0.001,64,5,2,0.4041666666666667,0.5,"{'0': {'precision': 0.3181818181818182, 'recall': 0.3888888888888889, 'f1-score': 0.35, 'support': 18.0}, '1': {'precision': 0.5, 'recall': 0.4230769230769231, 'f1-score': 0.4583333333333333, 'support': 26.0}, 'accuracy': 0.4090909090909091, 'macro avg': {'precision': 0.40909090909090906, 'recall': 0.405982905982906, 'f1-score': 0.4041666666666667, 'support': 44.0}, 'weighted avg': {'precision': 0.42561983471074377, 'recall': 0.4090909090909091, 'f1-score': 0.4140151515151515, 'support': 44.0}}","[[ 7 11]
 [15 11]]"
437,50,128,16,0.2,0.001,64,5,3,0.5679586563307493,0.5,"{'0': {'precision': 0.48, 'recall': 0.6666666666666666, 'f1-score': 0.5581395348837209, 'support': 18.0}, '1': {'precision': 0.6842105263157895, 'recall': 0.5, 'f1-score': 0.5777777777777777, 'support': 26.0}, 'accuracy': 0.5681818181818182, 'macro avg': {'precision': 0.5821052631578947, 'recall': 0.5833333333333333, 'f1-score': 0.5679586563307493, 'support': 44.0}, 'weighted avg': {'precision': 0.6006698564593301, 'recall': 0.5681818181818182, 'f1-score': 0.5697439511393, 'support': 44.0}}","[[12  6]
 [13 13]]"
438,50,128,16,0.2,0.001,128,2,2,0.2903225806451613,0.5,"{'0': {'precision': 0.4090909090909091, 'recall': 1.0, 'f1-score': 0.5806451612903226, 'support': 18.0}, '1': {'precision': 0.0, 'recall': 0.0, 'f1-score': 0.0, 'support': 26.0}, 'accuracy': 0.4090909090909091, 'macro avg': {'precision': 0.20454545454545456, 'recall': 0.5, 'f1-score': 0.2903225806451613, 'support': 44.0}, 'weighted avg': {'precision': 0.16735537190082647, 'recall': 0.4090909090909091, 'f1-score': 0.23753665689149564, 'support': 44.0}}","[[18  0]
 [26  0]]"
439,50,128,16,0.2,0.001,128,2,3,0.37142857142857144,0.0,"{'0': {'precision': 0.0, 'recall': 0.0, 'f1-score': 0.0, 'support': 18.0}, '1': {'precision': 0.5909090909090909, 'recall': 1.0, 'f1-score': 0.7428571428571429, 'support': 26.0}, 'accuracy': 0.5909090909090909, 'macro avg': {'precision': 0.29545454545454547, 'recall': 0.5, 'f1-score': 0.37142857142857144, 'support': 44.0}, 'weighted avg': {'precision': 0.3491735537190083, 'recall': 0.5909090909090909, 'f1-score': 0.438961038961039, 'support': 44.0}}","[[ 0 18]
 [ 0 26]]"
440,50,128,16,0.2,0.001,128,3,2,0.37142857142857144,0.5,"{'0': {'precision': 0.0, 'recall': 0.0, 'f1-score': 0.0, 'support': 18.0}, '1': {'precision': 0.5909090909090909, 'recall': 1.0, 'f1-score': 0.7428571428571429, 'support': 26.0}, 'accuracy': 0.5909090909090909, 'macro avg': {'precision': 0.29545454545454547, 'recall': 0.5, 'f1-score': 0.37142857142857144, 'support': 44.0}, 'weighted avg': {'precision': 0.3491735537190083, 'recall': 0.5909090909090909, 'f1-score': 0.438961038961039, 'support': 44.0}}","[[ 0 18]
 [ 0 26]]"
441,50,128,16,0.2,0.001,128,3,3,0.37142857142857144,0.0,"{'0': {'precision': 0.0, 'recall': 0.0, 'f1-score': 0.0, 'support': 18.0}, '1': {'precision': 0.5909090909090909, 'recall': 1.0, 'f1-score': 0.7428571428571429, 'support': 26.0}, 'accuracy': 0.5909090909090909, 'macro avg': {'precision': 0.29545454545454547, 'recall': 0.5, 'f1-score': 0.37142857142857144, 'support': 44.0}, 'weighted avg': {'precision': 0.3491735537190083, 'recall': 0.5909090909090909, 'f1-score': 0.438961038961039, 'support': 44.0}}","[[ 0 18]
 [ 0 26]]"
442,50,128,16,0.2,0.001,128,5,2,0.5206971677559913,0.5,"{'0': {'precision': 0.4722222222222222, 'recall': 0.9444444444444444, 'f1-score': 0.6296296296296297, 'support': 18.0}, '1': {'precision': 0.875, 'recall': 0.2692307692307692, 'f1-score': 0.4117647058823529, 'support': 26.0}, 'accuracy': 0.5454545454545454, 'macro avg': {'precision': 0.6736111111111112, 'recall': 0.6068376068376068, 'f1-score': 0.5206971677559913, 'support': 44.0}, 'weighted avg': {'precision': 0.7102272727272727, 'recall': 0.5454545454545454, 'f1-score': 0.5008912655971479, 'support': 44.0}}","[[17  1]
 [19  7]]"
443,50,128,16,0.2,0.001,128,5,3,0.34328358208955223,0.5,"{'0': {'precision': 0.0, 'recall': 0.0, 'f1-score': 0.0, 'support': 18.0}, '1': {'precision': 0.5609756097560976, 'recall': 0.8846153846153846, 'f1-score': 0.6865671641791045, 'support': 26.0}, 'accuracy': 0.5227272727272727, 'macro avg': {'precision': 0.2804878048780488, 'recall': 0.4423076923076923, 'f1-score': 0.34328358208955223, 'support': 44.0}, 'weighted avg': {'precision': 0.33148558758314856, 'recall': 0.5227272727272727, 'f1-score': 0.40569877883310723, 'support': 44.0}}","[[ 0 18]
 [ 3 23]]"
444,50,128,16,0.2,0.0005,64,2,2,0.3931034482758621,0.5,"{'0': {'precision': 0.25, 'recall': 0.16666666666666666, 'f1-score': 0.2, 'support': 18.0}, '1': {'precision': 0.53125, 'recall': 0.6538461538461539, 'f1-score': 0.5862068965517241, 'support': 26.0}, 'accuracy': 0.45454545454545453, 'macro avg': {'precision': 0.390625, 'recall': 0.41025641025641024, 'f1-score': 0.3931034482758621, 'support': 44.0}, 'weighted avg': {'precision': 0.4161931818181818, 'recall': 0.45454545454545453, 'f1-score': 0.42821316614420063, 'support': 44.0}}","[[ 3 15]
 [ 9 17]]"
445,50,128,16,0.2,0.0005,64,2,3,0.37142857142857144,0.0,"{'0': {'precision': 0.0, 'recall': 0.0, 'f1-score': 0.0, 'support': 18.0}, '1': {'precision': 0.5909090909090909, 'recall': 1.0, 'f1-score': 0.7428571428571429, 'support': 26.0}, 'accuracy': 0.5909090909090909, 'macro avg': {'precision': 0.29545454545454547, 'recall': 0.5, 'f1-score': 0.37142857142857144, 'support': 44.0}, 'weighted avg': {'precision': 0.3491735537190083, 'recall': 0.5909090909090909, 'f1-score': 0.438961038961039, 'support': 44.0}}","[[ 0 18]
 [ 0 26]]"
446,50,128,16,0.2,0.0005,64,3,2,0.37142857142857144,0.0,"{'0': {'precision': 0.0, 'recall': 0.0, 'f1-score': 0.0, 'support': 18.0}, '1': {'precision': 0.5909090909090909, 'recall': 1.0, 'f1-score': 0.7428571428571429, 'support': 26.0}, 'accuracy': 0.5909090909090909, 'macro avg': {'precision': 0.29545454545454547, 'recall': 0.5, 'f1-score': 0.37142857142857144, 'support': 44.0}, 'weighted avg': {'precision': 0.3491735537190083, 'recall': 0.5909090909090909, 'f1-score': 0.438961038961039, 'support': 44.0}}","[[ 0 18]
 [ 0 26]]"
447,50,128,16,0.2,0.0005,64,3,3,0.4243851386708529,0.5,"{'0': {'precision': 0.3870967741935484, 'recall': 0.6666666666666666, 'f1-score': 0.4897959183673469, 'support': 18.0}, '1': {'precision': 0.5384615384615384, 'recall': 0.2692307692307692, 'f1-score': 0.358974358974359, 'support': 26.0}, 'accuracy': 0.4318181818181818, 'macro avg': {'precision': 0.4627791563275434, 'recall': 0.46794871794871795, 'f1-score': 0.4243851386708529, 'support': 44.0}, 'weighted avg': {'precision': 0.47653958944281527, 'recall': 0.4318181818181818, 'f1-score': 0.4124922696351268, 'support': 44.0}}","[[12  6]
 [19  7]]"
448,50,128,16,0.2,0.0005,64,5,2,0.37142857142857144,0.0,"{'0': {'precision': 0.0, 'recall': 0.0, 'f1-score': 0.0, 'support': 18.0}, '1': {'precision': 0.5909090909090909, 'recall': 1.0, 'f1-score': 0.7428571428571429, 'support': 26.0}, 'accuracy': 0.5909090909090909, 'macro avg': {'precision': 0.29545454545454547, 'recall': 0.5, 'f1-score': 0.37142857142857144, 'support': 44.0}, 'weighted avg': {'precision': 0.3491735537190083, 'recall': 0.5909090909090909, 'f1-score': 0.438961038961039, 'support': 44.0}}","[[ 0 18]
 [ 0 26]]"
449,50,128,16,0.2,0.0005,64,5,3,0.2903225806451613,0.5,"{'0': {'precision': 0.4090909090909091, 'recall': 1.0, 'f1-score': 0.5806451612903226, 'support': 18.0}, '1': {'precision': 0.0, 'recall': 0.0, 'f1-score': 0.0, 'support': 26.0}, 'accuracy': 0.4090909090909091, 'macro avg': {'precision': 0.20454545454545456, 'recall': 0.5, 'f1-score': 0.2903225806451613, 'support': 44.0}, 'weighted avg': {'precision': 0.16735537190082647, 'recall': 0.4090909090909091, 'f1-score': 0.23753665689149564, 'support': 44.0}}","[[18  0]
 [26  0]]"
450,50,128,16,0.2,0.0005,128,2,2,0.37142857142857144,0.0,"{'0': {'precision': 0.0, 'recall': 0.0, 'f1-score': 0.0, 'support': 18.0}, '1': {'precision': 0.5909090909090909, 'recall': 1.0, 'f1-score': 0.7428571428571429, 'support': 26.0}, 'accuracy': 0.5909090909090909, 'macro avg': {'precision': 0.29545454545454547, 'recall': 0.5, 'f1-score': 0.37142857142857144, 'support': 44.0}, 'weighted avg': {'precision': 0.3491735537190083, 'recall': 0.5909090909090909, 'f1-score': 0.438961038961039, 'support': 44.0}}","[[ 0 18]
 [ 0 26]]"
451,50,128,16,0.2,0.0005,128,2,3,0.5089285714285714,0.5,"{'0': {'precision': 0.42857142857142855, 'recall': 0.3333333333333333, 'f1-score': 0.375, 'support': 18.0}, '1': {'precision': 0.6, 'recall': 0.6923076923076923, 'f1-score': 0.6428571428571429, 'support': 26.0}, 'accuracy': 0.5454545454545454, 'macro avg': {'precision': 0.5142857142857142, 'recall': 0.5128205128205128, 'f1-score': 0.5089285714285714, 'support': 44.0}, 'weighted avg': {'precision': 0.5298701298701298, 'recall': 0.5454545454545454, 'f1-score': 0.5332792207792209, 'support': 44.0}}","[[ 6 12]
 [ 8 18]]"
452,50,128,16,0.2,0.0005,128,3,2,0.35710111046171833,0.5,"{'0': {'precision': 0.4146341463414634, 'recall': 0.9444444444444444, 'f1-score': 0.576271186440678, 'support': 18.0}, '1': {'precision': 0.6666666666666666, 'recall': 0.07692307692307693, 'f1-score': 0.13793103448275862, 'support': 26.0}, 'accuracy': 0.4318181818181818, 'macro avg': {'precision': 0.540650406504065, 'recall': 0.5106837606837606, 'f1-score': 0.35710111046171833, 'support': 44.0}, 'weighted avg': {'precision': 0.5635624538063563, 'recall': 0.4318181818181818, 'f1-score': 0.3172520057382711, 'support': 44.0}}","[[17  1]
 [24  2]]"
453,50,128,16,0.2,0.0005,128,3,3,0.40700808625336926,0.5,"{'0': {'precision': 0.29411764705882354, 'recall': 0.2777777777777778, 'f1-score': 0.2857142857142857, 'support': 18.0}, '1': {'precision': 0.5185185185185185, 'recall': 0.5384615384615384, 'f1-score': 0.5283018867924528, 'support': 26.0}, 'accuracy': 0.4318181818181818, 'macro avg': {'precision': 0.406318082788671, 'recall': 0.4081196581196581, 'f1-score': 0.40700808625336926, 'support': 44.0}, 'weighted avg': {'precision': 0.42671816201227963, 'recall': 0.4318181818181818, 'f1-score': 0.42906150453320263, 'support': 44.0}}","[[ 5 13]
 [12 14]]"
454,50,128,16,0.2,0.0005,128,5,2,0.37142857142857144,0.0,"{'0': {'precision': 0.0, 'recall': 0.0, 'f1-score': 0.0, 'support': 18.0}, '1': {'precision': 0.5909090909090909, 'recall': 1.0, 'f1-score': 0.7428571428571429, 'support': 26.0}, 'accuracy': 0.5909090909090909, 'macro avg': {'precision': 0.29545454545454547, 'recall': 0.5, 'f1-score': 0.37142857142857144, 'support': 44.0}, 'weighted avg': {'precision': 0.3491735537190083, 'recall': 0.5909090909090909, 'f1-score': 0.438961038961039, 'support': 44.0}}","[[ 0 18]
 [ 0 26]]"
455,50,128,16,0.2,0.0005,128,5,3,0.37142857142857144,0.5,"{'0': {'precision': 0.0, 'recall': 0.0, 'f1-score': 0.0, 'support': 18.0}, '1': {'precision': 0.5909090909090909, 'recall': 1.0, 'f1-score': 0.7428571428571429, 'support': 26.0}, 'accuracy': 0.5909090909090909, 'macro avg': {'precision': 0.29545454545454547, 'recall': 0.5, 'f1-score': 0.37142857142857144, 'support': 44.0}, 'weighted avg': {'precision': 0.3491735537190083, 'recall': 0.5909090909090909, 'f1-score': 0.438961038961039, 'support': 44.0}}","[[ 0 18]
 [ 0 26]]"
456,50,128,16,0.5,0.001,64,2,2,0.2903225806451613,0.5,"{'0': {'precision': 0.4090909090909091, 'recall': 1.0, 'f1-score': 0.5806451612903226, 'support': 18.0}, '1': {'precision': 0.0, 'recall': 0.0, 'f1-score': 0.0, 'support': 26.0}, 'accuracy': 0.4090909090909091, 'macro avg': {'precision': 0.20454545454545456, 'recall': 0.5, 'f1-score': 0.2903225806451613, 'support': 44.0}, 'weighted avg': {'precision': 0.16735537190082647, 'recall': 0.4090909090909091, 'f1-score': 0.23753665689149564, 'support': 44.0}}","[[18  0]
 [26  0]]"
457,50,128,16,0.5,0.001,64,2,3,0.429443173150267,0.5,"{'0': {'precision': 1.0, 'recall': 0.05555555555555555, 'f1-score': 0.10526315789473684, 'support': 18.0}, '1': {'precision': 0.6046511627906976, 'recall': 1.0, 'f1-score': 0.7536231884057971, 'support': 26.0}, 'accuracy': 0.6136363636363636, 'macro avg': {'precision': 0.8023255813953488, 'recall': 0.5277777777777778, 'f1-score': 0.429443173150267, 'support': 44.0}, 'weighted avg': {'precision': 0.766384778012685, 'recall': 0.6136363636363636, 'f1-score': 0.488384994105818, 'support': 44.0}}","[[ 1 17]
 [ 0 26]]"
458,50,128,16,0.5,0.001,64,3,2,0.37142857142857144,0.5,"{'0': {'precision': 0.0, 'recall': 0.0, 'f1-score': 0.0, 'support': 18.0}, '1': {'precision': 0.5909090909090909, 'recall': 1.0, 'f1-score': 0.7428571428571429, 'support': 26.0}, 'accuracy': 0.5909090909090909, 'macro avg': {'precision': 0.29545454545454547, 'recall': 0.5, 'f1-score': 0.37142857142857144, 'support': 44.0}, 'weighted avg': {'precision': 0.3491735537190083, 'recall': 0.5909090909090909, 'f1-score': 0.438961038961039, 'support': 44.0}}","[[ 0 18]
 [ 0 26]]"
459,50,128,16,0.5,0.001,64,3,3,0.5661650233523612,0.5,"{'0': {'precision': 0.4827586206896552, 'recall': 0.7777777777777778, 'f1-score': 0.5957446808510638, 'support': 18.0}, '1': {'precision': 0.7333333333333333, 'recall': 0.4230769230769231, 'f1-score': 0.5365853658536586, 'support': 26.0}, 'accuracy': 0.5681818181818182, 'macro avg': {'precision': 0.6080459770114942, 'recall': 0.6004273504273504, 'f1-score': 0.5661650233523612, 'support': 44.0}, 'weighted avg': {'precision': 0.6308254963427378, 'recall': 0.5681818181818182, 'f1-score': 0.5607869038071426, 'support': 44.0}}","[[14  4]
 [15 11]]"
460,50,128,16,0.5,0.001,64,5,2,0.2903225806451613,0.5,"{'0': {'precision': 0.4090909090909091, 'recall': 1.0, 'f1-score': 0.5806451612903226, 'support': 18.0}, '1': {'precision': 0.0, 'recall': 0.0, 'f1-score': 0.0, 'support': 26.0}, 'accuracy': 0.4090909090909091, 'macro avg': {'precision': 0.20454545454545456, 'recall': 0.5, 'f1-score': 0.2903225806451613, 'support': 44.0}, 'weighted avg': {'precision': 0.16735537190082647, 'recall': 0.4090909090909091, 'f1-score': 0.23753665689149564, 'support': 44.0}}","[[18  0]
 [26  0]]"
461,50,128,16,0.5,0.001,64,5,3,0.47043432757718473,0.5,"{'0': {'precision': 0.38095238095238093, 'recall': 0.4444444444444444, 'f1-score': 0.41025641025641024, 'support': 18.0}, '1': {'precision': 0.5652173913043478, 'recall': 0.5, 'f1-score': 0.5306122448979592, 'support': 26.0}, 'accuracy': 0.4772727272727273, 'macro avg': {'precision': 0.47308488612836436, 'recall': 0.4722222222222222, 'f1-score': 0.47043432757718473, 'support': 44.0}, 'weighted avg': {'precision': 0.48983625070581593, 'recall': 0.4772727272727273, 'f1-score': 0.48137576709005275, 'support': 44.0}}","[[ 8 10]
 [13 13]]"
462,50,128,16,0.5,0.001,128,2,2,0.37142857142857144,0.0,"{'0': {'precision': 0.0, 'recall': 0.0, 'f1-score': 0.0, 'support': 18.0}, '1': {'precision': 0.5909090909090909, 'recall': 1.0, 'f1-score': 0.7428571428571429, 'support': 26.0}, 'accuracy': 0.5909090909090909, 'macro avg': {'precision': 0.29545454545454547, 'recall': 0.5, 'f1-score': 0.37142857142857144, 'support': 44.0}, 'weighted avg': {'precision': 0.3491735537190083, 'recall': 0.5909090909090909, 'f1-score': 0.438961038961039, 'support': 44.0}}","[[ 0 18]
 [ 0 26]]"
463,50,128,16,0.5,0.001,128,2,3,0.37142857142857144,0.5,"{'0': {'precision': 0.0, 'recall': 0.0, 'f1-score': 0.0, 'support': 18.0}, '1': {'precision': 0.5909090909090909, 'recall': 1.0, 'f1-score': 0.7428571428571429, 'support': 26.0}, 'accuracy': 0.5909090909090909, 'macro avg': {'precision': 0.29545454545454547, 'recall': 0.5, 'f1-score': 0.37142857142857144, 'support': 44.0}, 'weighted avg': {'precision': 0.3491735537190083, 'recall': 0.5909090909090909, 'f1-score': 0.438961038961039, 'support': 44.0}}","[[ 0 18]
 [ 0 26]]"
464,50,128,16,0.5,0.001,128,3,2,0.2903225806451613,0.5,"{'0': {'precision': 0.4090909090909091, 'recall': 1.0, 'f1-score': 0.5806451612903226, 'support': 18.0}, '1': {'precision': 0.0, 'recall': 0.0, 'f1-score': 0.0, 'support': 26.0}, 'accuracy': 0.4090909090909091, 'macro avg': {'precision': 0.20454545454545456, 'recall': 0.5, 'f1-score': 0.2903225806451613, 'support': 44.0}, 'weighted avg': {'precision': 0.16735537190082647, 'recall': 0.4090909090909091, 'f1-score': 0.23753665689149564, 'support': 44.0}}","[[18  0]
 [26  0]]"
465,50,128,16,0.5,0.001,128,3,3,0.37142857142857144,0.0,"{'0': {'precision': 0.0, 'recall': 0.0, 'f1-score': 0.0, 'support': 18.0}, '1': {'precision': 0.5909090909090909, 'recall': 1.0, 'f1-score': 0.7428571428571429, 'support': 26.0}, 'accuracy': 0.5909090909090909, 'macro avg': {'precision': 0.29545454545454547, 'recall': 0.5, 'f1-score': 0.37142857142857144, 'support': 44.0}, 'weighted avg': {'precision': 0.3491735537190083, 'recall': 0.5909090909090909, 'f1-score': 0.438961038961039, 'support': 44.0}}","[[ 0 18]
 [ 0 26]]"
466,50,128,16,0.5,0.001,128,5,2,0.2903225806451613,0.5,"{'0': {'precision': 0.4090909090909091, 'recall': 1.0, 'f1-score': 0.5806451612903226, 'support': 18.0}, '1': {'precision': 0.0, 'recall': 0.0, 'f1-score': 0.0, 'support': 26.0}, 'accuracy': 0.4090909090909091, 'macro avg': {'precision': 0.20454545454545456, 'recall': 0.5, 'f1-score': 0.2903225806451613, 'support': 44.0}, 'weighted avg': {'precision': 0.16735537190082647, 'recall': 0.4090909090909091, 'f1-score': 0.23753665689149564, 'support': 44.0}}","[[18  0]
 [26  0]]"
467,50,128,16,0.5,0.001,128,5,3,0.5493261455525607,0.5,"{'0': {'precision': 0.4857142857142857, 'recall': 0.9444444444444444, 'f1-score': 0.6415094339622641, 'support': 18.0}, '1': {'precision': 0.8888888888888888, 'recall': 0.3076923076923077, 'f1-score': 0.45714285714285713, 'support': 26.0}, 'accuracy': 0.5681818181818182, 'macro avg': {'precision': 0.6873015873015873, 'recall': 0.6260683760683761, 'f1-score': 0.5493261455525607, 'support': 44.0}, 'weighted avg': {'precision': 0.723953823953824, 'recall': 0.5681818181818182, 'f1-score': 0.5325655476598873, 'support': 44.0}}","[[17  1]
 [18  8]]"
468,50,128,16,0.5,0.0005,64,2,2,0.37042925278219396,0.5,"{'0': {'precision': 0.36363636363636365, 'recall': 0.6666666666666666, 'f1-score': 0.47058823529411764, 'support': 18.0}, '1': {'precision': 0.45454545454545453, 'recall': 0.19230769230769232, 'f1-score': 0.2702702702702703, 'support': 26.0}, 'accuracy': 0.38636363636363635, 'macro avg': {'precision': 0.40909090909090906, 'recall': 0.42948717948717946, 'f1-score': 0.37042925278219396, 'support': 44.0}, 'weighted avg': {'precision': 0.41735537190082644, 'recall': 0.38636363636363635, 'f1-score': 0.3522185286891169, 'support': 44.0}}","[[12  6]
 [21  5]]"
469,50,128,16,0.5,0.0005,64,2,3,0.2903225806451613,0.5,"{'0': {'precision': 0.4090909090909091, 'recall': 1.0, 'f1-score': 0.5806451612903226, 'support': 18.0}, '1': {'precision': 0.0, 'recall': 0.0, 'f1-score': 0.0, 'support': 26.0}, 'accuracy': 0.4090909090909091, 'macro avg': {'precision': 0.20454545454545456, 'recall': 0.5, 'f1-score': 0.2903225806451613, 'support': 44.0}, 'weighted avg': {'precision': 0.16735537190082647, 'recall': 0.4090909090909091, 'f1-score': 0.23753665689149564, 'support': 44.0}}","[[18  0]
 [26  0]]"
470,50,128,16,0.5,0.0005,64,3,2,0.37142857142857144,0.0,"{'0': {'precision': 0.0, 'recall': 0.0, 'f1-score': 0.0, 'support': 18.0}, '1': {'precision': 0.5909090909090909, 'recall': 1.0, 'f1-score': 0.7428571428571429, 'support': 26.0}, 'accuracy': 0.5909090909090909, 'macro avg': {'precision': 0.29545454545454547, 'recall': 0.5, 'f1-score': 0.37142857142857144, 'support': 44.0}, 'weighted avg': {'precision': 0.3491735537190083, 'recall': 0.5909090909090909, 'f1-score': 0.438961038961039, 'support': 44.0}}","[[ 0 18]
 [ 0 26]]"
471,50,128,16,0.5,0.0005,64,3,3,0.37142857142857144,0.0,"{'0': {'precision': 0.0, 'recall': 0.0, 'f1-score': 0.0, 'support': 18.0}, '1': {'precision': 0.5909090909090909, 'recall': 1.0, 'f1-score': 0.7428571428571429, 'support': 26.0}, 'accuracy': 0.5909090909090909, 'macro avg': {'precision': 0.29545454545454547, 'recall': 0.5, 'f1-score': 0.37142857142857144, 'support': 44.0}, 'weighted avg': {'precision': 0.3491735537190083, 'recall': 0.5909090909090909, 'f1-score': 0.438961038961039, 'support': 44.0}}","[[ 0 18]
 [ 0 26]]"
472,50,128,16,0.5,0.0005,64,5,2,0.37142857142857144,0.0,"{'0': {'precision': 0.0, 'recall': 0.0, 'f1-score': 0.0, 'support': 18.0}, '1': {'precision': 0.5909090909090909, 'recall': 1.0, 'f1-score': 0.7428571428571429, 'support': 26.0}, 'accuracy': 0.5909090909090909, 'macro avg': {'precision': 0.29545454545454547, 'recall': 0.5, 'f1-score': 0.37142857142857144, 'support': 44.0}, 'weighted avg': {'precision': 0.3491735537190083, 'recall': 0.5909090909090909, 'f1-score': 0.438961038961039, 'support': 44.0}}","[[ 0 18]
 [ 0 26]]"
473,50,128,16,0.5,0.0005,64,5,3,0.37142857142857144,0.0,"{'0': {'precision': 0.0, 'recall': 0.0, 'f1-score': 0.0, 'support': 18.0}, '1': {'precision': 0.5909090909090909, 'recall': 1.0, 'f1-score': 0.7428571428571429, 'support': 26.0}, 'accuracy': 0.5909090909090909, 'macro avg': {'precision': 0.29545454545454547, 'recall': 0.5, 'f1-score': 0.37142857142857144, 'support': 44.0}, 'weighted avg': {'precision': 0.3491735537190083, 'recall': 0.5909090909090909, 'f1-score': 0.438961038961039, 'support': 44.0}}","[[ 0 18]
 [ 0 26]]"
474,50,128,16,0.5,0.0005,128,2,2,0.32767402376910015,0.5,"{'0': {'precision': 0.38461538461538464, 'recall': 0.8333333333333334, 'f1-score': 0.5263157894736842, 'support': 18.0}, '1': {'precision': 0.4, 'recall': 0.07692307692307693, 'f1-score': 0.12903225806451613, 'support': 26.0}, 'accuracy': 0.38636363636363635, 'macro avg': {'precision': 0.39230769230769236, 'recall': 0.4551282051282052, 'f1-score': 0.32767402376910015, 'support': 44.0}, 'weighted avg': {'precision': 0.3937062937062938, 'recall': 0.38636363636363635, 'f1-score': 0.29155733909553944, 'support': 44.0}}","[[15  3]
 [24  2]]"
475,50,128,16,0.5,0.0005,128,2,3,0.37142857142857144,0.0,"{'0': {'precision': 0.0, 'recall': 0.0, 'f1-score': 0.0, 'support': 18.0}, '1': {'precision': 0.5909090909090909, 'recall': 1.0, 'f1-score': 0.7428571428571429, 'support': 26.0}, 'accuracy': 0.5909090909090909, 'macro avg': {'precision': 0.29545454545454547, 'recall': 0.5, 'f1-score': 0.37142857142857144, 'support': 44.0}, 'weighted avg': {'precision': 0.3491735537190083, 'recall': 0.5909090909090909, 'f1-score': 0.438961038961039, 'support': 44.0}}","[[ 0 18]
 [ 0 26]]"
476,50,128,16,0.5,0.0005,128,3,2,0.5454545454545454,0.5,"{'0': {'precision': 0.46153846153846156, 'recall': 0.6666666666666666, 'f1-score': 0.5454545454545454, 'support': 18.0}, '1': {'precision': 0.6666666666666666, 'recall': 0.46153846153846156, 'f1-score': 0.5454545454545454, 'support': 26.0}, 'accuracy': 0.5454545454545454, 'macro avg': {'precision': 0.5641025641025641, 'recall': 0.5641025641025641, 'f1-score': 0.5454545454545454, 'support': 44.0}, 'weighted avg': {'precision': 0.5827505827505828, 'recall': 0.5454545454545454, 'f1-score': 0.5454545454545454, 'support': 44.0}}","[[12  6]
 [14 12]]"
477,50,128,16,0.5,0.0005,128,3,3,0.37142857142857144,0.0,"{'0': {'precision': 0.0, 'recall': 0.0, 'f1-score': 0.0, 'support': 18.0}, '1': {'precision': 0.5909090909090909, 'recall': 1.0, 'f1-score': 0.7428571428571429, 'support': 26.0}, 'accuracy': 0.5909090909090909, 'macro avg': {'precision': 0.29545454545454547, 'recall': 0.5, 'f1-score': 0.37142857142857144, 'support': 44.0}, 'weighted avg': {'precision': 0.3491735537190083, 'recall': 0.5909090909090909, 'f1-score': 0.438961038961039, 'support': 44.0}}","[[ 0 18]
 [ 0 26]]"
478,50,128,16,0.5,0.0005,128,5,2,0.26666666666666666,0.5,"{'0': {'precision': 0.38095238095238093, 'recall': 0.8888888888888888, 'f1-score': 0.5333333333333333, 'support': 18.0}, '1': {'precision': 0.0, 'recall': 0.0, 'f1-score': 0.0, 'support': 26.0}, 'accuracy': 0.36363636363636365, 'macro avg': {'precision': 0.19047619047619047, 'recall': 0.4444444444444444, 'f1-score': 0.26666666666666666, 'support': 44.0}, 'weighted avg': {'precision': 0.15584415584415584, 'recall': 0.36363636363636365, 'f1-score': 0.21818181818181817, 'support': 44.0}}","[[16  2]
 [26  0]]"
479,50,128,16,0.5,0.0005,128,5,3,0.4058280028429282,0.5,"{'0': {'precision': 0.3333333333333333, 'recall': 0.05555555555555555, 'f1-score': 0.09523809523809523, 'support': 18.0}, '1': {'precision': 0.5853658536585366, 'recall': 0.9230769230769231, 'f1-score': 0.7164179104477612, 'support': 26.0}, 'accuracy': 0.5681818181818182, 'macro avg': {'precision': 0.45934959349593496, 'recall': 0.48931623931623935, 'f1-score': 0.4058280028429282, 'support': 44.0}, 'weighted avg': {'precision': 0.48226164079822614, 'recall': 0.5681818181818182, 'f1-score': 0.46229889513471606, 'support': 44.0}}","[[ 1 17]
 [ 2 24]]"
480,50,64,8,0.2,0.001,64,2,2,0.37142857142857144,0.5,"{'0': {'precision': 0.0, 'recall': 0.0, 'f1-score': 0.0, 'support': 18.0}, '1': {'precision': 0.5909090909090909, 'recall': 1.0, 'f1-score': 0.7428571428571429, 'support': 26.0}, 'accuracy': 0.5909090909090909, 'macro avg': {'precision': 0.29545454545454547, 'recall': 0.5, 'f1-score': 0.37142857142857144, 'support': 44.0}, 'weighted avg': {'precision': 0.3491735537190083, 'recall': 0.5909090909090909, 'f1-score': 0.438961038961039, 'support': 44.0}}","[[ 0 18]
 [ 0 26]]"
481,50,64,8,0.2,0.001,64,2,3,0.5416666666666667,0.5,"{'0': {'precision': 0.4666666666666667, 'recall': 0.7777777777777778, 'f1-score': 0.5833333333333334, 'support': 18.0}, '1': {'precision': 0.7142857142857143, 'recall': 0.38461538461538464, 'f1-score': 0.5, 'support': 26.0}, 'accuracy': 0.5454545454545454, 'macro avg': {'precision': 0.5904761904761905, 'recall': 0.5811965811965812, 'f1-score': 0.5416666666666667, 'support': 44.0}, 'weighted avg': {'precision': 0.6129870129870131, 'recall': 0.5454545454545454, 'f1-score': 0.5340909090909091, 'support': 44.0}}","[[14  4]
 [16 10]]"
482,50,64,8,0.2,0.001,64,3,2,0.40700808625336926,0.5,"{'0': {'precision': 0.4, 'recall': 0.7777777777777778, 'f1-score': 0.5283018867924528, 'support': 18.0}, '1': {'precision': 0.5555555555555556, 'recall': 0.19230769230769232, 'f1-score': 0.2857142857142857, 'support': 26.0}, 'accuracy': 0.4318181818181818, 'macro avg': {'precision': 0.4777777777777778, 'recall': 0.48504273504273504, 'f1-score': 0.40700808625336926, 'support': 44.0}, 'weighted avg': {'precision': 0.4919191919191919, 'recall': 0.4318181818181818, 'f1-score': 0.38495466797353584, 'support': 44.0}}","[[14  4]
 [21  5]]"
483,50,64,8,0.2,0.001,64,3,3,0.2903225806451613,0.5,"{'0': {'precision': 0.4090909090909091, 'recall': 1.0, 'f1-score': 0.5806451612903226, 'support': 18.0}, '1': {'precision': 0.0, 'recall': 0.0, 'f1-score': 0.0, 'support': 26.0}, 'accuracy': 0.4090909090909091, 'macro avg': {'precision': 0.20454545454545456, 'recall': 0.5, 'f1-score': 0.2903225806451613, 'support': 44.0}, 'weighted avg': {'precision': 0.16735537190082647, 'recall': 0.4090909090909091, 'f1-score': 0.23753665689149564, 'support': 44.0}}","[[18  0]
 [26  0]]"
484,50,64,8,0.2,0.001,64,5,2,0.4238095238095238,0.5,"{'0': {'precision': 0.3, 'recall': 0.16666666666666666, 'f1-score': 0.21428571428571427, 'support': 18.0}, '1': {'precision': 0.5588235294117647, 'recall': 0.7307692307692307, 'f1-score': 0.6333333333333333, 'support': 26.0}, 'accuracy': 0.5, 'macro avg': {'precision': 0.4294117647058824, 'recall': 0.4487179487179487, 'f1-score': 0.4238095238095238, 'support': 44.0}, 'weighted avg': {'precision': 0.45294117647058824, 'recall': 0.5, 'f1-score': 0.4619047619047619, 'support': 44.0}}","[[ 3 15]
 [ 7 19]]"
485,50,64,8,0.2,0.001,64,5,3,0.3425287356321839,0.5,"{'0': {'precision': 0.4, 'recall': 0.8888888888888888, 'f1-score': 0.5517241379310345, 'support': 18.0}, '1': {'precision': 0.5, 'recall': 0.07692307692307693, 'f1-score': 0.13333333333333333, 'support': 26.0}, 'accuracy': 0.4090909090909091, 'macro avg': {'precision': 0.45, 'recall': 0.48290598290598286, 'f1-score': 0.3425287356321839, 'support': 44.0}, 'weighted avg': {'precision': 0.45909090909090905, 'recall': 0.4090909090909091, 'f1-score': 0.3044932079414838, 'support': 44.0}}","[[16  2]
 [24  2]]"
486,50,64,8,0.2,0.001,128,2,2,0.37142857142857144,0.0,"{'0': {'precision': 0.0, 'recall': 0.0, 'f1-score': 0.0, 'support': 18.0}, '1': {'precision': 0.5909090909090909, 'recall': 1.0, 'f1-score': 0.7428571428571429, 'support': 26.0}, 'accuracy': 0.5909090909090909, 'macro avg': {'precision': 0.29545454545454547, 'recall': 0.5, 'f1-score': 0.37142857142857144, 'support': 44.0}, 'weighted avg': {'precision': 0.3491735537190083, 'recall': 0.5909090909090909, 'f1-score': 0.438961038961039, 'support': 44.0}}","[[ 0 18]
 [ 0 26]]"
487,50,64,8,0.2,0.001,128,2,3,0.4078674948240165,0.5,"{'0': {'precision': 0.35714285714285715, 'recall': 0.5555555555555556, 'f1-score': 0.43478260869565216, 'support': 18.0}, '1': {'precision': 0.5, 'recall': 0.3076923076923077, 'f1-score': 0.38095238095238093, 'support': 26.0}, 'accuracy': 0.4090909090909091, 'macro avg': {'precision': 0.4285714285714286, 'recall': 0.43162393162393164, 'f1-score': 0.4078674948240165, 'support': 44.0}, 'weighted avg': {'precision': 0.4415584415584416, 'recall': 0.4090909090909091, 'f1-score': 0.40297383775644646, 'support': 44.0}}","[[10  8]
 [18  8]]"
488,50,64,8,0.2,0.001,128,3,2,0.37142857142857144,0.5,"{'0': {'precision': 0.0, 'recall': 0.0, 'f1-score': 0.0, 'support': 18.0}, '1': {'precision': 0.5909090909090909, 'recall': 1.0, 'f1-score': 0.7428571428571429, 'support': 26.0}, 'accuracy': 0.5909090909090909, 'macro avg': {'precision': 0.29545454545454547, 'recall': 0.5, 'f1-score': 0.37142857142857144, 'support': 44.0}, 'weighted avg': {'precision': 0.3491735537190083, 'recall': 0.5909090909090909, 'f1-score': 0.438961038961039, 'support': 44.0}}","[[ 0 18]
 [ 0 26]]"
489,50,64,8,0.2,0.001,128,3,3,0.34328358208955223,0.5,"{'0': {'precision': 0.0, 'recall': 0.0, 'f1-score': 0.0, 'support': 18.0}, '1': {'precision': 0.5609756097560976, 'recall': 0.8846153846153846, 'f1-score': 0.6865671641791045, 'support': 26.0}, 'accuracy': 0.5227272727272727, 'macro avg': {'precision': 0.2804878048780488, 'recall': 0.4423076923076923, 'f1-score': 0.34328358208955223, 'support': 44.0}, 'weighted avg': {'precision': 0.33148558758314856, 'recall': 0.5227272727272727, 'f1-score': 0.40569877883310723, 'support': 44.0}}","[[ 0 18]
 [ 3 23]]"
490,50,64,8,0.2,0.001,128,5,2,0.46369899311075785,0.5,"{'0': {'precision': 0.42424242424242425, 'recall': 0.7777777777777778, 'f1-score': 0.5490196078431373, 'support': 18.0}, '1': {'precision': 0.6363636363636364, 'recall': 0.2692307692307692, 'f1-score': 0.3783783783783784, 'support': 26.0}, 'accuracy': 0.4772727272727273, 'macro avg': {'precision': 0.5303030303030303, 'recall': 0.5235042735042735, 'f1-score': 0.46369899311075785, 'support': 44.0}, 'weighted avg': {'precision': 0.5495867768595042, 'recall': 0.4772727272727273, 'f1-score': 0.44818615406850704, 'support': 44.0}}","[[14  4]
 [19  7]]"
491,50,64,8,0.2,0.001,128,5,3,0.37142857142857144,0.5,"{'0': {'precision': 0.0, 'recall': 0.0, 'f1-score': 0.0, 'support': 18.0}, '1': {'precision': 0.5909090909090909, 'recall': 1.0, 'f1-score': 0.7428571428571429, 'support': 26.0}, 'accuracy': 0.5909090909090909, 'macro avg': {'precision': 0.29545454545454547, 'recall': 0.5, 'f1-score': 0.37142857142857144, 'support': 44.0}, 'weighted avg': {'precision': 0.3491735537190083, 'recall': 0.5909090909090909, 'f1-score': 0.438961038961039, 'support': 44.0}}","[[ 0 18]
 [ 0 26]]"
492,50,64,8,0.2,0.0005,64,2,2,0.37142857142857144,0.0,"{'0': {'precision': 0.0, 'recall': 0.0, 'f1-score': 0.0, 'support': 18.0}, '1': {'precision': 0.5909090909090909, 'recall': 1.0, 'f1-score': 0.7428571428571429, 'support': 26.0}, 'accuracy': 0.5909090909090909, 'macro avg': {'precision': 0.29545454545454547, 'recall': 0.5, 'f1-score': 0.37142857142857144, 'support': 44.0}, 'weighted avg': {'precision': 0.3491735537190083, 'recall': 0.5909090909090909, 'f1-score': 0.438961038961039, 'support': 44.0}}","[[ 0 18]
 [ 0 26]]"
493,50,64,8,0.2,0.0005,64,2,3,0.37142857142857144,0.5,"{'0': {'precision': 0.0, 'recall': 0.0, 'f1-score': 0.0, 'support': 18.0}, '1': {'precision': 0.5909090909090909, 'recall': 1.0, 'f1-score': 0.7428571428571429, 'support': 26.0}, 'accuracy': 0.5909090909090909, 'macro avg': {'precision': 0.29545454545454547, 'recall': 0.5, 'f1-score': 0.37142857142857144, 'support': 44.0}, 'weighted avg': {'precision': 0.3491735537190083, 'recall': 0.5909090909090909, 'f1-score': 0.438961038961039, 'support': 44.0}}","[[ 0 18]
 [ 0 26]]"
494,50,64,8,0.2,0.0005,64,3,2,0.2903225806451613,0.5,"{'0': {'precision': 0.4090909090909091, 'recall': 1.0, 'f1-score': 0.5806451612903226, 'support': 18.0}, '1': {'precision': 0.0, 'recall': 0.0, 'f1-score': 0.0, 'support': 26.0}, 'accuracy': 0.4090909090909091, 'macro avg': {'precision': 0.20454545454545456, 'recall': 0.5, 'f1-score': 0.2903225806451613, 'support': 44.0}, 'weighted avg': {'precision': 0.16735537190082647, 'recall': 0.4090909090909091, 'f1-score': 0.23753665689149564, 'support': 44.0}}","[[18  0]
 [26  0]]"
495,50,64,8,0.2,0.0005,64,3,3,0.37142857142857144,0.0,"{'0': {'precision': 0.0, 'recall': 0.0, 'f1-score': 0.0, 'support': 18.0}, '1': {'precision': 0.5909090909090909, 'recall': 1.0, 'f1-score': 0.7428571428571429, 'support': 26.0}, 'accuracy': 0.5909090909090909, 'macro avg': {'precision': 0.29545454545454547, 'recall': 0.5, 'f1-score': 0.37142857142857144, 'support': 44.0}, 'weighted avg': {'precision': 0.3491735537190083, 'recall': 0.5909090909090909, 'f1-score': 0.438961038961039, 'support': 44.0}}","[[ 0 18]
 [ 0 26]]"
496,50,64,8,0.2,0.0005,64,5,2,0.3449131513647643,0.5,"{'0': {'precision': 0.125, 'recall': 0.05555555555555555, 'f1-score': 0.07692307692307693, 'support': 18.0}, '1': {'precision': 0.5277777777777778, 'recall': 0.7307692307692307, 'f1-score': 0.6129032258064516, 'support': 26.0}, 'accuracy': 0.45454545454545453, 'macro avg': {'precision': 0.3263888888888889, 'recall': 0.39316239316239315, 'f1-score': 0.3449131513647643, 'support': 44.0}, 'weighted avg': {'precision': 0.36300505050505055, 'recall': 0.45454545454545453, 'f1-score': 0.39363861944507106, 'support': 44.0}}","[[ 1 17]
 [ 7 19]]"
497,50,64,8,0.2,0.0005,64,5,3,0.37142857142857144,0.5,"{'0': {'precision': 0.0, 'recall': 0.0, 'f1-score': 0.0, 'support': 18.0}, '1': {'precision': 0.5909090909090909, 'recall': 1.0, 'f1-score': 0.7428571428571429, 'support': 26.0}, 'accuracy': 0.5909090909090909, 'macro avg': {'precision': 0.29545454545454547, 'recall': 0.5, 'f1-score': 0.37142857142857144, 'support': 44.0}, 'weighted avg': {'precision': 0.3491735537190083, 'recall': 0.5909090909090909, 'f1-score': 0.438961038961039, 'support': 44.0}}","[[ 0 18]
 [ 0 26]]"
498,50,64,8,0.2,0.0005,128,2,2,0.37142857142857144,0.0,"{'0': {'precision': 0.0, 'recall': 0.0, 'f1-score': 0.0, 'support': 18.0}, '1': {'precision': 0.5909090909090909, 'recall': 1.0, 'f1-score': 0.7428571428571429, 'support': 26.0}, 'accuracy': 0.5909090909090909, 'macro avg': {'precision': 0.29545454545454547, 'recall': 0.5, 'f1-score': 0.37142857142857144, 'support': 44.0}, 'weighted avg': {'precision': 0.3491735537190083, 'recall': 0.5909090909090909, 'f1-score': 0.438961038961039, 'support': 44.0}}","[[ 0 18]
 [ 0 26]]"
499,50,64,8,0.2,0.0005,128,2,3,0.37142857142857144,0.0,"{'0': {'precision': 0.0, 'recall': 0.0, 'f1-score': 0.0, 'support': 18.0}, '1': {'precision': 0.5909090909090909, 'recall': 1.0, 'f1-score': 0.7428571428571429, 'support': 26.0}, 'accuracy': 0.5909090909090909, 'macro avg': {'precision': 0.29545454545454547, 'recall': 0.5, 'f1-score': 0.37142857142857144, 'support': 44.0}, 'weighted avg': {'precision': 0.3491735537190083, 'recall': 0.5909090909090909, 'f1-score': 0.438961038961039, 'support': 44.0}}","[[ 0 18]
 [ 0 26]]"
500,50,64,8,0.2,0.0005,128,3,2,0.37142857142857144,0.0,"{'0': {'precision': 0.0, 'recall': 0.0, 'f1-score': 0.0, 'support': 18.0}, '1': {'precision': 0.5909090909090909, 'recall': 1.0, 'f1-score': 0.7428571428571429, 'support': 26.0}, 'accuracy': 0.5909090909090909, 'macro avg': {'precision': 0.29545454545454547, 'recall': 0.5, 'f1-score': 0.37142857142857144, 'support': 44.0}, 'weighted avg': {'precision': 0.3491735537190083, 'recall': 0.5909090909090909, 'f1-score': 0.438961038961039, 'support': 44.0}}","[[ 0 18]
 [ 0 26]]"
501,50,64,8,0.2,0.0005,128,3,3,0.525079365079365,0.5,"{'0': {'precision': 0.5714285714285714, 'recall': 0.2222222222222222, 'f1-score': 0.32, 'support': 18.0}, '1': {'precision': 0.6216216216216216, 'recall': 0.8846153846153846, 'f1-score': 0.7301587301587301, 'support': 26.0}, 'accuracy': 0.6136363636363636, 'macro avg': {'precision': 0.5965250965250966, 'recall': 0.5534188034188035, 'f1-score': 0.525079365079365, 'support': 44.0}, 'weighted avg': {'precision': 0.6010881010881011, 'recall': 0.6136363636363636, 'f1-score': 0.5623665223665224, 'support': 44.0}}","[[ 4 14]
 [ 3 23]]"
502,50,64,8,0.2,0.0005,128,5,2,0.37142857142857144,0.0,"{'0': {'precision': 0.0, 'recall': 0.0, 'f1-score': 0.0, 'support': 18.0}, '1': {'precision': 0.5909090909090909, 'recall': 1.0, 'f1-score': 0.7428571428571429, 'support': 26.0}, 'accuracy': 0.5909090909090909, 'macro avg': {'precision': 0.29545454545454547, 'recall': 0.5, 'f1-score': 0.37142857142857144, 'support': 44.0}, 'weighted avg': {'precision': 0.3491735537190083, 'recall': 0.5909090909090909, 'f1-score': 0.438961038961039, 'support': 44.0}}","[[ 0 18]
 [ 0 26]]"
503,50,64,8,0.2,0.0005,128,5,3,0.37142857142857144,0.0,"{'0': {'precision': 0.0, 'recall': 0.0, 'f1-score': 0.0, 'support': 18.0}, '1': {'precision': 0.5909090909090909, 'recall': 1.0, 'f1-score': 0.7428571428571429, 'support': 26.0}, 'accuracy': 0.5909090909090909, 'macro avg': {'precision': 0.29545454545454547, 'recall': 0.5, 'f1-score': 0.37142857142857144, 'support': 44.0}, 'weighted avg': {'precision': 0.3491735537190083, 'recall': 0.5909090909090909, 'f1-score': 0.438961038961039, 'support': 44.0}}","[[ 0 18]
 [ 0 26]]"
504,50,64,8,0.5,0.001,64,2,2,0.37142857142857144,0.5,"{'0': {'precision': 0.0, 'recall': 0.0, 'f1-score': 0.0, 'support': 18.0}, '1': {'precision': 0.5909090909090909, 'recall': 1.0, 'f1-score': 0.7428571428571429, 'support': 26.0}, 'accuracy': 0.5909090909090909, 'macro avg': {'precision': 0.29545454545454547, 'recall': 0.5, 'f1-score': 0.37142857142857144, 'support': 44.0}, 'weighted avg': {'precision': 0.3491735537190083, 'recall': 0.5909090909090909, 'f1-score': 0.438961038961039, 'support': 44.0}}","[[ 0 18]
 [ 0 26]]"
505,50,64,8,0.5,0.001,64,2,3,0.2903225806451613,0.5,"{'0': {'precision': 0.4090909090909091, 'recall': 1.0, 'f1-score': 0.5806451612903226, 'support': 18.0}, '1': {'precision': 0.0, 'recall': 0.0, 'f1-score': 0.0, 'support': 26.0}, 'accuracy': 0.4090909090909091, 'macro avg': {'precision': 0.20454545454545456, 'recall': 0.5, 'f1-score': 0.2903225806451613, 'support': 44.0}, 'weighted avg': {'precision': 0.16735537190082647, 'recall': 0.4090909090909091, 'f1-score': 0.23753665689149564, 'support': 44.0}}","[[18  0]
 [26  0]]"
506,50,64,8,0.5,0.001,64,3,2,0.3425287356321839,0.5,"{'0': {'precision': 0.4, 'recall': 0.8888888888888888, 'f1-score': 0.5517241379310345, 'support': 18.0}, '1': {'precision': 0.5, 'recall': 0.07692307692307693, 'f1-score': 0.13333333333333333, 'support': 26.0}, 'accuracy': 0.4090909090909091, 'macro avg': {'precision': 0.45, 'recall': 0.48290598290598286, 'f1-score': 0.3425287356321839, 'support': 44.0}, 'weighted avg': {'precision': 0.45909090909090905, 'recall': 0.4090909090909091, 'f1-score': 0.3044932079414838, 'support': 44.0}}","[[16  2]
 [24  2]]"
507,50,64,8,0.5,0.001,64,3,3,0.37142857142857144,0.0,"{'0': {'precision': 0.0, 'recall': 0.0, 'f1-score': 0.0, 'support': 18.0}, '1': {'precision': 0.5909090909090909, 'recall': 1.0, 'f1-score': 0.7428571428571429, 'support': 26.0}, 'accuracy': 0.5909090909090909, 'macro avg': {'precision': 0.29545454545454547, 'recall': 0.5, 'f1-score': 0.37142857142857144, 'support': 44.0}, 'weighted avg': {'precision': 0.3491735537190083, 'recall': 0.5909090909090909, 'f1-score': 0.438961038961039, 'support': 44.0}}","[[ 0 18]
 [ 0 26]]"
508,50,64,8,0.5,0.001,64,5,2,0.37142857142857144,0.0,"{'0': {'precision': 0.0, 'recall': 0.0, 'f1-score': 0.0, 'support': 18.0}, '1': {'precision': 0.5909090909090909, 'recall': 1.0, 'f1-score': 0.7428571428571429, 'support': 26.0}, 'accuracy': 0.5909090909090909, 'macro avg': {'precision': 0.29545454545454547, 'recall': 0.5, 'f1-score': 0.37142857142857144, 'support': 44.0}, 'weighted avg': {'precision': 0.3491735537190083, 'recall': 0.5909090909090909, 'f1-score': 0.438961038961039, 'support': 44.0}}","[[ 0 18]
 [ 0 26]]"
509,50,64,8,0.5,0.001,64,5,3,0.5309168443496801,0.5,"{'0': {'precision': 1.0, 'recall': 0.16666666666666666, 'f1-score': 0.2857142857142857, 'support': 18.0}, '1': {'precision': 0.6341463414634146, 'recall': 1.0, 'f1-score': 0.7761194029850746, 'support': 26.0}, 'accuracy': 0.6590909090909091, 'macro avg': {'precision': 0.8170731707317074, 'recall': 0.5833333333333334, 'f1-score': 0.5309168443496801, 'support': 44.0}, 'weighted avg': {'precision': 0.7838137472283813, 'recall': 0.6590909090909091, 'f1-score': 0.5754991277379337, 'support': 44.0}}","[[ 3 15]
 [ 0 26]]"
510,50,64,8,0.5,0.001,128,2,2,0.4107142857142857,0.5,"{'0': {'precision': 0.42105263157894735, 'recall': 0.8888888888888888, 'f1-score': 0.5714285714285714, 'support': 18.0}, '1': {'precision': 0.6666666666666666, 'recall': 0.15384615384615385, 'f1-score': 0.25, 'support': 26.0}, 'accuracy': 0.45454545454545453, 'macro avg': {'precision': 0.5438596491228069, 'recall': 0.5213675213675213, 'f1-score': 0.4107142857142857, 'support': 44.0}, 'weighted avg': {'precision': 0.5661881977671451, 'recall': 0.45454545454545453, 'f1-score': 0.3814935064935065, 'support': 44.0}}","[[16  2]
 [22  4]]"
511,50,64,8,0.5,0.001,128,2,3,0.37142857142857144,0.5,"{'0': {'precision': 0.0, 'recall': 0.0, 'f1-score': 0.0, 'support': 18.0}, '1': {'precision': 0.5909090909090909, 'recall': 1.0, 'f1-score': 0.7428571428571429, 'support': 26.0}, 'accuracy': 0.5909090909090909, 'macro avg': {'precision': 0.29545454545454547, 'recall': 0.5, 'f1-score': 0.37142857142857144, 'support': 44.0}, 'weighted avg': {'precision': 0.3491735537190083, 'recall': 0.5909090909090909, 'f1-score': 0.438961038961039, 'support': 44.0}}","[[ 0 18]
 [ 0 26]]"
512,50,64,8,0.5,0.001,128,3,2,0.37142857142857144,0.0,"{'0': {'precision': 0.0, 'recall': 0.0, 'f1-score': 0.0, 'support': 18.0}, '1': {'precision': 0.5909090909090909, 'recall': 1.0, 'f1-score': 0.7428571428571429, 'support': 26.0}, 'accuracy': 0.5909090909090909, 'macro avg': {'precision': 0.29545454545454547, 'recall': 0.5, 'f1-score': 0.37142857142857144, 'support': 44.0}, 'weighted avg': {'precision': 0.3491735537190083, 'recall': 0.5909090909090909, 'f1-score': 0.438961038961039, 'support': 44.0}}","[[ 0 18]
 [ 0 26]]"
513,50,64,8,0.5,0.001,128,3,3,0.2903225806451613,0.5,"{'0': {'precision': 0.4090909090909091, 'recall': 1.0, 'f1-score': 0.5806451612903226, 'support': 18.0}, '1': {'precision': 0.0, 'recall': 0.0, 'f1-score': 0.0, 'support': 26.0}, 'accuracy': 0.4090909090909091, 'macro avg': {'precision': 0.20454545454545456, 'recall': 0.5, 'f1-score': 0.2903225806451613, 'support': 44.0}, 'weighted avg': {'precision': 0.16735537190082647, 'recall': 0.4090909090909091, 'f1-score': 0.23753665689149564, 'support': 44.0}}","[[18  0]
 [26  0]]"
514,50,64,8,0.5,0.001,128,5,2,0.37142857142857144,0.5,"{'0': {'precision': 0.0, 'recall': 0.0, 'f1-score': 0.0, 'support': 18.0}, '1': {'precision': 0.5909090909090909, 'recall': 1.0, 'f1-score': 0.7428571428571429, 'support': 26.0}, 'accuracy': 0.5909090909090909, 'macro avg': {'precision': 0.29545454545454547, 'recall': 0.5, 'f1-score': 0.37142857142857144, 'support': 44.0}, 'weighted avg': {'precision': 0.3491735537190083, 'recall': 0.5909090909090909, 'f1-score': 0.438961038961039, 'support': 44.0}}","[[ 0 18]
 [ 0 26]]"
515,50,64,8,0.5,0.001,128,5,3,0.37142857142857144,0.5,"{'0': {'precision': 0.0, 'recall': 0.0, 'f1-score': 0.0, 'support': 18.0}, '1': {'precision': 0.5909090909090909, 'recall': 1.0, 'f1-score': 0.7428571428571429, 'support': 26.0}, 'accuracy': 0.5909090909090909, 'macro avg': {'precision': 0.29545454545454547, 'recall': 0.5, 'f1-score': 0.37142857142857144, 'support': 44.0}, 'weighted avg': {'precision': 0.3491735537190083, 'recall': 0.5909090909090909, 'f1-score': 0.438961038961039, 'support': 44.0}}","[[ 0 18]
 [ 0 26]]"
516,50,64,8,0.5,0.0005,64,2,2,0.37142857142857144,0.5,"{'0': {'precision': 0.0, 'recall': 0.0, 'f1-score': 0.0, 'support': 18.0}, '1': {'precision': 0.5909090909090909, 'recall': 1.0, 'f1-score': 0.7428571428571429, 'support': 26.0}, 'accuracy': 0.5909090909090909, 'macro avg': {'precision': 0.29545454545454547, 'recall': 0.5, 'f1-score': 0.37142857142857144, 'support': 44.0}, 'weighted avg': {'precision': 0.3491735537190083, 'recall': 0.5909090909090909, 'f1-score': 0.438961038961039, 'support': 44.0}}","[[ 0 18]
 [ 0 26]]"
517,50,64,8,0.5,0.0005,64,2,3,0.37142857142857144,0.0,"{'0': {'precision': 0.0, 'recall': 0.0, 'f1-score': 0.0, 'support': 18.0}, '1': {'precision': 0.5909090909090909, 'recall': 1.0, 'f1-score': 0.7428571428571429, 'support': 26.0}, 'accuracy': 0.5909090909090909, 'macro avg': {'precision': 0.29545454545454547, 'recall': 0.5, 'f1-score': 0.37142857142857144, 'support': 44.0}, 'weighted avg': {'precision': 0.3491735537190083, 'recall': 0.5909090909090909, 'f1-score': 0.438961038961039, 'support': 44.0}}","[[ 0 18]
 [ 0 26]]"
518,50,64,8,0.5,0.0005,64,3,2,0.37142857142857144,0.0,"{'0': {'precision': 0.0, 'recall': 0.0, 'f1-score': 0.0, 'support': 18.0}, '1': {'precision': 0.5909090909090909, 'recall': 1.0, 'f1-score': 0.7428571428571429, 'support': 26.0}, 'accuracy': 0.5909090909090909, 'macro avg': {'precision': 0.29545454545454547, 'recall': 0.5, 'f1-score': 0.37142857142857144, 'support': 44.0}, 'weighted avg': {'precision': 0.3491735537190083, 'recall': 0.5909090909090909, 'f1-score': 0.438961038961039, 'support': 44.0}}","[[ 0 18]
 [ 0 26]]"
519,50,64,8,0.5,0.0005,64,3,3,0.37142857142857144,0.0,"{'0': {'precision': 0.0, 'recall': 0.0, 'f1-score': 0.0, 'support': 18.0}, '1': {'precision': 0.5909090909090909, 'recall': 1.0, 'f1-score': 0.7428571428571429, 'support': 26.0}, 'accuracy': 0.5909090909090909, 'macro avg': {'precision': 0.29545454545454547, 'recall': 0.5, 'f1-score': 0.37142857142857144, 'support': 44.0}, 'weighted avg': {'precision': 0.3491735537190083, 'recall': 0.5909090909090909, 'f1-score': 0.438961038961039, 'support': 44.0}}","[[ 0 18]
 [ 0 26]]"
520,50,64,8,0.5,0.0005,64,5,2,0.5206971677559913,0.5,"{'0': {'precision': 0.4375, 'recall': 0.3888888888888889, 'f1-score': 0.4117647058823529, 'support': 18.0}, '1': {'precision': 0.6071428571428571, 'recall': 0.6538461538461539, 'f1-score': 0.6296296296296297, 'support': 26.0}, 'accuracy': 0.5454545454545454, 'macro avg': {'precision': 0.5223214285714286, 'recall': 0.5213675213675214, 'f1-score': 0.5206971677559913, 'support': 44.0}, 'weighted avg': {'precision': 0.5377435064935064, 'recall': 0.5454545454545454, 'f1-score': 0.5405030699148345, 'support': 44.0}}","[[ 7 11]
 [ 9 17]]"
521,50,64,8,0.5,0.0005,64,5,3,0.2903225806451613,0.5,"{'0': {'precision': 0.4090909090909091, 'recall': 1.0, 'f1-score': 0.5806451612903226, 'support': 18.0}, '1': {'precision': 0.0, 'recall': 0.0, 'f1-score': 0.0, 'support': 26.0}, 'accuracy': 0.4090909090909091, 'macro avg': {'precision': 0.20454545454545456, 'recall': 0.5, 'f1-score': 0.2903225806451613, 'support': 44.0}, 'weighted avg': {'precision': 0.16735537190082647, 'recall': 0.4090909090909091, 'f1-score': 0.23753665689149564, 'support': 44.0}}","[[18  0]
 [26  0]]"
522,50,64,8,0.5,0.0005,128,2,2,0.37142857142857144,0.0,"{'0': {'precision': 0.0, 'recall': 0.0, 'f1-score': 0.0, 'support': 18.0}, '1': {'precision': 0.5909090909090909, 'recall': 1.0, 'f1-score': 0.7428571428571429, 'support': 26.0}, 'accuracy': 0.5909090909090909, 'macro avg': {'precision': 0.29545454545454547, 'recall': 0.5, 'f1-score': 0.37142857142857144, 'support': 44.0}, 'weighted avg': {'precision': 0.3491735537190083, 'recall': 0.5909090909090909, 'f1-score': 0.438961038961039, 'support': 44.0}}","[[ 0 18]
 [ 0 26]]"
523,50,64,8,0.5,0.0005,128,2,3,0.2903225806451613,0.5,"{'0': {'precision': 0.4090909090909091, 'recall': 1.0, 'f1-score': 0.5806451612903226, 'support': 18.0}, '1': {'precision': 0.0, 'recall': 0.0, 'f1-score': 0.0, 'support': 26.0}, 'accuracy': 0.4090909090909091, 'macro avg': {'precision': 0.20454545454545456, 'recall': 0.5, 'f1-score': 0.2903225806451613, 'support': 44.0}, 'weighted avg': {'precision': 0.16735537190082647, 'recall': 0.4090909090909091, 'f1-score': 0.23753665689149564, 'support': 44.0}}","[[18  0]
 [26  0]]"
524,50,64,8,0.5,0.0005,128,3,2,0.35157894736842105,0.5,"{'0': {'precision': 0.25, 'recall': 0.2777777777777778, 'f1-score': 0.2631578947368421, 'support': 18.0}, '1': {'precision': 0.4583333333333333, 'recall': 0.4230769230769231, 'f1-score': 0.44, 'support': 26.0}, 'accuracy': 0.36363636363636365, 'macro avg': {'precision': 0.35416666666666663, 'recall': 0.3504273504273504, 'f1-score': 0.35157894736842105, 'support': 44.0}, 'weighted avg': {'precision': 0.37310606060606055, 'recall': 0.36363636363636365, 'f1-score': 0.36765550239234446, 'support': 44.0}}","[[ 5 13]
 [15 11]]"
525,50,64,8,0.5,0.0005,128,3,3,0.37142857142857144,0.0,"{'0': {'precision': 0.0, 'recall': 0.0, 'f1-score': 0.0, 'support': 18.0}, '1': {'precision': 0.5909090909090909, 'recall': 1.0, 'f1-score': 0.7428571428571429, 'support': 26.0}, 'accuracy': 0.5909090909090909, 'macro avg': {'precision': 0.29545454545454547, 'recall': 0.5, 'f1-score': 0.37142857142857144, 'support': 44.0}, 'weighted avg': {'precision': 0.3491735537190083, 'recall': 0.5909090909090909, 'f1-score': 0.438961038961039, 'support': 44.0}}","[[ 0 18]
 [ 0 26]]"
526,50,64,8,0.5,0.0005,128,5,2,0.48235294117647054,0.5,"{'0': {'precision': 1.0, 'recall': 0.1111111111111111, 'f1-score': 0.2, 'support': 18.0}, '1': {'precision': 0.6190476190476191, 'recall': 1.0, 'f1-score': 0.7647058823529411, 'support': 26.0}, 'accuracy': 0.6363636363636364, 'macro avg': {'precision': 0.8095238095238095, 'recall': 0.5555555555555556, 'f1-score': 0.48235294117647054, 'support': 44.0}, 'weighted avg': {'precision': 0.7748917748917749, 'recall': 0.6363636363636364, 'f1-score': 0.5336898395721925, 'support': 44.0}}","[[ 2 16]
 [ 0 26]]"
527,50,64,8,0.5,0.0005,128,5,3,0.2903225806451613,0.5,"{'0': {'precision': 0.4090909090909091, 'recall': 1.0, 'f1-score': 0.5806451612903226, 'support': 18.0}, '1': {'precision': 0.0, 'recall': 0.0, 'f1-score': 0.0, 'support': 26.0}, 'accuracy': 0.4090909090909091, 'macro avg': {'precision': 0.20454545454545456, 'recall': 0.5, 'f1-score': 0.2903225806451613, 'support': 44.0}, 'weighted avg': {'precision': 0.16735537190082647, 'recall': 0.4090909090909091, 'f1-score': 0.23753665689149564, 'support': 44.0}}","[[18  0]
 [26  0]]"
528,50,64,16,0.2,0.001,64,2,2,0.525079365079365,0.5,"{'0': {'precision': 0.5714285714285714, 'recall': 0.2222222222222222, 'f1-score': 0.32, 'support': 18.0}, '1': {'precision': 0.6216216216216216, 'recall': 0.8846153846153846, 'f1-score': 0.7301587301587301, 'support': 26.0}, 'accuracy': 0.6136363636363636, 'macro avg': {'precision': 0.5965250965250966, 'recall': 0.5534188034188035, 'f1-score': 0.525079365079365, 'support': 44.0}, 'weighted avg': {'precision': 0.6010881010881011, 'recall': 0.6136363636363636, 'f1-score': 0.5623665223665224, 'support': 44.0}}","[[ 4 14]
 [ 3 23]]"
529,50,64,16,0.2,0.001,64,2,3,0.37142857142857144,0.0,"{'0': {'precision': 0.0, 'recall': 0.0, 'f1-score': 0.0, 'support': 18.0}, '1': {'precision': 0.5909090909090909, 'recall': 1.0, 'f1-score': 0.7428571428571429, 'support': 26.0}, 'accuracy': 0.5909090909090909, 'macro avg': {'precision': 0.29545454545454547, 'recall': 0.5, 'f1-score': 0.37142857142857144, 'support': 44.0}, 'weighted avg': {'precision': 0.3491735537190083, 'recall': 0.5909090909090909, 'f1-score': 0.438961038961039, 'support': 44.0}}","[[ 0 18]
 [ 0 26]]"
530,50,64,16,0.2,0.001,64,3,2,0.37142857142857144,0.0,"{'0': {'precision': 0.0, 'recall': 0.0, 'f1-score': 0.0, 'support': 18.0}, '1': {'precision': 0.5909090909090909, 'recall': 1.0, 'f1-score': 0.7428571428571429, 'support': 26.0}, 'accuracy': 0.5909090909090909, 'macro avg': {'precision': 0.29545454545454547, 'recall': 0.5, 'f1-score': 0.37142857142857144, 'support': 44.0}, 'weighted avg': {'precision': 0.3491735537190083, 'recall': 0.5909090909090909, 'f1-score': 0.438961038961039, 'support': 44.0}}","[[ 0 18]
 [ 0 26]]"
531,50,64,16,0.2,0.001,64,3,3,0.37142857142857144,0.5,"{'0': {'precision': 0.0, 'recall': 0.0, 'f1-score': 0.0, 'support': 18.0}, '1': {'precision': 0.5909090909090909, 'recall': 1.0, 'f1-score': 0.7428571428571429, 'support': 26.0}, 'accuracy': 0.5909090909090909, 'macro avg': {'precision': 0.29545454545454547, 'recall': 0.5, 'f1-score': 0.37142857142857144, 'support': 44.0}, 'weighted avg': {'precision': 0.3491735537190083, 'recall': 0.5909090909090909, 'f1-score': 0.438961038961039, 'support': 44.0}}","[[ 0 18]
 [ 0 26]]"
532,50,64,16,0.2,0.001,64,5,2,0.2903225806451613,0.5,"{'0': {'precision': 0.4090909090909091, 'recall': 1.0, 'f1-score': 0.5806451612903226, 'support': 18.0}, '1': {'precision': 0.0, 'recall': 0.0, 'f1-score': 0.0, 'support': 26.0}, 'accuracy': 0.4090909090909091, 'macro avg': {'precision': 0.20454545454545456, 'recall': 0.5, 'f1-score': 0.2903225806451613, 'support': 44.0}, 'weighted avg': {'precision': 0.16735537190082647, 'recall': 0.4090909090909091, 'f1-score': 0.23753665689149564, 'support': 44.0}}","[[18  0]
 [26  0]]"
533,50,64,16,0.2,0.001,64,5,3,0.37142857142857144,0.5,"{'0': {'precision': 0.0, 'recall': 0.0, 'f1-score': 0.0, 'support': 18.0}, '1': {'precision': 0.5909090909090909, 'recall': 1.0, 'f1-score': 0.7428571428571429, 'support': 26.0}, 'accuracy': 0.5909090909090909, 'macro avg': {'precision': 0.29545454545454547, 'recall': 0.5, 'f1-score': 0.37142857142857144, 'support': 44.0}, 'weighted avg': {'precision': 0.3491735537190083, 'recall': 0.5909090909090909, 'f1-score': 0.438961038961039, 'support': 44.0}}","[[ 0 18]
 [ 0 26]]"
534,50,64,16,0.2,0.001,128,2,2,0.2903225806451613,0.5,"{'0': {'precision': 0.4090909090909091, 'recall': 1.0, 'f1-score': 0.5806451612903226, 'support': 18.0}, '1': {'precision': 0.0, 'recall': 0.0, 'f1-score': 0.0, 'support': 26.0}, 'accuracy': 0.4090909090909091, 'macro avg': {'precision': 0.20454545454545456, 'recall': 0.5, 'f1-score': 0.2903225806451613, 'support': 44.0}, 'weighted avg': {'precision': 0.16735537190082647, 'recall': 0.4090909090909091, 'f1-score': 0.23753665689149564, 'support': 44.0}}","[[18  0]
 [26  0]]"
535,50,64,16,0.2,0.001,128,2,3,0.5151515151515151,0.5,"{'0': {'precision': 0.75, 'recall': 0.16666666666666666, 'f1-score': 0.2727272727272727, 'support': 18.0}, '1': {'precision': 0.625, 'recall': 0.9615384615384616, 'f1-score': 0.7575757575757576, 'support': 26.0}, 'accuracy': 0.6363636363636364, 'macro avg': {'precision': 0.6875, 'recall': 0.5641025641025641, 'f1-score': 0.5151515151515151, 'support': 44.0}, 'weighted avg': {'precision': 0.6761363636363636, 'recall': 0.6363636363636364, 'f1-score': 0.5592286501377409, 'support': 44.0}}","[[ 3 15]
 [ 1 25]]"
536,50,64,16,0.2,0.001,128,3,2,0.37142857142857144,0.5,"{'0': {'precision': 0.0, 'recall': 0.0, 'f1-score': 0.0, 'support': 18.0}, '1': {'precision': 0.5909090909090909, 'recall': 1.0, 'f1-score': 0.7428571428571429, 'support': 26.0}, 'accuracy': 0.5909090909090909, 'macro avg': {'precision': 0.29545454545454547, 'recall': 0.5, 'f1-score': 0.37142857142857144, 'support': 44.0}, 'weighted avg': {'precision': 0.3491735537190083, 'recall': 0.5909090909090909, 'f1-score': 0.438961038961039, 'support': 44.0}}","[[ 0 18]
 [ 0 26]]"
537,50,64,16,0.2,0.001,128,3,3,0.4315245478036176,0.5,"{'0': {'precision': 0.37037037037037035, 'recall': 0.5555555555555556, 'f1-score': 0.4444444444444444, 'support': 18.0}, '1': {'precision': 0.5294117647058824, 'recall': 0.34615384615384615, 'f1-score': 0.4186046511627907, 'support': 26.0}, 'accuracy': 0.4318181818181818, 'macro avg': {'precision': 0.44989106753812635, 'recall': 0.45085470085470086, 'f1-score': 0.4315245478036176, 'support': 44.0}, 'weighted avg': {'precision': 0.46434937611408195, 'recall': 0.4318181818181818, 'f1-score': 0.42917547568710357, 'support': 44.0}}","[[10  8]
 [17  9]]"
538,50,64,16,0.2,0.001,128,5,2,0.35710111046171833,0.5,"{'0': {'precision': 0.4146341463414634, 'recall': 0.9444444444444444, 'f1-score': 0.576271186440678, 'support': 18.0}, '1': {'precision': 0.6666666666666666, 'recall': 0.07692307692307693, 'f1-score': 0.13793103448275862, 'support': 26.0}, 'accuracy': 0.4318181818181818, 'macro avg': {'precision': 0.540650406504065, 'recall': 0.5106837606837606, 'f1-score': 0.35710111046171833, 'support': 44.0}, 'weighted avg': {'precision': 0.5635624538063563, 'recall': 0.4318181818181818, 'f1-score': 0.3172520057382711, 'support': 44.0}}","[[17  1]
 [24  2]]"
539,50,64,16,0.2,0.001,128,5,3,0.34545454545454546,0.5,"{'0': {'precision': 0.3783783783783784, 'recall': 0.7777777777777778, 'f1-score': 0.509090909090909, 'support': 18.0}, '1': {'precision': 0.42857142857142855, 'recall': 0.11538461538461539, 'f1-score': 0.18181818181818182, 'support': 26.0}, 'accuracy': 0.38636363636363635, 'macro avg': {'precision': 0.40347490347490345, 'recall': 0.4465811965811966, 'f1-score': 0.34545454545454546, 'support': 44.0}, 'weighted avg': {'precision': 0.408037908037908, 'recall': 0.38636363636363635, 'f1-score': 0.315702479338843, 'support': 44.0}}","[[14  4]
 [23  3]]"
540,50,64,16,0.2,0.0005,64,2,2,0.37142857142857144,0.5,"{'0': {'precision': 0.0, 'recall': 0.0, 'f1-score': 0.0, 'support': 18.0}, '1': {'precision': 0.5909090909090909, 'recall': 1.0, 'f1-score': 0.7428571428571429, 'support': 26.0}, 'accuracy': 0.5909090909090909, 'macro avg': {'precision': 0.29545454545454547, 'recall': 0.5, 'f1-score': 0.37142857142857144, 'support': 44.0}, 'weighted avg': {'precision': 0.3491735537190083, 'recall': 0.5909090909090909, 'f1-score': 0.438961038961039, 'support': 44.0}}","[[ 0 18]
 [ 0 26]]"
541,50,64,16,0.2,0.0005,64,2,3,0.37142857142857144,0.0,"{'0': {'precision': 0.0, 'recall': 0.0, 'f1-score': 0.0, 'support': 18.0}, '1': {'precision': 0.5909090909090909, 'recall': 1.0, 'f1-score': 0.7428571428571429, 'support': 26.0}, 'accuracy': 0.5909090909090909, 'macro avg': {'precision': 0.29545454545454547, 'recall': 0.5, 'f1-score': 0.37142857142857144, 'support': 44.0}, 'weighted avg': {'precision': 0.3491735537190083, 'recall': 0.5909090909090909, 'f1-score': 0.438961038961039, 'support': 44.0}}","[[ 0 18]
 [ 0 26]]"
542,50,64,16,0.2,0.0005,64,3,2,0.37142857142857144,0.5,"{'0': {'precision': 0.0, 'recall': 0.0, 'f1-score': 0.0, 'support': 18.0}, '1': {'precision': 0.5909090909090909, 'recall': 1.0, 'f1-score': 0.7428571428571429, 'support': 26.0}, 'accuracy': 0.5909090909090909, 'macro avg': {'precision': 0.29545454545454547, 'recall': 0.5, 'f1-score': 0.37142857142857144, 'support': 44.0}, 'weighted avg': {'precision': 0.3491735537190083, 'recall': 0.5909090909090909, 'f1-score': 0.438961038961039, 'support': 44.0}}","[[ 0 18]
 [ 0 26]]"
543,50,64,16,0.2,0.0005,64,3,3,0.37142857142857144,0.0,"{'0': {'precision': 0.0, 'recall': 0.0, 'f1-score': 0.0, 'support': 18.0}, '1': {'precision': 0.5909090909090909, 'recall': 1.0, 'f1-score': 0.7428571428571429, 'support': 26.0}, 'accuracy': 0.5909090909090909, 'macro avg': {'precision': 0.29545454545454547, 'recall': 0.5, 'f1-score': 0.37142857142857144, 'support': 44.0}, 'weighted avg': {'precision': 0.3491735537190083, 'recall': 0.5909090909090909, 'f1-score': 0.438961038961039, 'support': 44.0}}","[[ 0 18]
 [ 0 26]]"
544,50,64,16,0.2,0.0005,64,5,2,0.37142857142857144,0.0,"{'0': {'precision': 0.0, 'recall': 0.0, 'f1-score': 0.0, 'support': 18.0}, '1': {'precision': 0.5909090909090909, 'recall': 1.0, 'f1-score': 0.7428571428571429, 'support': 26.0}, 'accuracy': 0.5909090909090909, 'macro avg': {'precision': 0.29545454545454547, 'recall': 0.5, 'f1-score': 0.37142857142857144, 'support': 44.0}, 'weighted avg': {'precision': 0.3491735537190083, 'recall': 0.5909090909090909, 'f1-score': 0.438961038961039, 'support': 44.0}}","[[ 0 18]
 [ 0 26]]"
545,50,64,16,0.2,0.0005,64,5,3,0.37142857142857144,0.5,"{'0': {'precision': 0.0, 'recall': 0.0, 'f1-score': 0.0, 'support': 18.0}, '1': {'precision': 0.5909090909090909, 'recall': 1.0, 'f1-score': 0.7428571428571429, 'support': 26.0}, 'accuracy': 0.5909090909090909, 'macro avg': {'precision': 0.29545454545454547, 'recall': 0.5, 'f1-score': 0.37142857142857144, 'support': 44.0}, 'weighted avg': {'precision': 0.3491735537190083, 'recall': 0.5909090909090909, 'f1-score': 0.438961038961039, 'support': 44.0}}","[[ 0 18]
 [ 0 26]]"
546,50,64,16,0.2,0.0005,128,2,2,0.37142857142857144,0.0,"{'0': {'precision': 0.0, 'recall': 0.0, 'f1-score': 0.0, 'support': 18.0}, '1': {'precision': 0.5909090909090909, 'recall': 1.0, 'f1-score': 0.7428571428571429, 'support': 26.0}, 'accuracy': 0.5909090909090909, 'macro avg': {'precision': 0.29545454545454547, 'recall': 0.5, 'f1-score': 0.37142857142857144, 'support': 44.0}, 'weighted avg': {'precision': 0.3491735537190083, 'recall': 0.5909090909090909, 'f1-score': 0.438961038961039, 'support': 44.0}}","[[ 0 18]
 [ 0 26]]"
547,50,64,16,0.2,0.0005,128,2,3,0.37142857142857144,0.0,"{'0': {'precision': 0.0, 'recall': 0.0, 'f1-score': 0.0, 'support': 18.0}, '1': {'precision': 0.5909090909090909, 'recall': 1.0, 'f1-score': 0.7428571428571429, 'support': 26.0}, 'accuracy': 0.5909090909090909, 'macro avg': {'precision': 0.29545454545454547, 'recall': 0.5, 'f1-score': 0.37142857142857144, 'support': 44.0}, 'weighted avg': {'precision': 0.3491735537190083, 'recall': 0.5909090909090909, 'f1-score': 0.438961038961039, 'support': 44.0}}","[[ 0 18]
 [ 0 26]]"
548,50,64,16,0.2,0.0005,128,3,2,0.37142857142857144,0.0,"{'0': {'precision': 0.0, 'recall': 0.0, 'f1-score': 0.0, 'support': 18.0}, '1': {'precision': 0.5909090909090909, 'recall': 1.0, 'f1-score': 0.7428571428571429, 'support': 26.0}, 'accuracy': 0.5909090909090909, 'macro avg': {'precision': 0.29545454545454547, 'recall': 0.5, 'f1-score': 0.37142857142857144, 'support': 44.0}, 'weighted avg': {'precision': 0.3491735537190083, 'recall': 0.5909090909090909, 'f1-score': 0.438961038961039, 'support': 44.0}}","[[ 0 18]
 [ 0 26]]"
549,50,64,16,0.2,0.0005,128,3,3,0.37142857142857144,0.5,"{'0': {'precision': 0.0, 'recall': 0.0, 'f1-score': 0.0, 'support': 18.0}, '1': {'precision': 0.5909090909090909, 'recall': 1.0, 'f1-score': 0.7428571428571429, 'support': 26.0}, 'accuracy': 0.5909090909090909, 'macro avg': {'precision': 0.29545454545454547, 'recall': 0.5, 'f1-score': 0.37142857142857144, 'support': 44.0}, 'weighted avg': {'precision': 0.3491735537190083, 'recall': 0.5909090909090909, 'f1-score': 0.438961038961039, 'support': 44.0}}","[[ 0 18]
 [ 0 26]]"
550,50,64,16,0.2,0.0005,128,5,2,0.37142857142857144,0.0,"{'0': {'precision': 0.0, 'recall': 0.0, 'f1-score': 0.0, 'support': 18.0}, '1': {'precision': 0.5909090909090909, 'recall': 1.0, 'f1-score': 0.7428571428571429, 'support': 26.0}, 'accuracy': 0.5909090909090909, 'macro avg': {'precision': 0.29545454545454547, 'recall': 0.5, 'f1-score': 0.37142857142857144, 'support': 44.0}, 'weighted avg': {'precision': 0.3491735537190083, 'recall': 0.5909090909090909, 'f1-score': 0.438961038961039, 'support': 44.0}}","[[ 0 18]
 [ 0 26]]"
551,50,64,16,0.2,0.0005,128,5,3,0.2903225806451613,0.5,"{'0': {'precision': 0.4090909090909091, 'recall': 1.0, 'f1-score': 0.5806451612903226, 'support': 18.0}, '1': {'precision': 0.0, 'recall': 0.0, 'f1-score': 0.0, 'support': 26.0}, 'accuracy': 0.4090909090909091, 'macro avg': {'precision': 0.20454545454545456, 'recall': 0.5, 'f1-score': 0.2903225806451613, 'support': 44.0}, 'weighted avg': {'precision': 0.16735537190082647, 'recall': 0.4090909090909091, 'f1-score': 0.23753665689149564, 'support': 44.0}}","[[18  0]
 [26  0]]"
552,50,64,16,0.5,0.001,64,2,2,0.2903225806451613,0.5,"{'0': {'precision': 0.4090909090909091, 'recall': 1.0, 'f1-score': 0.5806451612903226, 'support': 18.0}, '1': {'precision': 0.0, 'recall': 0.0, 'f1-score': 0.0, 'support': 26.0}, 'accuracy': 0.4090909090909091, 'macro avg': {'precision': 0.20454545454545456, 'recall': 0.5, 'f1-score': 0.2903225806451613, 'support': 44.0}, 'weighted avg': {'precision': 0.16735537190082647, 'recall': 0.4090909090909091, 'f1-score': 0.23753665689149564, 'support': 44.0}}","[[18  0]
 [26  0]]"
553,50,64,16,0.5,0.001,64,2,3,0.2542372881355932,0.5,"{'0': {'precision': 0.36585365853658536, 'recall': 0.8333333333333334, 'f1-score': 0.5084745762711864, 'support': 18.0}, '1': {'precision': 0.0, 'recall': 0.0, 'f1-score': 0.0, 'support': 26.0}, 'accuracy': 0.3409090909090909, 'macro avg': {'precision': 0.18292682926829268, 'recall': 0.4166666666666667, 'f1-score': 0.2542372881355932, 'support': 44.0}, 'weighted avg': {'precision': 0.14966740576496673, 'recall': 0.3409090909090909, 'f1-score': 0.20801232665639446, 'support': 44.0}}","[[15  3]
 [26  0]]"
554,50,64,16,0.5,0.001,64,3,2,0.2903225806451613,0.5,"{'0': {'precision': 0.4090909090909091, 'recall': 1.0, 'f1-score': 0.5806451612903226, 'support': 18.0}, '1': {'precision': 0.0, 'recall': 0.0, 'f1-score': 0.0, 'support': 26.0}, 'accuracy': 0.4090909090909091, 'macro avg': {'precision': 0.20454545454545456, 'recall': 0.5, 'f1-score': 0.2903225806451613, 'support': 44.0}, 'weighted avg': {'precision': 0.16735537190082647, 'recall': 0.4090909090909091, 'f1-score': 0.23753665689149564, 'support': 44.0}}","[[18  0]
 [26  0]]"
555,50,64,16,0.5,0.001,64,3,3,0.2903225806451613,0.5,"{'0': {'precision': 0.4090909090909091, 'recall': 1.0, 'f1-score': 0.5806451612903226, 'support': 18.0}, '1': {'precision': 0.0, 'recall': 0.0, 'f1-score': 0.0, 'support': 26.0}, 'accuracy': 0.4090909090909091, 'macro avg': {'precision': 0.20454545454545456, 'recall': 0.5, 'f1-score': 0.2903225806451613, 'support': 44.0}, 'weighted avg': {'precision': 0.16735537190082647, 'recall': 0.4090909090909091, 'f1-score': 0.23753665689149564, 'support': 44.0}}","[[18  0]
 [26  0]]"
556,50,64,16,0.5,0.001,64,5,2,0.429443173150267,0.5,"{'0': {'precision': 1.0, 'recall': 0.05555555555555555, 'f1-score': 0.10526315789473684, 'support': 18.0}, '1': {'precision': 0.6046511627906976, 'recall': 1.0, 'f1-score': 0.7536231884057971, 'support': 26.0}, 'accuracy': 0.6136363636363636, 'macro avg': {'precision': 0.8023255813953488, 'recall': 0.5277777777777778, 'f1-score': 0.429443173150267, 'support': 44.0}, 'weighted avg': {'precision': 0.766384778012685, 'recall': 0.6136363636363636, 'f1-score': 0.488384994105818, 'support': 44.0}}","[[ 1 17]
 [ 0 26]]"
557,50,64,16,0.5,0.001,64,5,3,0.37042925278219396,0.5,"{'0': {'precision': 0.2631578947368421, 'recall': 0.2777777777777778, 'f1-score': 0.2702702702702703, 'support': 18.0}, '1': {'precision': 0.48, 'recall': 0.46153846153846156, 'f1-score': 0.47058823529411764, 'support': 26.0}, 'accuracy': 0.38636363636363635, 'macro avg': {'precision': 0.371578947368421, 'recall': 0.3696581196581197, 'f1-score': 0.37042925278219396, 'support': 44.0}, 'weighted avg': {'precision': 0.39129186602870814, 'recall': 0.38636363636363635, 'f1-score': 0.3886399768752709, 'support': 44.0}}","[[ 5 13]
 [14 12]]"
558,50,64,16,0.5,0.001,128,2,2,0.37142857142857144,0.0,"{'0': {'precision': 0.0, 'recall': 0.0, 'f1-score': 0.0, 'support': 18.0}, '1': {'precision': 0.5909090909090909, 'recall': 1.0, 'f1-score': 0.7428571428571429, 'support': 26.0}, 'accuracy': 0.5909090909090909, 'macro avg': {'precision': 0.29545454545454547, 'recall': 0.5, 'f1-score': 0.37142857142857144, 'support': 44.0}, 'weighted avg': {'precision': 0.3491735537190083, 'recall': 0.5909090909090909, 'f1-score': 0.438961038961039, 'support': 44.0}}","[[ 0 18]
 [ 0 26]]"
559,50,64,16,0.5,0.001,128,2,3,0.37142857142857144,0.0,"{'0': {'precision': 0.0, 'recall': 0.0, 'f1-score': 0.0, 'support': 18.0}, '1': {'precision': 0.5909090909090909, 'recall': 1.0, 'f1-score': 0.7428571428571429, 'support': 26.0}, 'accuracy': 0.5909090909090909, 'macro avg': {'precision': 0.29545454545454547, 'recall': 0.5, 'f1-score': 0.37142857142857144, 'support': 44.0}, 'weighted avg': {'precision': 0.3491735537190083, 'recall': 0.5909090909090909, 'f1-score': 0.438961038961039, 'support': 44.0}}","[[ 0 18]
 [ 0 26]]"
560,50,64,16,0.5,0.001,128,3,2,0.4078674948240165,0.5,"{'0': {'precision': 0.3333333333333333, 'recall': 0.4444444444444444, 'f1-score': 0.38095238095238093, 'support': 18.0}, '1': {'precision': 0.5, 'recall': 0.38461538461538464, 'f1-score': 0.43478260869565216, 'support': 26.0}, 'accuracy': 0.4090909090909091, 'macro avg': {'precision': 0.41666666666666663, 'recall': 0.4145299145299145, 'f1-score': 0.4078674948240165, 'support': 44.0}, 'weighted avg': {'precision': 0.4318181818181818, 'recall': 0.4090909090909091, 'f1-score': 0.4127611518915867, 'support': 44.0}}","[[ 8 10]
 [16 10]]"
561,50,64,16,0.5,0.001,128,3,3,0.37142857142857144,0.0,"{'0': {'precision': 0.0, 'recall': 0.0, 'f1-score': 0.0, 'support': 18.0}, '1': {'precision': 0.5909090909090909, 'recall': 1.0, 'f1-score': 0.7428571428571429, 'support': 26.0}, 'accuracy': 0.5909090909090909, 'macro avg': {'precision': 0.29545454545454547, 'recall': 0.5, 'f1-score': 0.37142857142857144, 'support': 44.0}, 'weighted avg': {'precision': 0.3491735537190083, 'recall': 0.5909090909090909, 'f1-score': 0.438961038961039, 'support': 44.0}}","[[ 0 18]
 [ 0 26]]"
562,50,64,16,0.5,0.001,128,5,2,0.2903225806451613,0.5,"{'0': {'precision': 0.4090909090909091, 'recall': 1.0, 'f1-score': 0.5806451612903226, 'support': 18.0}, '1': {'precision': 0.0, 'recall': 0.0, 'f1-score': 0.0, 'support': 26.0}, 'accuracy': 0.4090909090909091, 'macro avg': {'precision': 0.20454545454545456, 'recall': 0.5, 'f1-score': 0.2903225806451613, 'support': 44.0}, 'weighted avg': {'precision': 0.16735537190082647, 'recall': 0.4090909090909091, 'f1-score': 0.23753665689149564, 'support': 44.0}}","[[18  0]
 [26  0]]"
563,50,64,16,0.5,0.001,128,5,3,0.2903225806451613,0.5,"{'0': {'precision': 0.4090909090909091, 'recall': 1.0, 'f1-score': 0.5806451612903226, 'support': 18.0}, '1': {'precision': 0.0, 'recall': 0.0, 'f1-score': 0.0, 'support': 26.0}, 'accuracy': 0.4090909090909091, 'macro avg': {'precision': 0.20454545454545456, 'recall': 0.5, 'f1-score': 0.2903225806451613, 'support': 44.0}, 'weighted avg': {'precision': 0.16735537190082647, 'recall': 0.4090909090909091, 'f1-score': 0.23753665689149564, 'support': 44.0}}","[[18  0]
 [26  0]]"
564,50,64,16,0.5,0.0005,64,2,2,0.37142857142857144,0.5,"{'0': {'precision': 0.0, 'recall': 0.0, 'f1-score': 0.0, 'support': 18.0}, '1': {'precision': 0.5909090909090909, 'recall': 1.0, 'f1-score': 0.7428571428571429, 'support': 26.0}, 'accuracy': 0.5909090909090909, 'macro avg': {'precision': 0.29545454545454547, 'recall': 0.5, 'f1-score': 0.37142857142857144, 'support': 44.0}, 'weighted avg': {'precision': 0.3491735537190083, 'recall': 0.5909090909090909, 'f1-score': 0.438961038961039, 'support': 44.0}}","[[ 0 18]
 [ 0 26]]"
565,50,64,16,0.5,0.0005,64,2,3,0.34328358208955223,0.5,"{'0': {'precision': 0.0, 'recall': 0.0, 'f1-score': 0.0, 'support': 18.0}, '1': {'precision': 0.5609756097560976, 'recall': 0.8846153846153846, 'f1-score': 0.6865671641791045, 'support': 26.0}, 'accuracy': 0.5227272727272727, 'macro avg': {'precision': 0.2804878048780488, 'recall': 0.4423076923076923, 'f1-score': 0.34328358208955223, 'support': 44.0}, 'weighted avg': {'precision': 0.33148558758314856, 'recall': 0.5227272727272727, 'f1-score': 0.40569877883310723, 'support': 44.0}}","[[ 0 18]
 [ 3 23]]"
566,50,64,16,0.5,0.0005,64,3,2,0.2903225806451613,0.5,"{'0': {'precision': 0.4090909090909091, 'recall': 1.0, 'f1-score': 0.5806451612903226, 'support': 18.0}, '1': {'precision': 0.0, 'recall': 0.0, 'f1-score': 0.0, 'support': 26.0}, 'accuracy': 0.4090909090909091, 'macro avg': {'precision': 0.20454545454545456, 'recall': 0.5, 'f1-score': 0.2903225806451613, 'support': 44.0}, 'weighted avg': {'precision': 0.16735537190082647, 'recall': 0.4090909090909091, 'f1-score': 0.23753665689149564, 'support': 44.0}}","[[18  0]
 [26  0]]"
567,50,64,16,0.5,0.0005,64,3,3,0.2903225806451613,0.5,"{'0': {'precision': 0.4090909090909091, 'recall': 1.0, 'f1-score': 0.5806451612903226, 'support': 18.0}, '1': {'precision': 0.0, 'recall': 0.0, 'f1-score': 0.0, 'support': 26.0}, 'accuracy': 0.4090909090909091, 'macro avg': {'precision': 0.20454545454545456, 'recall': 0.5, 'f1-score': 0.2903225806451613, 'support': 44.0}, 'weighted avg': {'precision': 0.16735537190082647, 'recall': 0.4090909090909091, 'f1-score': 0.23753665689149564, 'support': 44.0}}","[[18  0]
 [26  0]]"
568,50,64,16,0.5,0.0005,64,5,2,0.47619047619047616,0.5,"{'0': {'precision': 0.4, 'recall': 0.2222222222222222, 'f1-score': 0.2857142857142857, 'support': 18.0}, '1': {'precision': 0.5882352941176471, 'recall': 0.7692307692307693, 'f1-score': 0.6666666666666666, 'support': 26.0}, 'accuracy': 0.5454545454545454, 'macro avg': {'precision': 0.49411764705882355, 'recall': 0.49572649572649574, 'f1-score': 0.47619047619047616, 'support': 44.0}, 'weighted avg': {'precision': 0.5112299465240642, 'recall': 0.5454545454545454, 'f1-score': 0.5108225108225107, 'support': 44.0}}","[[ 4 14]
 [ 6 20]]"
569,50,64,16,0.5,0.0005,64,5,3,0.37142857142857144,0.0,"{'0': {'precision': 0.0, 'recall': 0.0, 'f1-score': 0.0, 'support': 18.0}, '1': {'precision': 0.5909090909090909, 'recall': 1.0, 'f1-score': 0.7428571428571429, 'support': 26.0}, 'accuracy': 0.5909090909090909, 'macro avg': {'precision': 0.29545454545454547, 'recall': 0.5, 'f1-score': 0.37142857142857144, 'support': 44.0}, 'weighted avg': {'precision': 0.3491735537190083, 'recall': 0.5909090909090909, 'f1-score': 0.438961038961039, 'support': 44.0}}","[[ 0 18]
 [ 0 26]]"
570,50,64,16,0.5,0.0005,128,2,2,0.37142857142857144,0.0,"{'0': {'precision': 0.0, 'recall': 0.0, 'f1-score': 0.0, 'support': 18.0}, '1': {'precision': 0.5909090909090909, 'recall': 1.0, 'f1-score': 0.7428571428571429, 'support': 26.0}, 'accuracy': 0.5909090909090909, 'macro avg': {'precision': 0.29545454545454547, 'recall': 0.5, 'f1-score': 0.37142857142857144, 'support': 44.0}, 'weighted avg': {'precision': 0.3491735537190083, 'recall': 0.5909090909090909, 'f1-score': 0.438961038961039, 'support': 44.0}}","[[ 0 18]
 [ 0 26]]"
571,50,64,16,0.5,0.0005,128,2,3,0.37142857142857144,0.0,"{'0': {'precision': 0.0, 'recall': 0.0, 'f1-score': 0.0, 'support': 18.0}, '1': {'precision': 0.5909090909090909, 'recall': 1.0, 'f1-score': 0.7428571428571429, 'support': 26.0}, 'accuracy': 0.5909090909090909, 'macro avg': {'precision': 0.29545454545454547, 'recall': 0.5, 'f1-score': 0.37142857142857144, 'support': 44.0}, 'weighted avg': {'precision': 0.3491735537190083, 'recall': 0.5909090909090909, 'f1-score': 0.438961038961039, 'support': 44.0}}","[[ 0 18]
 [ 0 26]]"
572,50,64,16,0.5,0.0005,128,3,2,0.37142857142857144,0.0,"{'0': {'precision': 0.0, 'recall': 0.0, 'f1-score': 0.0, 'support': 18.0}, '1': {'precision': 0.5909090909090909, 'recall': 1.0, 'f1-score': 0.7428571428571429, 'support': 26.0}, 'accuracy': 0.5909090909090909, 'macro avg': {'precision': 0.29545454545454547, 'recall': 0.5, 'f1-score': 0.37142857142857144, 'support': 44.0}, 'weighted avg': {'precision': 0.3491735537190083, 'recall': 0.5909090909090909, 'f1-score': 0.438961038961039, 'support': 44.0}}","[[ 0 18]
 [ 0 26]]"
573,50,64,16,0.5,0.0005,128,3,3,0.2542372881355932,0.5,"{'0': {'precision': 0.36585365853658536, 'recall': 0.8333333333333334, 'f1-score': 0.5084745762711864, 'support': 18.0}, '1': {'precision': 0.0, 'recall': 0.0, 'f1-score': 0.0, 'support': 26.0}, 'accuracy': 0.3409090909090909, 'macro avg': {'precision': 0.18292682926829268, 'recall': 0.4166666666666667, 'f1-score': 0.2542372881355932, 'support': 44.0}, 'weighted avg': {'precision': 0.14966740576496673, 'recall': 0.3409090909090909, 'f1-score': 0.20801232665639446, 'support': 44.0}}","[[15  3]
 [26  0]]"
574,50,64,16,0.5,0.0005,128,5,2,0.37142857142857144,0.0,"{'0': {'precision': 0.0, 'recall': 0.0, 'f1-score': 0.0, 'support': 18.0}, '1': {'precision': 0.5909090909090909, 'recall': 1.0, 'f1-score': 0.7428571428571429, 'support': 26.0}, 'accuracy': 0.5909090909090909, 'macro avg': {'precision': 0.29545454545454547, 'recall': 0.5, 'f1-score': 0.37142857142857144, 'support': 44.0}, 'weighted avg': {'precision': 0.3491735537190083, 'recall': 0.5909090909090909, 'f1-score': 0.438961038961039, 'support': 44.0}}","[[ 0 18]
 [ 0 26]]"
575,50,64,16,0.5,0.0005,128,5,3,0.29195402298850576,0.5,"{'0': {'precision': 0.375, 'recall': 0.8333333333333334, 'f1-score': 0.5172413793103449, 'support': 18.0}, '1': {'precision': 0.25, 'recall': 0.038461538461538464, 'f1-score': 0.06666666666666667, 'support': 26.0}, 'accuracy': 0.36363636363636365, 'macro avg': {'precision': 0.3125, 'recall': 0.4358974358974359, 'f1-score': 0.29195402298850576, 'support': 44.0}, 'weighted avg': {'precision': 0.30113636363636365, 'recall': 0.36363636363636365, 'f1-score': 0.2509926854754441, 'support': 44.0}}","[[15  3]
 [25  1]]"
