,n_estimators,learning_rate,num_leaves,max_depth,boosting_type,subsample,f1_score,threshold,best_report,confusion_matrix
0,100,0.01,31,-1,gbdt,0.7,0.4872626215840667,0.5,"{'0': {'precision': 0.4383561643835616, 'recall': 0.5925925925925926, 'f1-score': 0.5039370078740157, 'support': 54.0}, '1': {'precision': 0.56, 'recall': 0.4057971014492754, 'f1-score': 0.47058823529411764, 'support': 69.0}, 'accuracy': 0.4878048780487805, 'macro avg': {'precision': 0.49917808219178084, 'recall': 0.499194847020934, 'f1-score': 0.4872626215840667, 'support': 123.0}, 'weighted avg': {'precision': 0.5065953892415637, 'recall': 0.4878048780487805, 'f1-score': 0.48522915984139, 'support': 123.0}}","[[32 22]
 [41 28]]"
1,100,0.01,31,-1,gbdt,0.7,0.47098524449149737,0.5,"{'0': {'precision': 0.4246575342465753, 'recall': 0.5740740740740741, 'f1-score': 0.4881889763779528, 'support': 54.0}, '1': {'precision': 0.54, 'recall': 0.391304347826087, 'f1-score': 0.453781512605042, 'support': 69.0}, 'accuracy': 0.4715447154471545, 'macro avg': {'precision': 0.48232876712328765, 'recall': 0.48268921095008055, 'f1-score': 0.47098524449149737, 'support': 123.0}, 'weighted avg': {'precision': 0.4893618443033746, 'recall': 0.4715447154471545, 'f1-score': 0.4688872284077833, 'support': 123.0}}","[[31 23]
 [42 27]]"
2,100,0.01,31,-1,gbdt,0.7,0.4876694214876033,0.5,"{'0': {'precision': 0.43661971830985913, 'recall': 0.5740740740740741, 'f1-score': 0.496, 'support': 54.0}, '1': {'precision': 0.5576923076923077, 'recall': 0.42028985507246375, 'f1-score': 0.4793388429752066, 'support': 69.0}, 'accuracy': 0.4878048780487805, 'macro avg': {'precision': 0.4971560130010834, 'recall': 0.4971819645732689, 'f1-score': 0.4876694214876033, 'support': 123.0}, 'weighted avg': {'precision': 0.5045384879634278, 'recall': 0.4878048780487805, 'f1-score': 0.48665349727877444, 'support': 123.0}}","[[31 23]
 [40 29]]"
3,100,0.01,31,-1,gbdt,0.8,0.4872626215840667,0.5,"{'0': {'precision': 0.4383561643835616, 'recall': 0.5925925925925926, 'f1-score': 0.5039370078740157, 'support': 54.0}, '1': {'precision': 0.56, 'recall': 0.4057971014492754, 'f1-score': 0.47058823529411764, 'support': 69.0}, 'accuracy': 0.4878048780487805, 'macro avg': {'precision': 0.49917808219178084, 'recall': 0.499194847020934, 'f1-score': 0.4872626215840667, 'support': 123.0}, 'weighted avg': {'precision': 0.5065953892415637, 'recall': 0.4878048780487805, 'f1-score': 0.48522915984139, 'support': 123.0}}","[[32 22]
 [41 28]]"
4,100,0.01,31,-1,gbdt,0.8,0.47098524449149737,0.5,"{'0': {'precision': 0.4246575342465753, 'recall': 0.5740740740740741, 'f1-score': 0.4881889763779528, 'support': 54.0}, '1': {'precision': 0.54, 'recall': 0.391304347826087, 'f1-score': 0.453781512605042, 'support': 69.0}, 'accuracy': 0.4715447154471545, 'macro avg': {'precision': 0.48232876712328765, 'recall': 0.48268921095008055, 'f1-score': 0.47098524449149737, 'support': 123.0}, 'weighted avg': {'precision': 0.4893618443033746, 'recall': 0.4715447154471545, 'f1-score': 0.4688872284077833, 'support': 123.0}}","[[31 23]
 [42 27]]"
5,100,0.01,31,-1,gbdt,0.8,0.4876694214876033,0.5,"{'0': {'precision': 0.43661971830985913, 'recall': 0.5740740740740741, 'f1-score': 0.496, 'support': 54.0}, '1': {'precision': 0.5576923076923077, 'recall': 0.42028985507246375, 'f1-score': 0.4793388429752066, 'support': 69.0}, 'accuracy': 0.4878048780487805, 'macro avg': {'precision': 0.4971560130010834, 'recall': 0.4971819645732689, 'f1-score': 0.4876694214876033, 'support': 123.0}, 'weighted avg': {'precision': 0.5045384879634278, 'recall': 0.4878048780487805, 'f1-score': 0.48665349727877444, 'support': 123.0}}","[[31 23]
 [40 29]]"
6,100,0.01,31,-1,gbdt,1.0,0.4872626215840667,0.5,"{'0': {'precision': 0.4383561643835616, 'recall': 0.5925925925925926, 'f1-score': 0.5039370078740157, 'support': 54.0}, '1': {'precision': 0.56, 'recall': 0.4057971014492754, 'f1-score': 0.47058823529411764, 'support': 69.0}, 'accuracy': 0.4878048780487805, 'macro avg': {'precision': 0.49917808219178084, 'recall': 0.499194847020934, 'f1-score': 0.4872626215840667, 'support': 123.0}, 'weighted avg': {'precision': 0.5065953892415637, 'recall': 0.4878048780487805, 'f1-score': 0.48522915984139, 'support': 123.0}}","[[32 22]
 [41 28]]"
7,100,0.01,31,-1,gbdt,1.0,0.47098524449149737,0.5,"{'0': {'precision': 0.4246575342465753, 'recall': 0.5740740740740741, 'f1-score': 0.4881889763779528, 'support': 54.0}, '1': {'precision': 0.54, 'recall': 0.391304347826087, 'f1-score': 0.453781512605042, 'support': 69.0}, 'accuracy': 0.4715447154471545, 'macro avg': {'precision': 0.48232876712328765, 'recall': 0.48268921095008055, 'f1-score': 0.47098524449149737, 'support': 123.0}, 'weighted avg': {'precision': 0.4893618443033746, 'recall': 0.4715447154471545, 'f1-score': 0.4688872284077833, 'support': 123.0}}","[[31 23]
 [42 27]]"
8,100,0.01,31,-1,gbdt,1.0,0.4876694214876033,0.5,"{'0': {'precision': 0.43661971830985913, 'recall': 0.5740740740740741, 'f1-score': 0.496, 'support': 54.0}, '1': {'precision': 0.5576923076923077, 'recall': 0.42028985507246375, 'f1-score': 0.4793388429752066, 'support': 69.0}, 'accuracy': 0.4878048780487805, 'macro avg': {'precision': 0.4971560130010834, 'recall': 0.4971819645732689, 'f1-score': 0.4876694214876033, 'support': 123.0}, 'weighted avg': {'precision': 0.5045384879634278, 'recall': 0.4878048780487805, 'f1-score': 0.48665349727877444, 'support': 123.0}}","[[31 23]
 [40 29]]"
9,100,0.01,31,-1,dart,0.7,0.4605263157894737,0.5,"{'0': {'precision': 0.4, 'recall': 0.4444444444444444, 'f1-score': 0.42105263157894735, 'support': 54.0}, '1': {'precision': 0.5238095238095238, 'recall': 0.4782608695652174, 'f1-score': 0.5, 'support': 69.0}, 'accuracy': 0.4634146341463415, 'macro avg': {'precision': 0.46190476190476193, 'recall': 0.4613526570048309, 'f1-score': 0.4605263157894737, 'support': 123.0}, 'weighted avg': {'precision': 0.4694541231126597, 'recall': 0.4634146341463415, 'f1-score': 0.4653401797175866, 'support': 123.0}}","[[24 30]
 [36 33]]"
10,100,0.01,31,-1,dart,0.7,0.4793650793650793,0.5,"{'0': {'precision': 0.42424242424242425, 'recall': 0.5185185185185185, 'f1-score': 0.4666666666666667, 'support': 54.0}, '1': {'precision': 0.543859649122807, 'recall': 0.4492753623188406, 'f1-score': 0.49206349206349204, 'support': 69.0}, 'accuracy': 0.4796747967479675, 'macro avg': {'precision': 0.4840510366826156, 'recall': 0.48389694041867953, 'f1-score': 0.4793650793650793, 'support': 123.0}, 'weighted avg': {'precision': 0.4913447699070292, 'recall': 0.4796747967479675, 'f1-score': 0.4809136662795199, 'support': 123.0}}","[[28 26]
 [38 31]]"
11,100,0.01,31,-1,dart,0.7,0.5039338842975207,0.5,"{'0': {'precision': 0.44776119402985076, 'recall': 0.5555555555555556, 'f1-score': 0.49586776859504134, 'support': 54.0}, '1': {'precision': 0.5714285714285714, 'recall': 0.463768115942029, 'f1-score': 0.512, 'support': 69.0}, 'accuracy': 0.5040650406504065, 'macro avg': {'precision': 0.509594882729211, 'recall': 0.5096618357487923, 'f1-score': 0.5039338842975207, 'support': 123.0}, 'weighted avg': {'precision': 0.5171355764730354, 'recall': 0.5040650406504065, 'f1-score': 0.5049175569441645, 'support': 123.0}}","[[30 24]
 [37 32]]"
12,100,0.01,31,-1,dart,0.8,0.4605263157894737,0.5,"{'0': {'precision': 0.4, 'recall': 0.4444444444444444, 'f1-score': 0.42105263157894735, 'support': 54.0}, '1': {'precision': 0.5238095238095238, 'recall': 0.4782608695652174, 'f1-score': 0.5, 'support': 69.0}, 'accuracy': 0.4634146341463415, 'macro avg': {'precision': 0.46190476190476193, 'recall': 0.4613526570048309, 'f1-score': 0.4605263157894737, 'support': 123.0}, 'weighted avg': {'precision': 0.4694541231126597, 'recall': 0.4634146341463415, 'f1-score': 0.4653401797175866, 'support': 123.0}}","[[24 30]
 [36 33]]"
13,100,0.01,31,-1,dart,0.8,0.4793650793650793,0.5,"{'0': {'precision': 0.42424242424242425, 'recall': 0.5185185185185185, 'f1-score': 0.4666666666666667, 'support': 54.0}, '1': {'precision': 0.543859649122807, 'recall': 0.4492753623188406, 'f1-score': 0.49206349206349204, 'support': 69.0}, 'accuracy': 0.4796747967479675, 'macro avg': {'precision': 0.4840510366826156, 'recall': 0.48389694041867953, 'f1-score': 0.4793650793650793, 'support': 123.0}, 'weighted avg': {'precision': 0.4913447699070292, 'recall': 0.4796747967479675, 'f1-score': 0.4809136662795199, 'support': 123.0}}","[[28 26]
 [38 31]]"
14,100,0.01,31,-1,dart,0.8,0.5039338842975207,0.5,"{'0': {'precision': 0.44776119402985076, 'recall': 0.5555555555555556, 'f1-score': 0.49586776859504134, 'support': 54.0}, '1': {'precision': 0.5714285714285714, 'recall': 0.463768115942029, 'f1-score': 0.512, 'support': 69.0}, 'accuracy': 0.5040650406504065, 'macro avg': {'precision': 0.509594882729211, 'recall': 0.5096618357487923, 'f1-score': 0.5039338842975207, 'support': 123.0}, 'weighted avg': {'precision': 0.5171355764730354, 'recall': 0.5040650406504065, 'f1-score': 0.5049175569441645, 'support': 123.0}}","[[30 24]
 [37 32]]"
15,100,0.01,31,-1,dart,1.0,0.4605263157894737,0.5,"{'0': {'precision': 0.4, 'recall': 0.4444444444444444, 'f1-score': 0.42105263157894735, 'support': 54.0}, '1': {'precision': 0.5238095238095238, 'recall': 0.4782608695652174, 'f1-score': 0.5, 'support': 69.0}, 'accuracy': 0.4634146341463415, 'macro avg': {'precision': 0.46190476190476193, 'recall': 0.4613526570048309, 'f1-score': 0.4605263157894737, 'support': 123.0}, 'weighted avg': {'precision': 0.4694541231126597, 'recall': 0.4634146341463415, 'f1-score': 0.4653401797175866, 'support': 123.0}}","[[24 30]
 [36 33]]"
16,100,0.01,31,-1,dart,1.0,0.4793650793650793,0.5,"{'0': {'precision': 0.42424242424242425, 'recall': 0.5185185185185185, 'f1-score': 0.4666666666666667, 'support': 54.0}, '1': {'precision': 0.543859649122807, 'recall': 0.4492753623188406, 'f1-score': 0.49206349206349204, 'support': 69.0}, 'accuracy': 0.4796747967479675, 'macro avg': {'precision': 0.4840510366826156, 'recall': 0.48389694041867953, 'f1-score': 0.4793650793650793, 'support': 123.0}, 'weighted avg': {'precision': 0.4913447699070292, 'recall': 0.4796747967479675, 'f1-score': 0.4809136662795199, 'support': 123.0}}","[[28 26]
 [38 31]]"
17,100,0.01,31,-1,dart,1.0,0.5039338842975207,0.5,"{'0': {'precision': 0.44776119402985076, 'recall': 0.5555555555555556, 'f1-score': 0.49586776859504134, 'support': 54.0}, '1': {'precision': 0.5714285714285714, 'recall': 0.463768115942029, 'f1-score': 0.512, 'support': 69.0}, 'accuracy': 0.5040650406504065, 'macro avg': {'precision': 0.509594882729211, 'recall': 0.5096618357487923, 'f1-score': 0.5039338842975207, 'support': 123.0}, 'weighted avg': {'precision': 0.5171355764730354, 'recall': 0.5040650406504065, 'f1-score': 0.5049175569441645, 'support': 123.0}}","[[30 24]
 [37 32]]"
18,100,0.01,31,5,gbdt,0.7,0.5281746031746032,0.5,"{'0': {'precision': 0.4722222222222222, 'recall': 0.6296296296296297, 'f1-score': 0.5396825396825397, 'support': 54.0}, '1': {'precision': 0.6078431372549019, 'recall': 0.4492753623188406, 'f1-score': 0.5166666666666667, 'support': 69.0}, 'accuracy': 0.5284552845528455, 'macro avg': {'precision': 0.5400326797385621, 'recall': 0.5394524959742351, 'f1-score': 0.5281746031746032, 'support': 123.0}, 'weighted avg': {'precision': 0.5483022477283596, 'recall': 0.5284552845528455, 'f1-score': 0.5267711962833914, 'support': 123.0}}","[[34 20]
 [38 31]]"
19,100,0.01,31,5,gbdt,0.7,0.4878048780487805,0.5,"{'0': {'precision': 0.43478260869565216, 'recall': 0.5555555555555556, 'f1-score': 0.4878048780487805, 'support': 54.0}, '1': {'precision': 0.5555555555555556, 'recall': 0.43478260869565216, 'f1-score': 0.4878048780487805, 'support': 69.0}, 'accuracy': 0.4878048780487805, 'macro avg': {'precision': 0.49516908212560384, 'recall': 0.49516908212560384, 'f1-score': 0.4878048780487805, 'support': 123.0}, 'weighted avg': {'precision': 0.5025332862024272, 'recall': 0.4878048780487805, 'f1-score': 0.4878048780487805, 'support': 123.0}}","[[30 24]
 [39 30]]"
20,100,0.01,31,5,gbdt,0.7,0.4796404019037546,0.5,"{'0': {'precision': 0.42857142857142855, 'recall': 0.5555555555555556, 'f1-score': 0.4838709677419355, 'support': 54.0}, '1': {'precision': 0.5471698113207547, 'recall': 0.42028985507246375, 'f1-score': 0.47540983606557374, 'support': 69.0}, 'accuracy': 0.4796747967479675, 'macro avg': {'precision': 0.4878706199460916, 'recall': 0.48792270531400966, 'f1-score': 0.4796404019037546, 'support': 123.0}, 'weighted avg': {'precision': 0.49510222865031883, 'recall': 0.4796747967479675, 'f1-score': 0.4791244792405618, 'support': 123.0}}","[[30 24]
 [40 29]]"
21,100,0.01,31,5,gbdt,0.8,0.5281746031746032,0.5,"{'0': {'precision': 0.4722222222222222, 'recall': 0.6296296296296297, 'f1-score': 0.5396825396825397, 'support': 54.0}, '1': {'precision': 0.6078431372549019, 'recall': 0.4492753623188406, 'f1-score': 0.5166666666666667, 'support': 69.0}, 'accuracy': 0.5284552845528455, 'macro avg': {'precision': 0.5400326797385621, 'recall': 0.5394524959742351, 'f1-score': 0.5281746031746032, 'support': 123.0}, 'weighted avg': {'precision': 0.5483022477283596, 'recall': 0.5284552845528455, 'f1-score': 0.5267711962833914, 'support': 123.0}}","[[34 20]
 [38 31]]"
22,100,0.01,31,5,gbdt,0.8,0.4878048780487805,0.5,"{'0': {'precision': 0.43478260869565216, 'recall': 0.5555555555555556, 'f1-score': 0.4878048780487805, 'support': 54.0}, '1': {'precision': 0.5555555555555556, 'recall': 0.43478260869565216, 'f1-score': 0.4878048780487805, 'support': 69.0}, 'accuracy': 0.4878048780487805, 'macro avg': {'precision': 0.49516908212560384, 'recall': 0.49516908212560384, 'f1-score': 0.4878048780487805, 'support': 123.0}, 'weighted avg': {'precision': 0.5025332862024272, 'recall': 0.4878048780487805, 'f1-score': 0.4878048780487805, 'support': 123.0}}","[[30 24]
 [39 30]]"
23,100,0.01,31,5,gbdt,0.8,0.4796404019037546,0.5,"{'0': {'precision': 0.42857142857142855, 'recall': 0.5555555555555556, 'f1-score': 0.4838709677419355, 'support': 54.0}, '1': {'precision': 0.5471698113207547, 'recall': 0.42028985507246375, 'f1-score': 0.47540983606557374, 'support': 69.0}, 'accuracy': 0.4796747967479675, 'macro avg': {'precision': 0.4878706199460916, 'recall': 0.48792270531400966, 'f1-score': 0.4796404019037546, 'support': 123.0}, 'weighted avg': {'precision': 0.49510222865031883, 'recall': 0.4796747967479675, 'f1-score': 0.4791244792405618, 'support': 123.0}}","[[30 24]
 [40 29]]"
24,100,0.01,31,5,gbdt,1.0,0.5281746031746032,0.5,"{'0': {'precision': 0.4722222222222222, 'recall': 0.6296296296296297, 'f1-score': 0.5396825396825397, 'support': 54.0}, '1': {'precision': 0.6078431372549019, 'recall': 0.4492753623188406, 'f1-score': 0.5166666666666667, 'support': 69.0}, 'accuracy': 0.5284552845528455, 'macro avg': {'precision': 0.5400326797385621, 'recall': 0.5394524959742351, 'f1-score': 0.5281746031746032, 'support': 123.0}, 'weighted avg': {'precision': 0.5483022477283596, 'recall': 0.5284552845528455, 'f1-score': 0.5267711962833914, 'support': 123.0}}","[[34 20]
 [38 31]]"
25,100,0.01,31,5,gbdt,1.0,0.4878048780487805,0.5,"{'0': {'precision': 0.43478260869565216, 'recall': 0.5555555555555556, 'f1-score': 0.4878048780487805, 'support': 54.0}, '1': {'precision': 0.5555555555555556, 'recall': 0.43478260869565216, 'f1-score': 0.4878048780487805, 'support': 69.0}, 'accuracy': 0.4878048780487805, 'macro avg': {'precision': 0.49516908212560384, 'recall': 0.49516908212560384, 'f1-score': 0.4878048780487805, 'support': 123.0}, 'weighted avg': {'precision': 0.5025332862024272, 'recall': 0.4878048780487805, 'f1-score': 0.4878048780487805, 'support': 123.0}}","[[30 24]
 [39 30]]"
26,100,0.01,31,5,gbdt,1.0,0.4796404019037546,0.5,"{'0': {'precision': 0.42857142857142855, 'recall': 0.5555555555555556, 'f1-score': 0.4838709677419355, 'support': 54.0}, '1': {'precision': 0.5471698113207547, 'recall': 0.42028985507246375, 'f1-score': 0.47540983606557374, 'support': 69.0}, 'accuracy': 0.4796747967479675, 'macro avg': {'precision': 0.4878706199460916, 'recall': 0.48792270531400966, 'f1-score': 0.4796404019037546, 'support': 123.0}, 'weighted avg': {'precision': 0.49510222865031883, 'recall': 0.4796747967479675, 'f1-score': 0.4791244792405618, 'support': 123.0}}","[[30 24]
 [40 29]]"
27,100,0.01,31,5,dart,0.7,0.4788135593220339,0.5,"{'0': {'precision': 0.421875, 'recall': 0.5, 'f1-score': 0.4576271186440678, 'support': 54.0}, '1': {'precision': 0.5423728813559322, 'recall': 0.463768115942029, 'f1-score': 0.5, 'support': 69.0}, 'accuracy': 0.4796747967479675, 'macro avg': {'precision': 0.4821239406779661, 'recall': 0.4818840579710145, 'f1-score': 0.4788135593220339, 'support': 123.0}, 'weighted avg': {'precision': 0.48947137246796196, 'recall': 0.4796747967479675, 'f1-score': 0.48139727159983464, 'support': 123.0}}","[[27 27]
 [37 32]]"
28,100,0.01,31,5,dart,0.7,0.5121628767847699,0.5,"{'0': {'precision': 0.45588235294117646, 'recall': 0.5740740740740741, 'f1-score': 0.5081967213114754, 'support': 54.0}, '1': {'precision': 0.5818181818181818, 'recall': 0.463768115942029, 'f1-score': 0.5161290322580645, 'support': 69.0}, 'accuracy': 0.5121951219512195, 'macro avg': {'precision': 0.5188502673796791, 'recall': 0.5189210950080515, 'f1-score': 0.5121628767847699, 'support': 123.0}, 'weighted avg': {'precision': 0.526529281335594, 'recall': 0.5121951219512195, 'f1-score': 0.5126465542815132, 'support': 123.0}}","[[31 23]
 [37 32]]"
29,100,0.01,31,5,dart,0.7,0.5121628767847699,0.5,"{'0': {'precision': 0.45588235294117646, 'recall': 0.5740740740740741, 'f1-score': 0.5081967213114754, 'support': 54.0}, '1': {'precision': 0.5818181818181818, 'recall': 0.463768115942029, 'f1-score': 0.5161290322580645, 'support': 69.0}, 'accuracy': 0.5121951219512195, 'macro avg': {'precision': 0.5188502673796791, 'recall': 0.5189210950080515, 'f1-score': 0.5121628767847699, 'support': 123.0}, 'weighted avg': {'precision': 0.526529281335594, 'recall': 0.5121951219512195, 'f1-score': 0.5126465542815132, 'support': 123.0}}","[[31 23]
 [37 32]]"
30,100,0.01,31,5,dart,0.8,0.4788135593220339,0.5,"{'0': {'precision': 0.421875, 'recall': 0.5, 'f1-score': 0.4576271186440678, 'support': 54.0}, '1': {'precision': 0.5423728813559322, 'recall': 0.463768115942029, 'f1-score': 0.5, 'support': 69.0}, 'accuracy': 0.4796747967479675, 'macro avg': {'precision': 0.4821239406779661, 'recall': 0.4818840579710145, 'f1-score': 0.4788135593220339, 'support': 123.0}, 'weighted avg': {'precision': 0.48947137246796196, 'recall': 0.4796747967479675, 'f1-score': 0.48139727159983464, 'support': 123.0}}","[[27 27]
 [37 32]]"
31,100,0.01,31,5,dart,0.8,0.5121628767847699,0.5,"{'0': {'precision': 0.45588235294117646, 'recall': 0.5740740740740741, 'f1-score': 0.5081967213114754, 'support': 54.0}, '1': {'precision': 0.5818181818181818, 'recall': 0.463768115942029, 'f1-score': 0.5161290322580645, 'support': 69.0}, 'accuracy': 0.5121951219512195, 'macro avg': {'precision': 0.5188502673796791, 'recall': 0.5189210950080515, 'f1-score': 0.5121628767847699, 'support': 123.0}, 'weighted avg': {'precision': 0.526529281335594, 'recall': 0.5121951219512195, 'f1-score': 0.5126465542815132, 'support': 123.0}}","[[31 23]
 [37 32]]"
32,100,0.01,31,5,dart,0.8,0.5121628767847699,0.5,"{'0': {'precision': 0.45588235294117646, 'recall': 0.5740740740740741, 'f1-score': 0.5081967213114754, 'support': 54.0}, '1': {'precision': 0.5818181818181818, 'recall': 0.463768115942029, 'f1-score': 0.5161290322580645, 'support': 69.0}, 'accuracy': 0.5121951219512195, 'macro avg': {'precision': 0.5188502673796791, 'recall': 0.5189210950080515, 'f1-score': 0.5121628767847699, 'support': 123.0}, 'weighted avg': {'precision': 0.526529281335594, 'recall': 0.5121951219512195, 'f1-score': 0.5126465542815132, 'support': 123.0}}","[[31 23]
 [37 32]]"
33,100,0.01,31,5,dart,1.0,0.4788135593220339,0.5,"{'0': {'precision': 0.421875, 'recall': 0.5, 'f1-score': 0.4576271186440678, 'support': 54.0}, '1': {'precision': 0.5423728813559322, 'recall': 0.463768115942029, 'f1-score': 0.5, 'support': 69.0}, 'accuracy': 0.4796747967479675, 'macro avg': {'precision': 0.4821239406779661, 'recall': 0.4818840579710145, 'f1-score': 0.4788135593220339, 'support': 123.0}, 'weighted avg': {'precision': 0.48947137246796196, 'recall': 0.4796747967479675, 'f1-score': 0.48139727159983464, 'support': 123.0}}","[[27 27]
 [37 32]]"
34,100,0.01,31,5,dart,1.0,0.5121628767847699,0.5,"{'0': {'precision': 0.45588235294117646, 'recall': 0.5740740740740741, 'f1-score': 0.5081967213114754, 'support': 54.0}, '1': {'precision': 0.5818181818181818, 'recall': 0.463768115942029, 'f1-score': 0.5161290322580645, 'support': 69.0}, 'accuracy': 0.5121951219512195, 'macro avg': {'precision': 0.5188502673796791, 'recall': 0.5189210950080515, 'f1-score': 0.5121628767847699, 'support': 123.0}, 'weighted avg': {'precision': 0.526529281335594, 'recall': 0.5121951219512195, 'f1-score': 0.5126465542815132, 'support': 123.0}}","[[31 23]
 [37 32]]"
35,100,0.01,31,5,dart,1.0,0.5121628767847699,0.5,"{'0': {'precision': 0.45588235294117646, 'recall': 0.5740740740740741, 'f1-score': 0.5081967213114754, 'support': 54.0}, '1': {'precision': 0.5818181818181818, 'recall': 0.463768115942029, 'f1-score': 0.5161290322580645, 'support': 69.0}, 'accuracy': 0.5121951219512195, 'macro avg': {'precision': 0.5188502673796791, 'recall': 0.5189210950080515, 'f1-score': 0.5121628767847699, 'support': 123.0}, 'weighted avg': {'precision': 0.526529281335594, 'recall': 0.5121951219512195, 'f1-score': 0.5126465542815132, 'support': 123.0}}","[[31 23]
 [37 32]]"
36,100,0.01,31,10,gbdt,0.7,0.4872626215840667,0.5,"{'0': {'precision': 0.4383561643835616, 'recall': 0.5925925925925926, 'f1-score': 0.5039370078740157, 'support': 54.0}, '1': {'precision': 0.56, 'recall': 0.4057971014492754, 'f1-score': 0.47058823529411764, 'support': 69.0}, 'accuracy': 0.4878048780487805, 'macro avg': {'precision': 0.49917808219178084, 'recall': 0.499194847020934, 'f1-score': 0.4872626215840667, 'support': 123.0}, 'weighted avg': {'precision': 0.5065953892415637, 'recall': 0.4878048780487805, 'f1-score': 0.48522915984139, 'support': 123.0}}","[[32 22]
 [41 28]]"
37,100,0.01,31,10,gbdt,0.7,0.47098524449149737,0.5,"{'0': {'precision': 0.4246575342465753, 'recall': 0.5740740740740741, 'f1-score': 0.4881889763779528, 'support': 54.0}, '1': {'precision': 0.54, 'recall': 0.391304347826087, 'f1-score': 0.453781512605042, 'support': 69.0}, 'accuracy': 0.4715447154471545, 'macro avg': {'precision': 0.48232876712328765, 'recall': 0.48268921095008055, 'f1-score': 0.47098524449149737, 'support': 123.0}, 'weighted avg': {'precision': 0.4893618443033746, 'recall': 0.4715447154471545, 'f1-score': 0.4688872284077833, 'support': 123.0}}","[[31 23]
 [42 27]]"
38,100,0.01,31,10,gbdt,0.7,0.4876694214876033,0.5,"{'0': {'precision': 0.43661971830985913, 'recall': 0.5740740740740741, 'f1-score': 0.496, 'support': 54.0}, '1': {'precision': 0.5576923076923077, 'recall': 0.42028985507246375, 'f1-score': 0.4793388429752066, 'support': 69.0}, 'accuracy': 0.4878048780487805, 'macro avg': {'precision': 0.4971560130010834, 'recall': 0.4971819645732689, 'f1-score': 0.4876694214876033, 'support': 123.0}, 'weighted avg': {'precision': 0.5045384879634278, 'recall': 0.4878048780487805, 'f1-score': 0.48665349727877444, 'support': 123.0}}","[[31 23]
 [40 29]]"
39,100,0.01,31,10,gbdt,0.8,0.4872626215840667,0.5,"{'0': {'precision': 0.4383561643835616, 'recall': 0.5925925925925926, 'f1-score': 0.5039370078740157, 'support': 54.0}, '1': {'precision': 0.56, 'recall': 0.4057971014492754, 'f1-score': 0.47058823529411764, 'support': 69.0}, 'accuracy': 0.4878048780487805, 'macro avg': {'precision': 0.49917808219178084, 'recall': 0.499194847020934, 'f1-score': 0.4872626215840667, 'support': 123.0}, 'weighted avg': {'precision': 0.5065953892415637, 'recall': 0.4878048780487805, 'f1-score': 0.48522915984139, 'support': 123.0}}","[[32 22]
 [41 28]]"
40,100,0.01,31,10,gbdt,0.8,0.47098524449149737,0.5,"{'0': {'precision': 0.4246575342465753, 'recall': 0.5740740740740741, 'f1-score': 0.4881889763779528, 'support': 54.0}, '1': {'precision': 0.54, 'recall': 0.391304347826087, 'f1-score': 0.453781512605042, 'support': 69.0}, 'accuracy': 0.4715447154471545, 'macro avg': {'precision': 0.48232876712328765, 'recall': 0.48268921095008055, 'f1-score': 0.47098524449149737, 'support': 123.0}, 'weighted avg': {'precision': 0.4893618443033746, 'recall': 0.4715447154471545, 'f1-score': 0.4688872284077833, 'support': 123.0}}","[[31 23]
 [42 27]]"
41,100,0.01,31,10,gbdt,0.8,0.4876694214876033,0.5,"{'0': {'precision': 0.43661971830985913, 'recall': 0.5740740740740741, 'f1-score': 0.496, 'support': 54.0}, '1': {'precision': 0.5576923076923077, 'recall': 0.42028985507246375, 'f1-score': 0.4793388429752066, 'support': 69.0}, 'accuracy': 0.4878048780487805, 'macro avg': {'precision': 0.4971560130010834, 'recall': 0.4971819645732689, 'f1-score': 0.4876694214876033, 'support': 123.0}, 'weighted avg': {'precision': 0.5045384879634278, 'recall': 0.4878048780487805, 'f1-score': 0.48665349727877444, 'support': 123.0}}","[[31 23]
 [40 29]]"
42,100,0.01,31,10,gbdt,1.0,0.4872626215840667,0.5,"{'0': {'precision': 0.4383561643835616, 'recall': 0.5925925925925926, 'f1-score': 0.5039370078740157, 'support': 54.0}, '1': {'precision': 0.56, 'recall': 0.4057971014492754, 'f1-score': 0.47058823529411764, 'support': 69.0}, 'accuracy': 0.4878048780487805, 'macro avg': {'precision': 0.49917808219178084, 'recall': 0.499194847020934, 'f1-score': 0.4872626215840667, 'support': 123.0}, 'weighted avg': {'precision': 0.5065953892415637, 'recall': 0.4878048780487805, 'f1-score': 0.48522915984139, 'support': 123.0}}","[[32 22]
 [41 28]]"
43,100,0.01,31,10,gbdt,1.0,0.47098524449149737,0.5,"{'0': {'precision': 0.4246575342465753, 'recall': 0.5740740740740741, 'f1-score': 0.4881889763779528, 'support': 54.0}, '1': {'precision': 0.54, 'recall': 0.391304347826087, 'f1-score': 0.453781512605042, 'support': 69.0}, 'accuracy': 0.4715447154471545, 'macro avg': {'precision': 0.48232876712328765, 'recall': 0.48268921095008055, 'f1-score': 0.47098524449149737, 'support': 123.0}, 'weighted avg': {'precision': 0.4893618443033746, 'recall': 0.4715447154471545, 'f1-score': 0.4688872284077833, 'support': 123.0}}","[[31 23]
 [42 27]]"
44,100,0.01,31,10,gbdt,1.0,0.4876694214876033,0.5,"{'0': {'precision': 0.43661971830985913, 'recall': 0.5740740740740741, 'f1-score': 0.496, 'support': 54.0}, '1': {'precision': 0.5576923076923077, 'recall': 0.42028985507246375, 'f1-score': 0.4793388429752066, 'support': 69.0}, 'accuracy': 0.4878048780487805, 'macro avg': {'precision': 0.4971560130010834, 'recall': 0.4971819645732689, 'f1-score': 0.4876694214876033, 'support': 123.0}, 'weighted avg': {'precision': 0.5045384879634278, 'recall': 0.4878048780487805, 'f1-score': 0.48665349727877444, 'support': 123.0}}","[[31 23]
 [40 29]]"
45,100,0.01,31,10,dart,0.7,0.4605263157894737,0.5,"{'0': {'precision': 0.4, 'recall': 0.4444444444444444, 'f1-score': 0.42105263157894735, 'support': 54.0}, '1': {'precision': 0.5238095238095238, 'recall': 0.4782608695652174, 'f1-score': 0.5, 'support': 69.0}, 'accuracy': 0.4634146341463415, 'macro avg': {'precision': 0.46190476190476193, 'recall': 0.4613526570048309, 'f1-score': 0.4605263157894737, 'support': 123.0}, 'weighted avg': {'precision': 0.4694541231126597, 'recall': 0.4634146341463415, 'f1-score': 0.4653401797175866, 'support': 123.0}}","[[24 30]
 [36 33]]"
46,100,0.01,31,10,dart,0.7,0.4793650793650793,0.5,"{'0': {'precision': 0.42424242424242425, 'recall': 0.5185185185185185, 'f1-score': 0.4666666666666667, 'support': 54.0}, '1': {'precision': 0.543859649122807, 'recall': 0.4492753623188406, 'f1-score': 0.49206349206349204, 'support': 69.0}, 'accuracy': 0.4796747967479675, 'macro avg': {'precision': 0.4840510366826156, 'recall': 0.48389694041867953, 'f1-score': 0.4793650793650793, 'support': 123.0}, 'weighted avg': {'precision': 0.4913447699070292, 'recall': 0.4796747967479675, 'f1-score': 0.4809136662795199, 'support': 123.0}}","[[28 26]
 [38 31]]"
47,100,0.01,31,10,dart,0.7,0.5039338842975207,0.5,"{'0': {'precision': 0.44776119402985076, 'recall': 0.5555555555555556, 'f1-score': 0.49586776859504134, 'support': 54.0}, '1': {'precision': 0.5714285714285714, 'recall': 0.463768115942029, 'f1-score': 0.512, 'support': 69.0}, 'accuracy': 0.5040650406504065, 'macro avg': {'precision': 0.509594882729211, 'recall': 0.5096618357487923, 'f1-score': 0.5039338842975207, 'support': 123.0}, 'weighted avg': {'precision': 0.5171355764730354, 'recall': 0.5040650406504065, 'f1-score': 0.5049175569441645, 'support': 123.0}}","[[30 24]
 [37 32]]"
48,100,0.01,31,10,dart,0.8,0.4605263157894737,0.5,"{'0': {'precision': 0.4, 'recall': 0.4444444444444444, 'f1-score': 0.42105263157894735, 'support': 54.0}, '1': {'precision': 0.5238095238095238, 'recall': 0.4782608695652174, 'f1-score': 0.5, 'support': 69.0}, 'accuracy': 0.4634146341463415, 'macro avg': {'precision': 0.46190476190476193, 'recall': 0.4613526570048309, 'f1-score': 0.4605263157894737, 'support': 123.0}, 'weighted avg': {'precision': 0.4694541231126597, 'recall': 0.4634146341463415, 'f1-score': 0.4653401797175866, 'support': 123.0}}","[[24 30]
 [36 33]]"
49,100,0.01,31,10,dart,0.8,0.4793650793650793,0.5,"{'0': {'precision': 0.42424242424242425, 'recall': 0.5185185185185185, 'f1-score': 0.4666666666666667, 'support': 54.0}, '1': {'precision': 0.543859649122807, 'recall': 0.4492753623188406, 'f1-score': 0.49206349206349204, 'support': 69.0}, 'accuracy': 0.4796747967479675, 'macro avg': {'precision': 0.4840510366826156, 'recall': 0.48389694041867953, 'f1-score': 0.4793650793650793, 'support': 123.0}, 'weighted avg': {'precision': 0.4913447699070292, 'recall': 0.4796747967479675, 'f1-score': 0.4809136662795199, 'support': 123.0}}","[[28 26]
 [38 31]]"
50,100,0.01,31,10,dart,0.8,0.5039338842975207,0.5,"{'0': {'precision': 0.44776119402985076, 'recall': 0.5555555555555556, 'f1-score': 0.49586776859504134, 'support': 54.0}, '1': {'precision': 0.5714285714285714, 'recall': 0.463768115942029, 'f1-score': 0.512, 'support': 69.0}, 'accuracy': 0.5040650406504065, 'macro avg': {'precision': 0.509594882729211, 'recall': 0.5096618357487923, 'f1-score': 0.5039338842975207, 'support': 123.0}, 'weighted avg': {'precision': 0.5171355764730354, 'recall': 0.5040650406504065, 'f1-score': 0.5049175569441645, 'support': 123.0}}","[[30 24]
 [37 32]]"
51,100,0.01,31,10,dart,1.0,0.4605263157894737,0.5,"{'0': {'precision': 0.4, 'recall': 0.4444444444444444, 'f1-score': 0.42105263157894735, 'support': 54.0}, '1': {'precision': 0.5238095238095238, 'recall': 0.4782608695652174, 'f1-score': 0.5, 'support': 69.0}, 'accuracy': 0.4634146341463415, 'macro avg': {'precision': 0.46190476190476193, 'recall': 0.4613526570048309, 'f1-score': 0.4605263157894737, 'support': 123.0}, 'weighted avg': {'precision': 0.4694541231126597, 'recall': 0.4634146341463415, 'f1-score': 0.4653401797175866, 'support': 123.0}}","[[24 30]
 [36 33]]"
52,100,0.01,31,10,dart,1.0,0.4793650793650793,0.5,"{'0': {'precision': 0.42424242424242425, 'recall': 0.5185185185185185, 'f1-score': 0.4666666666666667, 'support': 54.0}, '1': {'precision': 0.543859649122807, 'recall': 0.4492753623188406, 'f1-score': 0.49206349206349204, 'support': 69.0}, 'accuracy': 0.4796747967479675, 'macro avg': {'precision': 0.4840510366826156, 'recall': 0.48389694041867953, 'f1-score': 0.4793650793650793, 'support': 123.0}, 'weighted avg': {'precision': 0.4913447699070292, 'recall': 0.4796747967479675, 'f1-score': 0.4809136662795199, 'support': 123.0}}","[[28 26]
 [38 31]]"
53,100,0.01,31,10,dart,1.0,0.5039338842975207,0.5,"{'0': {'precision': 0.44776119402985076, 'recall': 0.5555555555555556, 'f1-score': 0.49586776859504134, 'support': 54.0}, '1': {'precision': 0.5714285714285714, 'recall': 0.463768115942029, 'f1-score': 0.512, 'support': 69.0}, 'accuracy': 0.5040650406504065, 'macro avg': {'precision': 0.509594882729211, 'recall': 0.5096618357487923, 'f1-score': 0.5039338842975207, 'support': 123.0}, 'weighted avg': {'precision': 0.5171355764730354, 'recall': 0.5040650406504065, 'f1-score': 0.5049175569441645, 'support': 123.0}}","[[30 24]
 [37 32]]"
54,100,0.01,50,-1,gbdt,0.7,0.4872626215840667,0.5,"{'0': {'precision': 0.4383561643835616, 'recall': 0.5925925925925926, 'f1-score': 0.5039370078740157, 'support': 54.0}, '1': {'precision': 0.56, 'recall': 0.4057971014492754, 'f1-score': 0.47058823529411764, 'support': 69.0}, 'accuracy': 0.4878048780487805, 'macro avg': {'precision': 0.49917808219178084, 'recall': 0.499194847020934, 'f1-score': 0.4872626215840667, 'support': 123.0}, 'weighted avg': {'precision': 0.5065953892415637, 'recall': 0.4878048780487805, 'f1-score': 0.48522915984139, 'support': 123.0}}","[[32 22]
 [41 28]]"
55,100,0.01,50,-1,gbdt,0.7,0.47098524449149737,0.5,"{'0': {'precision': 0.4246575342465753, 'recall': 0.5740740740740741, 'f1-score': 0.4881889763779528, 'support': 54.0}, '1': {'precision': 0.54, 'recall': 0.391304347826087, 'f1-score': 0.453781512605042, 'support': 69.0}, 'accuracy': 0.4715447154471545, 'macro avg': {'precision': 0.48232876712328765, 'recall': 0.48268921095008055, 'f1-score': 0.47098524449149737, 'support': 123.0}, 'weighted avg': {'precision': 0.4893618443033746, 'recall': 0.4715447154471545, 'f1-score': 0.4688872284077833, 'support': 123.0}}","[[31 23]
 [42 27]]"
56,100,0.01,50,-1,gbdt,0.7,0.4876694214876033,0.5,"{'0': {'precision': 0.43661971830985913, 'recall': 0.5740740740740741, 'f1-score': 0.496, 'support': 54.0}, '1': {'precision': 0.5576923076923077, 'recall': 0.42028985507246375, 'f1-score': 0.4793388429752066, 'support': 69.0}, 'accuracy': 0.4878048780487805, 'macro avg': {'precision': 0.4971560130010834, 'recall': 0.4971819645732689, 'f1-score': 0.4876694214876033, 'support': 123.0}, 'weighted avg': {'precision': 0.5045384879634278, 'recall': 0.4878048780487805, 'f1-score': 0.48665349727877444, 'support': 123.0}}","[[31 23]
 [40 29]]"
57,100,0.01,50,-1,gbdt,0.8,0.4872626215840667,0.5,"{'0': {'precision': 0.4383561643835616, 'recall': 0.5925925925925926, 'f1-score': 0.5039370078740157, 'support': 54.0}, '1': {'precision': 0.56, 'recall': 0.4057971014492754, 'f1-score': 0.47058823529411764, 'support': 69.0}, 'accuracy': 0.4878048780487805, 'macro avg': {'precision': 0.49917808219178084, 'recall': 0.499194847020934, 'f1-score': 0.4872626215840667, 'support': 123.0}, 'weighted avg': {'precision': 0.5065953892415637, 'recall': 0.4878048780487805, 'f1-score': 0.48522915984139, 'support': 123.0}}","[[32 22]
 [41 28]]"
58,100,0.01,50,-1,gbdt,0.8,0.47098524449149737,0.5,"{'0': {'precision': 0.4246575342465753, 'recall': 0.5740740740740741, 'f1-score': 0.4881889763779528, 'support': 54.0}, '1': {'precision': 0.54, 'recall': 0.391304347826087, 'f1-score': 0.453781512605042, 'support': 69.0}, 'accuracy': 0.4715447154471545, 'macro avg': {'precision': 0.48232876712328765, 'recall': 0.48268921095008055, 'f1-score': 0.47098524449149737, 'support': 123.0}, 'weighted avg': {'precision': 0.4893618443033746, 'recall': 0.4715447154471545, 'f1-score': 0.4688872284077833, 'support': 123.0}}","[[31 23]
 [42 27]]"
59,100,0.01,50,-1,gbdt,0.8,0.4876694214876033,0.5,"{'0': {'precision': 0.43661971830985913, 'recall': 0.5740740740740741, 'f1-score': 0.496, 'support': 54.0}, '1': {'precision': 0.5576923076923077, 'recall': 0.42028985507246375, 'f1-score': 0.4793388429752066, 'support': 69.0}, 'accuracy': 0.4878048780487805, 'macro avg': {'precision': 0.4971560130010834, 'recall': 0.4971819645732689, 'f1-score': 0.4876694214876033, 'support': 123.0}, 'weighted avg': {'precision': 0.5045384879634278, 'recall': 0.4878048780487805, 'f1-score': 0.48665349727877444, 'support': 123.0}}","[[31 23]
 [40 29]]"
60,100,0.01,50,-1,gbdt,1.0,0.4872626215840667,0.5,"{'0': {'precision': 0.4383561643835616, 'recall': 0.5925925925925926, 'f1-score': 0.5039370078740157, 'support': 54.0}, '1': {'precision': 0.56, 'recall': 0.4057971014492754, 'f1-score': 0.47058823529411764, 'support': 69.0}, 'accuracy': 0.4878048780487805, 'macro avg': {'precision': 0.49917808219178084, 'recall': 0.499194847020934, 'f1-score': 0.4872626215840667, 'support': 123.0}, 'weighted avg': {'precision': 0.5065953892415637, 'recall': 0.4878048780487805, 'f1-score': 0.48522915984139, 'support': 123.0}}","[[32 22]
 [41 28]]"
61,100,0.01,50,-1,gbdt,1.0,0.47098524449149737,0.5,"{'0': {'precision': 0.4246575342465753, 'recall': 0.5740740740740741, 'f1-score': 0.4881889763779528, 'support': 54.0}, '1': {'precision': 0.54, 'recall': 0.391304347826087, 'f1-score': 0.453781512605042, 'support': 69.0}, 'accuracy': 0.4715447154471545, 'macro avg': {'precision': 0.48232876712328765, 'recall': 0.48268921095008055, 'f1-score': 0.47098524449149737, 'support': 123.0}, 'weighted avg': {'precision': 0.4893618443033746, 'recall': 0.4715447154471545, 'f1-score': 0.4688872284077833, 'support': 123.0}}","[[31 23]
 [42 27]]"
62,100,0.01,50,-1,gbdt,1.0,0.4876694214876033,0.5,"{'0': {'precision': 0.43661971830985913, 'recall': 0.5740740740740741, 'f1-score': 0.496, 'support': 54.0}, '1': {'precision': 0.5576923076923077, 'recall': 0.42028985507246375, 'f1-score': 0.4793388429752066, 'support': 69.0}, 'accuracy': 0.4878048780487805, 'macro avg': {'precision': 0.4971560130010834, 'recall': 0.4971819645732689, 'f1-score': 0.4876694214876033, 'support': 123.0}, 'weighted avg': {'precision': 0.5045384879634278, 'recall': 0.4878048780487805, 'f1-score': 0.48665349727877444, 'support': 123.0}}","[[31 23]
 [40 29]]"
63,100,0.01,50,-1,dart,0.7,0.4605263157894737,0.5,"{'0': {'precision': 0.4, 'recall': 0.4444444444444444, 'f1-score': 0.42105263157894735, 'support': 54.0}, '1': {'precision': 0.5238095238095238, 'recall': 0.4782608695652174, 'f1-score': 0.5, 'support': 69.0}, 'accuracy': 0.4634146341463415, 'macro avg': {'precision': 0.46190476190476193, 'recall': 0.4613526570048309, 'f1-score': 0.4605263157894737, 'support': 123.0}, 'weighted avg': {'precision': 0.4694541231126597, 'recall': 0.4634146341463415, 'f1-score': 0.4653401797175866, 'support': 123.0}}","[[24 30]
 [36 33]]"
64,100,0.01,50,-1,dart,0.7,0.4793650793650793,0.5,"{'0': {'precision': 0.42424242424242425, 'recall': 0.5185185185185185, 'f1-score': 0.4666666666666667, 'support': 54.0}, '1': {'precision': 0.543859649122807, 'recall': 0.4492753623188406, 'f1-score': 0.49206349206349204, 'support': 69.0}, 'accuracy': 0.4796747967479675, 'macro avg': {'precision': 0.4840510366826156, 'recall': 0.48389694041867953, 'f1-score': 0.4793650793650793, 'support': 123.0}, 'weighted avg': {'precision': 0.4913447699070292, 'recall': 0.4796747967479675, 'f1-score': 0.4809136662795199, 'support': 123.0}}","[[28 26]
 [38 31]]"
65,100,0.01,50,-1,dart,0.7,0.5039338842975207,0.5,"{'0': {'precision': 0.44776119402985076, 'recall': 0.5555555555555556, 'f1-score': 0.49586776859504134, 'support': 54.0}, '1': {'precision': 0.5714285714285714, 'recall': 0.463768115942029, 'f1-score': 0.512, 'support': 69.0}, 'accuracy': 0.5040650406504065, 'macro avg': {'precision': 0.509594882729211, 'recall': 0.5096618357487923, 'f1-score': 0.5039338842975207, 'support': 123.0}, 'weighted avg': {'precision': 0.5171355764730354, 'recall': 0.5040650406504065, 'f1-score': 0.5049175569441645, 'support': 123.0}}","[[30 24]
 [37 32]]"
66,100,0.01,50,-1,dart,0.8,0.4605263157894737,0.5,"{'0': {'precision': 0.4, 'recall': 0.4444444444444444, 'f1-score': 0.42105263157894735, 'support': 54.0}, '1': {'precision': 0.5238095238095238, 'recall': 0.4782608695652174, 'f1-score': 0.5, 'support': 69.0}, 'accuracy': 0.4634146341463415, 'macro avg': {'precision': 0.46190476190476193, 'recall': 0.4613526570048309, 'f1-score': 0.4605263157894737, 'support': 123.0}, 'weighted avg': {'precision': 0.4694541231126597, 'recall': 0.4634146341463415, 'f1-score': 0.4653401797175866, 'support': 123.0}}","[[24 30]
 [36 33]]"
67,100,0.01,50,-1,dart,0.8,0.4793650793650793,0.5,"{'0': {'precision': 0.42424242424242425, 'recall': 0.5185185185185185, 'f1-score': 0.4666666666666667, 'support': 54.0}, '1': {'precision': 0.543859649122807, 'recall': 0.4492753623188406, 'f1-score': 0.49206349206349204, 'support': 69.0}, 'accuracy': 0.4796747967479675, 'macro avg': {'precision': 0.4840510366826156, 'recall': 0.48389694041867953, 'f1-score': 0.4793650793650793, 'support': 123.0}, 'weighted avg': {'precision': 0.4913447699070292, 'recall': 0.4796747967479675, 'f1-score': 0.4809136662795199, 'support': 123.0}}","[[28 26]
 [38 31]]"
68,100,0.01,50,-1,dart,0.8,0.5039338842975207,0.5,"{'0': {'precision': 0.44776119402985076, 'recall': 0.5555555555555556, 'f1-score': 0.49586776859504134, 'support': 54.0}, '1': {'precision': 0.5714285714285714, 'recall': 0.463768115942029, 'f1-score': 0.512, 'support': 69.0}, 'accuracy': 0.5040650406504065, 'macro avg': {'precision': 0.509594882729211, 'recall': 0.5096618357487923, 'f1-score': 0.5039338842975207, 'support': 123.0}, 'weighted avg': {'precision': 0.5171355764730354, 'recall': 0.5040650406504065, 'f1-score': 0.5049175569441645, 'support': 123.0}}","[[30 24]
 [37 32]]"
69,100,0.01,50,-1,dart,1.0,0.4605263157894737,0.5,"{'0': {'precision': 0.4, 'recall': 0.4444444444444444, 'f1-score': 0.42105263157894735, 'support': 54.0}, '1': {'precision': 0.5238095238095238, 'recall': 0.4782608695652174, 'f1-score': 0.5, 'support': 69.0}, 'accuracy': 0.4634146341463415, 'macro avg': {'precision': 0.46190476190476193, 'recall': 0.4613526570048309, 'f1-score': 0.4605263157894737, 'support': 123.0}, 'weighted avg': {'precision': 0.4694541231126597, 'recall': 0.4634146341463415, 'f1-score': 0.4653401797175866, 'support': 123.0}}","[[24 30]
 [36 33]]"
70,100,0.01,50,-1,dart,1.0,0.4793650793650793,0.5,"{'0': {'precision': 0.42424242424242425, 'recall': 0.5185185185185185, 'f1-score': 0.4666666666666667, 'support': 54.0}, '1': {'precision': 0.543859649122807, 'recall': 0.4492753623188406, 'f1-score': 0.49206349206349204, 'support': 69.0}, 'accuracy': 0.4796747967479675, 'macro avg': {'precision': 0.4840510366826156, 'recall': 0.48389694041867953, 'f1-score': 0.4793650793650793, 'support': 123.0}, 'weighted avg': {'precision': 0.4913447699070292, 'recall': 0.4796747967479675, 'f1-score': 0.4809136662795199, 'support': 123.0}}","[[28 26]
 [38 31]]"
71,100,0.01,50,-1,dart,1.0,0.5039338842975207,0.5,"{'0': {'precision': 0.44776119402985076, 'recall': 0.5555555555555556, 'f1-score': 0.49586776859504134, 'support': 54.0}, '1': {'precision': 0.5714285714285714, 'recall': 0.463768115942029, 'f1-score': 0.512, 'support': 69.0}, 'accuracy': 0.5040650406504065, 'macro avg': {'precision': 0.509594882729211, 'recall': 0.5096618357487923, 'f1-score': 0.5039338842975207, 'support': 123.0}, 'weighted avg': {'precision': 0.5171355764730354, 'recall': 0.5040650406504065, 'f1-score': 0.5049175569441645, 'support': 123.0}}","[[30 24]
 [37 32]]"
72,100,0.01,50,5,gbdt,0.7,0.5281746031746032,0.5,"{'0': {'precision': 0.4722222222222222, 'recall': 0.6296296296296297, 'f1-score': 0.5396825396825397, 'support': 54.0}, '1': {'precision': 0.6078431372549019, 'recall': 0.4492753623188406, 'f1-score': 0.5166666666666667, 'support': 69.0}, 'accuracy': 0.5284552845528455, 'macro avg': {'precision': 0.5400326797385621, 'recall': 0.5394524959742351, 'f1-score': 0.5281746031746032, 'support': 123.0}, 'weighted avg': {'precision': 0.5483022477283596, 'recall': 0.5284552845528455, 'f1-score': 0.5267711962833914, 'support': 123.0}}","[[34 20]
 [38 31]]"
73,100,0.01,50,5,gbdt,0.7,0.4878048780487805,0.5,"{'0': {'precision': 0.43478260869565216, 'recall': 0.5555555555555556, 'f1-score': 0.4878048780487805, 'support': 54.0}, '1': {'precision': 0.5555555555555556, 'recall': 0.43478260869565216, 'f1-score': 0.4878048780487805, 'support': 69.0}, 'accuracy': 0.4878048780487805, 'macro avg': {'precision': 0.49516908212560384, 'recall': 0.49516908212560384, 'f1-score': 0.4878048780487805, 'support': 123.0}, 'weighted avg': {'precision': 0.5025332862024272, 'recall': 0.4878048780487805, 'f1-score': 0.4878048780487805, 'support': 123.0}}","[[30 24]
 [39 30]]"
74,100,0.01,50,5,gbdt,0.7,0.4796404019037546,0.5,"{'0': {'precision': 0.42857142857142855, 'recall': 0.5555555555555556, 'f1-score': 0.4838709677419355, 'support': 54.0}, '1': {'precision': 0.5471698113207547, 'recall': 0.42028985507246375, 'f1-score': 0.47540983606557374, 'support': 69.0}, 'accuracy': 0.4796747967479675, 'macro avg': {'precision': 0.4878706199460916, 'recall': 0.48792270531400966, 'f1-score': 0.4796404019037546, 'support': 123.0}, 'weighted avg': {'precision': 0.49510222865031883, 'recall': 0.4796747967479675, 'f1-score': 0.4791244792405618, 'support': 123.0}}","[[30 24]
 [40 29]]"
75,100,0.01,50,5,gbdt,0.8,0.5281746031746032,0.5,"{'0': {'precision': 0.4722222222222222, 'recall': 0.6296296296296297, 'f1-score': 0.5396825396825397, 'support': 54.0}, '1': {'precision': 0.6078431372549019, 'recall': 0.4492753623188406, 'f1-score': 0.5166666666666667, 'support': 69.0}, 'accuracy': 0.5284552845528455, 'macro avg': {'precision': 0.5400326797385621, 'recall': 0.5394524959742351, 'f1-score': 0.5281746031746032, 'support': 123.0}, 'weighted avg': {'precision': 0.5483022477283596, 'recall': 0.5284552845528455, 'f1-score': 0.5267711962833914, 'support': 123.0}}","[[34 20]
 [38 31]]"
76,100,0.01,50,5,gbdt,0.8,0.4878048780487805,0.5,"{'0': {'precision': 0.43478260869565216, 'recall': 0.5555555555555556, 'f1-score': 0.4878048780487805, 'support': 54.0}, '1': {'precision': 0.5555555555555556, 'recall': 0.43478260869565216, 'f1-score': 0.4878048780487805, 'support': 69.0}, 'accuracy': 0.4878048780487805, 'macro avg': {'precision': 0.49516908212560384, 'recall': 0.49516908212560384, 'f1-score': 0.4878048780487805, 'support': 123.0}, 'weighted avg': {'precision': 0.5025332862024272, 'recall': 0.4878048780487805, 'f1-score': 0.4878048780487805, 'support': 123.0}}","[[30 24]
 [39 30]]"
77,100,0.01,50,5,gbdt,0.8,0.4796404019037546,0.5,"{'0': {'precision': 0.42857142857142855, 'recall': 0.5555555555555556, 'f1-score': 0.4838709677419355, 'support': 54.0}, '1': {'precision': 0.5471698113207547, 'recall': 0.42028985507246375, 'f1-score': 0.47540983606557374, 'support': 69.0}, 'accuracy': 0.4796747967479675, 'macro avg': {'precision': 0.4878706199460916, 'recall': 0.48792270531400966, 'f1-score': 0.4796404019037546, 'support': 123.0}, 'weighted avg': {'precision': 0.49510222865031883, 'recall': 0.4796747967479675, 'f1-score': 0.4791244792405618, 'support': 123.0}}","[[30 24]
 [40 29]]"
78,100,0.01,50,5,gbdt,1.0,0.5281746031746032,0.5,"{'0': {'precision': 0.4722222222222222, 'recall': 0.6296296296296297, 'f1-score': 0.5396825396825397, 'support': 54.0}, '1': {'precision': 0.6078431372549019, 'recall': 0.4492753623188406, 'f1-score': 0.5166666666666667, 'support': 69.0}, 'accuracy': 0.5284552845528455, 'macro avg': {'precision': 0.5400326797385621, 'recall': 0.5394524959742351, 'f1-score': 0.5281746031746032, 'support': 123.0}, 'weighted avg': {'precision': 0.5483022477283596, 'recall': 0.5284552845528455, 'f1-score': 0.5267711962833914, 'support': 123.0}}","[[34 20]
 [38 31]]"
79,100,0.01,50,5,gbdt,1.0,0.4878048780487805,0.5,"{'0': {'precision': 0.43478260869565216, 'recall': 0.5555555555555556, 'f1-score': 0.4878048780487805, 'support': 54.0}, '1': {'precision': 0.5555555555555556, 'recall': 0.43478260869565216, 'f1-score': 0.4878048780487805, 'support': 69.0}, 'accuracy': 0.4878048780487805, 'macro avg': {'precision': 0.49516908212560384, 'recall': 0.49516908212560384, 'f1-score': 0.4878048780487805, 'support': 123.0}, 'weighted avg': {'precision': 0.5025332862024272, 'recall': 0.4878048780487805, 'f1-score': 0.4878048780487805, 'support': 123.0}}","[[30 24]
 [39 30]]"
80,100,0.01,50,5,gbdt,1.0,0.4796404019037546,0.5,"{'0': {'precision': 0.42857142857142855, 'recall': 0.5555555555555556, 'f1-score': 0.4838709677419355, 'support': 54.0}, '1': {'precision': 0.5471698113207547, 'recall': 0.42028985507246375, 'f1-score': 0.47540983606557374, 'support': 69.0}, 'accuracy': 0.4796747967479675, 'macro avg': {'precision': 0.4878706199460916, 'recall': 0.48792270531400966, 'f1-score': 0.4796404019037546, 'support': 123.0}, 'weighted avg': {'precision': 0.49510222865031883, 'recall': 0.4796747967479675, 'f1-score': 0.4791244792405618, 'support': 123.0}}","[[30 24]
 [40 29]]"
81,100,0.01,50,5,dart,0.7,0.4788135593220339,0.5,"{'0': {'precision': 0.421875, 'recall': 0.5, 'f1-score': 0.4576271186440678, 'support': 54.0}, '1': {'precision': 0.5423728813559322, 'recall': 0.463768115942029, 'f1-score': 0.5, 'support': 69.0}, 'accuracy': 0.4796747967479675, 'macro avg': {'precision': 0.4821239406779661, 'recall': 0.4818840579710145, 'f1-score': 0.4788135593220339, 'support': 123.0}, 'weighted avg': {'precision': 0.48947137246796196, 'recall': 0.4796747967479675, 'f1-score': 0.48139727159983464, 'support': 123.0}}","[[27 27]
 [37 32]]"
82,100,0.01,50,5,dart,0.7,0.5121628767847699,0.5,"{'0': {'precision': 0.45588235294117646, 'recall': 0.5740740740740741, 'f1-score': 0.5081967213114754, 'support': 54.0}, '1': {'precision': 0.5818181818181818, 'recall': 0.463768115942029, 'f1-score': 0.5161290322580645, 'support': 69.0}, 'accuracy': 0.5121951219512195, 'macro avg': {'precision': 0.5188502673796791, 'recall': 0.5189210950080515, 'f1-score': 0.5121628767847699, 'support': 123.0}, 'weighted avg': {'precision': 0.526529281335594, 'recall': 0.5121951219512195, 'f1-score': 0.5126465542815132, 'support': 123.0}}","[[31 23]
 [37 32]]"
83,100,0.01,50,5,dart,0.7,0.5121628767847699,0.5,"{'0': {'precision': 0.45588235294117646, 'recall': 0.5740740740740741, 'f1-score': 0.5081967213114754, 'support': 54.0}, '1': {'precision': 0.5818181818181818, 'recall': 0.463768115942029, 'f1-score': 0.5161290322580645, 'support': 69.0}, 'accuracy': 0.5121951219512195, 'macro avg': {'precision': 0.5188502673796791, 'recall': 0.5189210950080515, 'f1-score': 0.5121628767847699, 'support': 123.0}, 'weighted avg': {'precision': 0.526529281335594, 'recall': 0.5121951219512195, 'f1-score': 0.5126465542815132, 'support': 123.0}}","[[31 23]
 [37 32]]"
84,100,0.01,50,5,dart,0.8,0.4788135593220339,0.5,"{'0': {'precision': 0.421875, 'recall': 0.5, 'f1-score': 0.4576271186440678, 'support': 54.0}, '1': {'precision': 0.5423728813559322, 'recall': 0.463768115942029, 'f1-score': 0.5, 'support': 69.0}, 'accuracy': 0.4796747967479675, 'macro avg': {'precision': 0.4821239406779661, 'recall': 0.4818840579710145, 'f1-score': 0.4788135593220339, 'support': 123.0}, 'weighted avg': {'precision': 0.48947137246796196, 'recall': 0.4796747967479675, 'f1-score': 0.48139727159983464, 'support': 123.0}}","[[27 27]
 [37 32]]"
85,100,0.01,50,5,dart,0.8,0.5121628767847699,0.5,"{'0': {'precision': 0.45588235294117646, 'recall': 0.5740740740740741, 'f1-score': 0.5081967213114754, 'support': 54.0}, '1': {'precision': 0.5818181818181818, 'recall': 0.463768115942029, 'f1-score': 0.5161290322580645, 'support': 69.0}, 'accuracy': 0.5121951219512195, 'macro avg': {'precision': 0.5188502673796791, 'recall': 0.5189210950080515, 'f1-score': 0.5121628767847699, 'support': 123.0}, 'weighted avg': {'precision': 0.526529281335594, 'recall': 0.5121951219512195, 'f1-score': 0.5126465542815132, 'support': 123.0}}","[[31 23]
 [37 32]]"
86,100,0.01,50,5,dart,0.8,0.5121628767847699,0.5,"{'0': {'precision': 0.45588235294117646, 'recall': 0.5740740740740741, 'f1-score': 0.5081967213114754, 'support': 54.0}, '1': {'precision': 0.5818181818181818, 'recall': 0.463768115942029, 'f1-score': 0.5161290322580645, 'support': 69.0}, 'accuracy': 0.5121951219512195, 'macro avg': {'precision': 0.5188502673796791, 'recall': 0.5189210950080515, 'f1-score': 0.5121628767847699, 'support': 123.0}, 'weighted avg': {'precision': 0.526529281335594, 'recall': 0.5121951219512195, 'f1-score': 0.5126465542815132, 'support': 123.0}}","[[31 23]
 [37 32]]"
87,100,0.01,50,5,dart,1.0,0.4788135593220339,0.5,"{'0': {'precision': 0.421875, 'recall': 0.5, 'f1-score': 0.4576271186440678, 'support': 54.0}, '1': {'precision': 0.5423728813559322, 'recall': 0.463768115942029, 'f1-score': 0.5, 'support': 69.0}, 'accuracy': 0.4796747967479675, 'macro avg': {'precision': 0.4821239406779661, 'recall': 0.4818840579710145, 'f1-score': 0.4788135593220339, 'support': 123.0}, 'weighted avg': {'precision': 0.48947137246796196, 'recall': 0.4796747967479675, 'f1-score': 0.48139727159983464, 'support': 123.0}}","[[27 27]
 [37 32]]"
88,100,0.01,50,5,dart,1.0,0.5121628767847699,0.5,"{'0': {'precision': 0.45588235294117646, 'recall': 0.5740740740740741, 'f1-score': 0.5081967213114754, 'support': 54.0}, '1': {'precision': 0.5818181818181818, 'recall': 0.463768115942029, 'f1-score': 0.5161290322580645, 'support': 69.0}, 'accuracy': 0.5121951219512195, 'macro avg': {'precision': 0.5188502673796791, 'recall': 0.5189210950080515, 'f1-score': 0.5121628767847699, 'support': 123.0}, 'weighted avg': {'precision': 0.526529281335594, 'recall': 0.5121951219512195, 'f1-score': 0.5126465542815132, 'support': 123.0}}","[[31 23]
 [37 32]]"
89,100,0.01,50,5,dart,1.0,0.5121628767847699,0.5,"{'0': {'precision': 0.45588235294117646, 'recall': 0.5740740740740741, 'f1-score': 0.5081967213114754, 'support': 54.0}, '1': {'precision': 0.5818181818181818, 'recall': 0.463768115942029, 'f1-score': 0.5161290322580645, 'support': 69.0}, 'accuracy': 0.5121951219512195, 'macro avg': {'precision': 0.5188502673796791, 'recall': 0.5189210950080515, 'f1-score': 0.5121628767847699, 'support': 123.0}, 'weighted avg': {'precision': 0.526529281335594, 'recall': 0.5121951219512195, 'f1-score': 0.5126465542815132, 'support': 123.0}}","[[31 23]
 [37 32]]"
90,100,0.01,50,10,gbdt,0.7,0.4872626215840667,0.5,"{'0': {'precision': 0.4383561643835616, 'recall': 0.5925925925925926, 'f1-score': 0.5039370078740157, 'support': 54.0}, '1': {'precision': 0.56, 'recall': 0.4057971014492754, 'f1-score': 0.47058823529411764, 'support': 69.0}, 'accuracy': 0.4878048780487805, 'macro avg': {'precision': 0.49917808219178084, 'recall': 0.499194847020934, 'f1-score': 0.4872626215840667, 'support': 123.0}, 'weighted avg': {'precision': 0.5065953892415637, 'recall': 0.4878048780487805, 'f1-score': 0.48522915984139, 'support': 123.0}}","[[32 22]
 [41 28]]"
91,100,0.01,50,10,gbdt,0.7,0.47098524449149737,0.5,"{'0': {'precision': 0.4246575342465753, 'recall': 0.5740740740740741, 'f1-score': 0.4881889763779528, 'support': 54.0}, '1': {'precision': 0.54, 'recall': 0.391304347826087, 'f1-score': 0.453781512605042, 'support': 69.0}, 'accuracy': 0.4715447154471545, 'macro avg': {'precision': 0.48232876712328765, 'recall': 0.48268921095008055, 'f1-score': 0.47098524449149737, 'support': 123.0}, 'weighted avg': {'precision': 0.4893618443033746, 'recall': 0.4715447154471545, 'f1-score': 0.4688872284077833, 'support': 123.0}}","[[31 23]
 [42 27]]"
92,100,0.01,50,10,gbdt,0.7,0.4876694214876033,0.5,"{'0': {'precision': 0.43661971830985913, 'recall': 0.5740740740740741, 'f1-score': 0.496, 'support': 54.0}, '1': {'precision': 0.5576923076923077, 'recall': 0.42028985507246375, 'f1-score': 0.4793388429752066, 'support': 69.0}, 'accuracy': 0.4878048780487805, 'macro avg': {'precision': 0.4971560130010834, 'recall': 0.4971819645732689, 'f1-score': 0.4876694214876033, 'support': 123.0}, 'weighted avg': {'precision': 0.5045384879634278, 'recall': 0.4878048780487805, 'f1-score': 0.48665349727877444, 'support': 123.0}}","[[31 23]
 [40 29]]"
93,100,0.01,50,10,gbdt,0.8,0.4872626215840667,0.5,"{'0': {'precision': 0.4383561643835616, 'recall': 0.5925925925925926, 'f1-score': 0.5039370078740157, 'support': 54.0}, '1': {'precision': 0.56, 'recall': 0.4057971014492754, 'f1-score': 0.47058823529411764, 'support': 69.0}, 'accuracy': 0.4878048780487805, 'macro avg': {'precision': 0.49917808219178084, 'recall': 0.499194847020934, 'f1-score': 0.4872626215840667, 'support': 123.0}, 'weighted avg': {'precision': 0.5065953892415637, 'recall': 0.4878048780487805, 'f1-score': 0.48522915984139, 'support': 123.0}}","[[32 22]
 [41 28]]"
94,100,0.01,50,10,gbdt,0.8,0.47098524449149737,0.5,"{'0': {'precision': 0.4246575342465753, 'recall': 0.5740740740740741, 'f1-score': 0.4881889763779528, 'support': 54.0}, '1': {'precision': 0.54, 'recall': 0.391304347826087, 'f1-score': 0.453781512605042, 'support': 69.0}, 'accuracy': 0.4715447154471545, 'macro avg': {'precision': 0.48232876712328765, 'recall': 0.48268921095008055, 'f1-score': 0.47098524449149737, 'support': 123.0}, 'weighted avg': {'precision': 0.4893618443033746, 'recall': 0.4715447154471545, 'f1-score': 0.4688872284077833, 'support': 123.0}}","[[31 23]
 [42 27]]"
95,100,0.01,50,10,gbdt,0.8,0.4876694214876033,0.5,"{'0': {'precision': 0.43661971830985913, 'recall': 0.5740740740740741, 'f1-score': 0.496, 'support': 54.0}, '1': {'precision': 0.5576923076923077, 'recall': 0.42028985507246375, 'f1-score': 0.4793388429752066, 'support': 69.0}, 'accuracy': 0.4878048780487805, 'macro avg': {'precision': 0.4971560130010834, 'recall': 0.4971819645732689, 'f1-score': 0.4876694214876033, 'support': 123.0}, 'weighted avg': {'precision': 0.5045384879634278, 'recall': 0.4878048780487805, 'f1-score': 0.48665349727877444, 'support': 123.0}}","[[31 23]
 [40 29]]"
96,100,0.01,50,10,gbdt,1.0,0.4872626215840667,0.5,"{'0': {'precision': 0.4383561643835616, 'recall': 0.5925925925925926, 'f1-score': 0.5039370078740157, 'support': 54.0}, '1': {'precision': 0.56, 'recall': 0.4057971014492754, 'f1-score': 0.47058823529411764, 'support': 69.0}, 'accuracy': 0.4878048780487805, 'macro avg': {'precision': 0.49917808219178084, 'recall': 0.499194847020934, 'f1-score': 0.4872626215840667, 'support': 123.0}, 'weighted avg': {'precision': 0.5065953892415637, 'recall': 0.4878048780487805, 'f1-score': 0.48522915984139, 'support': 123.0}}","[[32 22]
 [41 28]]"
97,100,0.01,50,10,gbdt,1.0,0.47098524449149737,0.5,"{'0': {'precision': 0.4246575342465753, 'recall': 0.5740740740740741, 'f1-score': 0.4881889763779528, 'support': 54.0}, '1': {'precision': 0.54, 'recall': 0.391304347826087, 'f1-score': 0.453781512605042, 'support': 69.0}, 'accuracy': 0.4715447154471545, 'macro avg': {'precision': 0.48232876712328765, 'recall': 0.48268921095008055, 'f1-score': 0.47098524449149737, 'support': 123.0}, 'weighted avg': {'precision': 0.4893618443033746, 'recall': 0.4715447154471545, 'f1-score': 0.4688872284077833, 'support': 123.0}}","[[31 23]
 [42 27]]"
98,100,0.01,50,10,gbdt,1.0,0.4876694214876033,0.5,"{'0': {'precision': 0.43661971830985913, 'recall': 0.5740740740740741, 'f1-score': 0.496, 'support': 54.0}, '1': {'precision': 0.5576923076923077, 'recall': 0.42028985507246375, 'f1-score': 0.4793388429752066, 'support': 69.0}, 'accuracy': 0.4878048780487805, 'macro avg': {'precision': 0.4971560130010834, 'recall': 0.4971819645732689, 'f1-score': 0.4876694214876033, 'support': 123.0}, 'weighted avg': {'precision': 0.5045384879634278, 'recall': 0.4878048780487805, 'f1-score': 0.48665349727877444, 'support': 123.0}}","[[31 23]
 [40 29]]"
99,100,0.01,50,10,dart,0.7,0.4605263157894737,0.5,"{'0': {'precision': 0.4, 'recall': 0.4444444444444444, 'f1-score': 0.42105263157894735, 'support': 54.0}, '1': {'precision': 0.5238095238095238, 'recall': 0.4782608695652174, 'f1-score': 0.5, 'support': 69.0}, 'accuracy': 0.4634146341463415, 'macro avg': {'precision': 0.46190476190476193, 'recall': 0.4613526570048309, 'f1-score': 0.4605263157894737, 'support': 123.0}, 'weighted avg': {'precision': 0.4694541231126597, 'recall': 0.4634146341463415, 'f1-score': 0.4653401797175866, 'support': 123.0}}","[[24 30]
 [36 33]]"
100,100,0.01,50,10,dart,0.7,0.4793650793650793,0.5,"{'0': {'precision': 0.42424242424242425, 'recall': 0.5185185185185185, 'f1-score': 0.4666666666666667, 'support': 54.0}, '1': {'precision': 0.543859649122807, 'recall': 0.4492753623188406, 'f1-score': 0.49206349206349204, 'support': 69.0}, 'accuracy': 0.4796747967479675, 'macro avg': {'precision': 0.4840510366826156, 'recall': 0.48389694041867953, 'f1-score': 0.4793650793650793, 'support': 123.0}, 'weighted avg': {'precision': 0.4913447699070292, 'recall': 0.4796747967479675, 'f1-score': 0.4809136662795199, 'support': 123.0}}","[[28 26]
 [38 31]]"
101,100,0.01,50,10,dart,0.7,0.5039338842975207,0.5,"{'0': {'precision': 0.44776119402985076, 'recall': 0.5555555555555556, 'f1-score': 0.49586776859504134, 'support': 54.0}, '1': {'precision': 0.5714285714285714, 'recall': 0.463768115942029, 'f1-score': 0.512, 'support': 69.0}, 'accuracy': 0.5040650406504065, 'macro avg': {'precision': 0.509594882729211, 'recall': 0.5096618357487923, 'f1-score': 0.5039338842975207, 'support': 123.0}, 'weighted avg': {'precision': 0.5171355764730354, 'recall': 0.5040650406504065, 'f1-score': 0.5049175569441645, 'support': 123.0}}","[[30 24]
 [37 32]]"
102,100,0.01,50,10,dart,0.8,0.4605263157894737,0.5,"{'0': {'precision': 0.4, 'recall': 0.4444444444444444, 'f1-score': 0.42105263157894735, 'support': 54.0}, '1': {'precision': 0.5238095238095238, 'recall': 0.4782608695652174, 'f1-score': 0.5, 'support': 69.0}, 'accuracy': 0.4634146341463415, 'macro avg': {'precision': 0.46190476190476193, 'recall': 0.4613526570048309, 'f1-score': 0.4605263157894737, 'support': 123.0}, 'weighted avg': {'precision': 0.4694541231126597, 'recall': 0.4634146341463415, 'f1-score': 0.4653401797175866, 'support': 123.0}}","[[24 30]
 [36 33]]"
103,100,0.01,50,10,dart,0.8,0.4793650793650793,0.5,"{'0': {'precision': 0.42424242424242425, 'recall': 0.5185185185185185, 'f1-score': 0.4666666666666667, 'support': 54.0}, '1': {'precision': 0.543859649122807, 'recall': 0.4492753623188406, 'f1-score': 0.49206349206349204, 'support': 69.0}, 'accuracy': 0.4796747967479675, 'macro avg': {'precision': 0.4840510366826156, 'recall': 0.48389694041867953, 'f1-score': 0.4793650793650793, 'support': 123.0}, 'weighted avg': {'precision': 0.4913447699070292, 'recall': 0.4796747967479675, 'f1-score': 0.4809136662795199, 'support': 123.0}}","[[28 26]
 [38 31]]"
104,100,0.01,50,10,dart,0.8,0.5039338842975207,0.5,"{'0': {'precision': 0.44776119402985076, 'recall': 0.5555555555555556, 'f1-score': 0.49586776859504134, 'support': 54.0}, '1': {'precision': 0.5714285714285714, 'recall': 0.463768115942029, 'f1-score': 0.512, 'support': 69.0}, 'accuracy': 0.5040650406504065, 'macro avg': {'precision': 0.509594882729211, 'recall': 0.5096618357487923, 'f1-score': 0.5039338842975207, 'support': 123.0}, 'weighted avg': {'precision': 0.5171355764730354, 'recall': 0.5040650406504065, 'f1-score': 0.5049175569441645, 'support': 123.0}}","[[30 24]
 [37 32]]"
105,100,0.01,50,10,dart,1.0,0.4605263157894737,0.5,"{'0': {'precision': 0.4, 'recall': 0.4444444444444444, 'f1-score': 0.42105263157894735, 'support': 54.0}, '1': {'precision': 0.5238095238095238, 'recall': 0.4782608695652174, 'f1-score': 0.5, 'support': 69.0}, 'accuracy': 0.4634146341463415, 'macro avg': {'precision': 0.46190476190476193, 'recall': 0.4613526570048309, 'f1-score': 0.4605263157894737, 'support': 123.0}, 'weighted avg': {'precision': 0.4694541231126597, 'recall': 0.4634146341463415, 'f1-score': 0.4653401797175866, 'support': 123.0}}","[[24 30]
 [36 33]]"
106,100,0.01,50,10,dart,1.0,0.4793650793650793,0.5,"{'0': {'precision': 0.42424242424242425, 'recall': 0.5185185185185185, 'f1-score': 0.4666666666666667, 'support': 54.0}, '1': {'precision': 0.543859649122807, 'recall': 0.4492753623188406, 'f1-score': 0.49206349206349204, 'support': 69.0}, 'accuracy': 0.4796747967479675, 'macro avg': {'precision': 0.4840510366826156, 'recall': 0.48389694041867953, 'f1-score': 0.4793650793650793, 'support': 123.0}, 'weighted avg': {'precision': 0.4913447699070292, 'recall': 0.4796747967479675, 'f1-score': 0.4809136662795199, 'support': 123.0}}","[[28 26]
 [38 31]]"
107,100,0.01,50,10,dart,1.0,0.5039338842975207,0.5,"{'0': {'precision': 0.44776119402985076, 'recall': 0.5555555555555556, 'f1-score': 0.49586776859504134, 'support': 54.0}, '1': {'precision': 0.5714285714285714, 'recall': 0.463768115942029, 'f1-score': 0.512, 'support': 69.0}, 'accuracy': 0.5040650406504065, 'macro avg': {'precision': 0.509594882729211, 'recall': 0.5096618357487923, 'f1-score': 0.5039338842975207, 'support': 123.0}, 'weighted avg': {'precision': 0.5171355764730354, 'recall': 0.5040650406504065, 'f1-score': 0.5049175569441645, 'support': 123.0}}","[[30 24]
 [37 32]]"
108,100,0.01,70,-1,gbdt,0.7,0.4872626215840667,0.5,"{'0': {'precision': 0.4383561643835616, 'recall': 0.5925925925925926, 'f1-score': 0.5039370078740157, 'support': 54.0}, '1': {'precision': 0.56, 'recall': 0.4057971014492754, 'f1-score': 0.47058823529411764, 'support': 69.0}, 'accuracy': 0.4878048780487805, 'macro avg': {'precision': 0.49917808219178084, 'recall': 0.499194847020934, 'f1-score': 0.4872626215840667, 'support': 123.0}, 'weighted avg': {'precision': 0.5065953892415637, 'recall': 0.4878048780487805, 'f1-score': 0.48522915984139, 'support': 123.0}}","[[32 22]
 [41 28]]"
109,100,0.01,70,-1,gbdt,0.7,0.47098524449149737,0.5,"{'0': {'precision': 0.4246575342465753, 'recall': 0.5740740740740741, 'f1-score': 0.4881889763779528, 'support': 54.0}, '1': {'precision': 0.54, 'recall': 0.391304347826087, 'f1-score': 0.453781512605042, 'support': 69.0}, 'accuracy': 0.4715447154471545, 'macro avg': {'precision': 0.48232876712328765, 'recall': 0.48268921095008055, 'f1-score': 0.47098524449149737, 'support': 123.0}, 'weighted avg': {'precision': 0.4893618443033746, 'recall': 0.4715447154471545, 'f1-score': 0.4688872284077833, 'support': 123.0}}","[[31 23]
 [42 27]]"
110,100,0.01,70,-1,gbdt,0.7,0.4876694214876033,0.5,"{'0': {'precision': 0.43661971830985913, 'recall': 0.5740740740740741, 'f1-score': 0.496, 'support': 54.0}, '1': {'precision': 0.5576923076923077, 'recall': 0.42028985507246375, 'f1-score': 0.4793388429752066, 'support': 69.0}, 'accuracy': 0.4878048780487805, 'macro avg': {'precision': 0.4971560130010834, 'recall': 0.4971819645732689, 'f1-score': 0.4876694214876033, 'support': 123.0}, 'weighted avg': {'precision': 0.5045384879634278, 'recall': 0.4878048780487805, 'f1-score': 0.48665349727877444, 'support': 123.0}}","[[31 23]
 [40 29]]"
111,100,0.01,70,-1,gbdt,0.8,0.4872626215840667,0.5,"{'0': {'precision': 0.4383561643835616, 'recall': 0.5925925925925926, 'f1-score': 0.5039370078740157, 'support': 54.0}, '1': {'precision': 0.56, 'recall': 0.4057971014492754, 'f1-score': 0.47058823529411764, 'support': 69.0}, 'accuracy': 0.4878048780487805, 'macro avg': {'precision': 0.49917808219178084, 'recall': 0.499194847020934, 'f1-score': 0.4872626215840667, 'support': 123.0}, 'weighted avg': {'precision': 0.5065953892415637, 'recall': 0.4878048780487805, 'f1-score': 0.48522915984139, 'support': 123.0}}","[[32 22]
 [41 28]]"
112,100,0.01,70,-1,gbdt,0.8,0.47098524449149737,0.5,"{'0': {'precision': 0.4246575342465753, 'recall': 0.5740740740740741, 'f1-score': 0.4881889763779528, 'support': 54.0}, '1': {'precision': 0.54, 'recall': 0.391304347826087, 'f1-score': 0.453781512605042, 'support': 69.0}, 'accuracy': 0.4715447154471545, 'macro avg': {'precision': 0.48232876712328765, 'recall': 0.48268921095008055, 'f1-score': 0.47098524449149737, 'support': 123.0}, 'weighted avg': {'precision': 0.4893618443033746, 'recall': 0.4715447154471545, 'f1-score': 0.4688872284077833, 'support': 123.0}}","[[31 23]
 [42 27]]"
113,100,0.01,70,-1,gbdt,0.8,0.4876694214876033,0.5,"{'0': {'precision': 0.43661971830985913, 'recall': 0.5740740740740741, 'f1-score': 0.496, 'support': 54.0}, '1': {'precision': 0.5576923076923077, 'recall': 0.42028985507246375, 'f1-score': 0.4793388429752066, 'support': 69.0}, 'accuracy': 0.4878048780487805, 'macro avg': {'precision': 0.4971560130010834, 'recall': 0.4971819645732689, 'f1-score': 0.4876694214876033, 'support': 123.0}, 'weighted avg': {'precision': 0.5045384879634278, 'recall': 0.4878048780487805, 'f1-score': 0.48665349727877444, 'support': 123.0}}","[[31 23]
 [40 29]]"
114,100,0.01,70,-1,gbdt,1.0,0.4872626215840667,0.5,"{'0': {'precision': 0.4383561643835616, 'recall': 0.5925925925925926, 'f1-score': 0.5039370078740157, 'support': 54.0}, '1': {'precision': 0.56, 'recall': 0.4057971014492754, 'f1-score': 0.47058823529411764, 'support': 69.0}, 'accuracy': 0.4878048780487805, 'macro avg': {'precision': 0.49917808219178084, 'recall': 0.499194847020934, 'f1-score': 0.4872626215840667, 'support': 123.0}, 'weighted avg': {'precision': 0.5065953892415637, 'recall': 0.4878048780487805, 'f1-score': 0.48522915984139, 'support': 123.0}}","[[32 22]
 [41 28]]"
115,100,0.01,70,-1,gbdt,1.0,0.47098524449149737,0.5,"{'0': {'precision': 0.4246575342465753, 'recall': 0.5740740740740741, 'f1-score': 0.4881889763779528, 'support': 54.0}, '1': {'precision': 0.54, 'recall': 0.391304347826087, 'f1-score': 0.453781512605042, 'support': 69.0}, 'accuracy': 0.4715447154471545, 'macro avg': {'precision': 0.48232876712328765, 'recall': 0.48268921095008055, 'f1-score': 0.47098524449149737, 'support': 123.0}, 'weighted avg': {'precision': 0.4893618443033746, 'recall': 0.4715447154471545, 'f1-score': 0.4688872284077833, 'support': 123.0}}","[[31 23]
 [42 27]]"
116,100,0.01,70,-1,gbdt,1.0,0.4876694214876033,0.5,"{'0': {'precision': 0.43661971830985913, 'recall': 0.5740740740740741, 'f1-score': 0.496, 'support': 54.0}, '1': {'precision': 0.5576923076923077, 'recall': 0.42028985507246375, 'f1-score': 0.4793388429752066, 'support': 69.0}, 'accuracy': 0.4878048780487805, 'macro avg': {'precision': 0.4971560130010834, 'recall': 0.4971819645732689, 'f1-score': 0.4876694214876033, 'support': 123.0}, 'weighted avg': {'precision': 0.5045384879634278, 'recall': 0.4878048780487805, 'f1-score': 0.48665349727877444, 'support': 123.0}}","[[31 23]
 [40 29]]"
117,100,0.01,70,-1,dart,0.7,0.4605263157894737,0.5,"{'0': {'precision': 0.4, 'recall': 0.4444444444444444, 'f1-score': 0.42105263157894735, 'support': 54.0}, '1': {'precision': 0.5238095238095238, 'recall': 0.4782608695652174, 'f1-score': 0.5, 'support': 69.0}, 'accuracy': 0.4634146341463415, 'macro avg': {'precision': 0.46190476190476193, 'recall': 0.4613526570048309, 'f1-score': 0.4605263157894737, 'support': 123.0}, 'weighted avg': {'precision': 0.4694541231126597, 'recall': 0.4634146341463415, 'f1-score': 0.4653401797175866, 'support': 123.0}}","[[24 30]
 [36 33]]"
118,100,0.01,70,-1,dart,0.7,0.4793650793650793,0.5,"{'0': {'precision': 0.42424242424242425, 'recall': 0.5185185185185185, 'f1-score': 0.4666666666666667, 'support': 54.0}, '1': {'precision': 0.543859649122807, 'recall': 0.4492753623188406, 'f1-score': 0.49206349206349204, 'support': 69.0}, 'accuracy': 0.4796747967479675, 'macro avg': {'precision': 0.4840510366826156, 'recall': 0.48389694041867953, 'f1-score': 0.4793650793650793, 'support': 123.0}, 'weighted avg': {'precision': 0.4913447699070292, 'recall': 0.4796747967479675, 'f1-score': 0.4809136662795199, 'support': 123.0}}","[[28 26]
 [38 31]]"
119,100,0.01,70,-1,dart,0.7,0.5039338842975207,0.5,"{'0': {'precision': 0.44776119402985076, 'recall': 0.5555555555555556, 'f1-score': 0.49586776859504134, 'support': 54.0}, '1': {'precision': 0.5714285714285714, 'recall': 0.463768115942029, 'f1-score': 0.512, 'support': 69.0}, 'accuracy': 0.5040650406504065, 'macro avg': {'precision': 0.509594882729211, 'recall': 0.5096618357487923, 'f1-score': 0.5039338842975207, 'support': 123.0}, 'weighted avg': {'precision': 0.5171355764730354, 'recall': 0.5040650406504065, 'f1-score': 0.5049175569441645, 'support': 123.0}}","[[30 24]
 [37 32]]"
120,100,0.01,70,-1,dart,0.8,0.4605263157894737,0.5,"{'0': {'precision': 0.4, 'recall': 0.4444444444444444, 'f1-score': 0.42105263157894735, 'support': 54.0}, '1': {'precision': 0.5238095238095238, 'recall': 0.4782608695652174, 'f1-score': 0.5, 'support': 69.0}, 'accuracy': 0.4634146341463415, 'macro avg': {'precision': 0.46190476190476193, 'recall': 0.4613526570048309, 'f1-score': 0.4605263157894737, 'support': 123.0}, 'weighted avg': {'precision': 0.4694541231126597, 'recall': 0.4634146341463415, 'f1-score': 0.4653401797175866, 'support': 123.0}}","[[24 30]
 [36 33]]"
121,100,0.01,70,-1,dart,0.8,0.4793650793650793,0.5,"{'0': {'precision': 0.42424242424242425, 'recall': 0.5185185185185185, 'f1-score': 0.4666666666666667, 'support': 54.0}, '1': {'precision': 0.543859649122807, 'recall': 0.4492753623188406, 'f1-score': 0.49206349206349204, 'support': 69.0}, 'accuracy': 0.4796747967479675, 'macro avg': {'precision': 0.4840510366826156, 'recall': 0.48389694041867953, 'f1-score': 0.4793650793650793, 'support': 123.0}, 'weighted avg': {'precision': 0.4913447699070292, 'recall': 0.4796747967479675, 'f1-score': 0.4809136662795199, 'support': 123.0}}","[[28 26]
 [38 31]]"
122,100,0.01,70,-1,dart,0.8,0.5039338842975207,0.5,"{'0': {'precision': 0.44776119402985076, 'recall': 0.5555555555555556, 'f1-score': 0.49586776859504134, 'support': 54.0}, '1': {'precision': 0.5714285714285714, 'recall': 0.463768115942029, 'f1-score': 0.512, 'support': 69.0}, 'accuracy': 0.5040650406504065, 'macro avg': {'precision': 0.509594882729211, 'recall': 0.5096618357487923, 'f1-score': 0.5039338842975207, 'support': 123.0}, 'weighted avg': {'precision': 0.5171355764730354, 'recall': 0.5040650406504065, 'f1-score': 0.5049175569441645, 'support': 123.0}}","[[30 24]
 [37 32]]"
123,100,0.01,70,-1,dart,1.0,0.4605263157894737,0.5,"{'0': {'precision': 0.4, 'recall': 0.4444444444444444, 'f1-score': 0.42105263157894735, 'support': 54.0}, '1': {'precision': 0.5238095238095238, 'recall': 0.4782608695652174, 'f1-score': 0.5, 'support': 69.0}, 'accuracy': 0.4634146341463415, 'macro avg': {'precision': 0.46190476190476193, 'recall': 0.4613526570048309, 'f1-score': 0.4605263157894737, 'support': 123.0}, 'weighted avg': {'precision': 0.4694541231126597, 'recall': 0.4634146341463415, 'f1-score': 0.4653401797175866, 'support': 123.0}}","[[24 30]
 [36 33]]"
124,100,0.01,70,-1,dart,1.0,0.4793650793650793,0.5,"{'0': {'precision': 0.42424242424242425, 'recall': 0.5185185185185185, 'f1-score': 0.4666666666666667, 'support': 54.0}, '1': {'precision': 0.543859649122807, 'recall': 0.4492753623188406, 'f1-score': 0.49206349206349204, 'support': 69.0}, 'accuracy': 0.4796747967479675, 'macro avg': {'precision': 0.4840510366826156, 'recall': 0.48389694041867953, 'f1-score': 0.4793650793650793, 'support': 123.0}, 'weighted avg': {'precision': 0.4913447699070292, 'recall': 0.4796747967479675, 'f1-score': 0.4809136662795199, 'support': 123.0}}","[[28 26]
 [38 31]]"
125,100,0.01,70,-1,dart,1.0,0.5039338842975207,0.5,"{'0': {'precision': 0.44776119402985076, 'recall': 0.5555555555555556, 'f1-score': 0.49586776859504134, 'support': 54.0}, '1': {'precision': 0.5714285714285714, 'recall': 0.463768115942029, 'f1-score': 0.512, 'support': 69.0}, 'accuracy': 0.5040650406504065, 'macro avg': {'precision': 0.509594882729211, 'recall': 0.5096618357487923, 'f1-score': 0.5039338842975207, 'support': 123.0}, 'weighted avg': {'precision': 0.5171355764730354, 'recall': 0.5040650406504065, 'f1-score': 0.5049175569441645, 'support': 123.0}}","[[30 24]
 [37 32]]"
126,100,0.01,70,5,gbdt,0.7,0.5281746031746032,0.5,"{'0': {'precision': 0.4722222222222222, 'recall': 0.6296296296296297, 'f1-score': 0.5396825396825397, 'support': 54.0}, '1': {'precision': 0.6078431372549019, 'recall': 0.4492753623188406, 'f1-score': 0.5166666666666667, 'support': 69.0}, 'accuracy': 0.5284552845528455, 'macro avg': {'precision': 0.5400326797385621, 'recall': 0.5394524959742351, 'f1-score': 0.5281746031746032, 'support': 123.0}, 'weighted avg': {'precision': 0.5483022477283596, 'recall': 0.5284552845528455, 'f1-score': 0.5267711962833914, 'support': 123.0}}","[[34 20]
 [38 31]]"
127,100,0.01,70,5,gbdt,0.7,0.4878048780487805,0.5,"{'0': {'precision': 0.43478260869565216, 'recall': 0.5555555555555556, 'f1-score': 0.4878048780487805, 'support': 54.0}, '1': {'precision': 0.5555555555555556, 'recall': 0.43478260869565216, 'f1-score': 0.4878048780487805, 'support': 69.0}, 'accuracy': 0.4878048780487805, 'macro avg': {'precision': 0.49516908212560384, 'recall': 0.49516908212560384, 'f1-score': 0.4878048780487805, 'support': 123.0}, 'weighted avg': {'precision': 0.5025332862024272, 'recall': 0.4878048780487805, 'f1-score': 0.4878048780487805, 'support': 123.0}}","[[30 24]
 [39 30]]"
128,100,0.01,70,5,gbdt,0.7,0.4796404019037546,0.5,"{'0': {'precision': 0.42857142857142855, 'recall': 0.5555555555555556, 'f1-score': 0.4838709677419355, 'support': 54.0}, '1': {'precision': 0.5471698113207547, 'recall': 0.42028985507246375, 'f1-score': 0.47540983606557374, 'support': 69.0}, 'accuracy': 0.4796747967479675, 'macro avg': {'precision': 0.4878706199460916, 'recall': 0.48792270531400966, 'f1-score': 0.4796404019037546, 'support': 123.0}, 'weighted avg': {'precision': 0.49510222865031883, 'recall': 0.4796747967479675, 'f1-score': 0.4791244792405618, 'support': 123.0}}","[[30 24]
 [40 29]]"
129,100,0.01,70,5,gbdt,0.8,0.5281746031746032,0.5,"{'0': {'precision': 0.4722222222222222, 'recall': 0.6296296296296297, 'f1-score': 0.5396825396825397, 'support': 54.0}, '1': {'precision': 0.6078431372549019, 'recall': 0.4492753623188406, 'f1-score': 0.5166666666666667, 'support': 69.0}, 'accuracy': 0.5284552845528455, 'macro avg': {'precision': 0.5400326797385621, 'recall': 0.5394524959742351, 'f1-score': 0.5281746031746032, 'support': 123.0}, 'weighted avg': {'precision': 0.5483022477283596, 'recall': 0.5284552845528455, 'f1-score': 0.5267711962833914, 'support': 123.0}}","[[34 20]
 [38 31]]"
130,100,0.01,70,5,gbdt,0.8,0.4878048780487805,0.5,"{'0': {'precision': 0.43478260869565216, 'recall': 0.5555555555555556, 'f1-score': 0.4878048780487805, 'support': 54.0}, '1': {'precision': 0.5555555555555556, 'recall': 0.43478260869565216, 'f1-score': 0.4878048780487805, 'support': 69.0}, 'accuracy': 0.4878048780487805, 'macro avg': {'precision': 0.49516908212560384, 'recall': 0.49516908212560384, 'f1-score': 0.4878048780487805, 'support': 123.0}, 'weighted avg': {'precision': 0.5025332862024272, 'recall': 0.4878048780487805, 'f1-score': 0.4878048780487805, 'support': 123.0}}","[[30 24]
 [39 30]]"
131,100,0.01,70,5,gbdt,0.8,0.4796404019037546,0.5,"{'0': {'precision': 0.42857142857142855, 'recall': 0.5555555555555556, 'f1-score': 0.4838709677419355, 'support': 54.0}, '1': {'precision': 0.5471698113207547, 'recall': 0.42028985507246375, 'f1-score': 0.47540983606557374, 'support': 69.0}, 'accuracy': 0.4796747967479675, 'macro avg': {'precision': 0.4878706199460916, 'recall': 0.48792270531400966, 'f1-score': 0.4796404019037546, 'support': 123.0}, 'weighted avg': {'precision': 0.49510222865031883, 'recall': 0.4796747967479675, 'f1-score': 0.4791244792405618, 'support': 123.0}}","[[30 24]
 [40 29]]"
132,100,0.01,70,5,gbdt,1.0,0.5281746031746032,0.5,"{'0': {'precision': 0.4722222222222222, 'recall': 0.6296296296296297, 'f1-score': 0.5396825396825397, 'support': 54.0}, '1': {'precision': 0.6078431372549019, 'recall': 0.4492753623188406, 'f1-score': 0.5166666666666667, 'support': 69.0}, 'accuracy': 0.5284552845528455, 'macro avg': {'precision': 0.5400326797385621, 'recall': 0.5394524959742351, 'f1-score': 0.5281746031746032, 'support': 123.0}, 'weighted avg': {'precision': 0.5483022477283596, 'recall': 0.5284552845528455, 'f1-score': 0.5267711962833914, 'support': 123.0}}","[[34 20]
 [38 31]]"
133,100,0.01,70,5,gbdt,1.0,0.4878048780487805,0.5,"{'0': {'precision': 0.43478260869565216, 'recall': 0.5555555555555556, 'f1-score': 0.4878048780487805, 'support': 54.0}, '1': {'precision': 0.5555555555555556, 'recall': 0.43478260869565216, 'f1-score': 0.4878048780487805, 'support': 69.0}, 'accuracy': 0.4878048780487805, 'macro avg': {'precision': 0.49516908212560384, 'recall': 0.49516908212560384, 'f1-score': 0.4878048780487805, 'support': 123.0}, 'weighted avg': {'precision': 0.5025332862024272, 'recall': 0.4878048780487805, 'f1-score': 0.4878048780487805, 'support': 123.0}}","[[30 24]
 [39 30]]"
134,100,0.01,70,5,gbdt,1.0,0.4796404019037546,0.5,"{'0': {'precision': 0.42857142857142855, 'recall': 0.5555555555555556, 'f1-score': 0.4838709677419355, 'support': 54.0}, '1': {'precision': 0.5471698113207547, 'recall': 0.42028985507246375, 'f1-score': 0.47540983606557374, 'support': 69.0}, 'accuracy': 0.4796747967479675, 'macro avg': {'precision': 0.4878706199460916, 'recall': 0.48792270531400966, 'f1-score': 0.4796404019037546, 'support': 123.0}, 'weighted avg': {'precision': 0.49510222865031883, 'recall': 0.4796747967479675, 'f1-score': 0.4791244792405618, 'support': 123.0}}","[[30 24]
 [40 29]]"
135,100,0.01,70,5,dart,0.7,0.4788135593220339,0.5,"{'0': {'precision': 0.421875, 'recall': 0.5, 'f1-score': 0.4576271186440678, 'support': 54.0}, '1': {'precision': 0.5423728813559322, 'recall': 0.463768115942029, 'f1-score': 0.5, 'support': 69.0}, 'accuracy': 0.4796747967479675, 'macro avg': {'precision': 0.4821239406779661, 'recall': 0.4818840579710145, 'f1-score': 0.4788135593220339, 'support': 123.0}, 'weighted avg': {'precision': 0.48947137246796196, 'recall': 0.4796747967479675, 'f1-score': 0.48139727159983464, 'support': 123.0}}","[[27 27]
 [37 32]]"
136,100,0.01,70,5,dart,0.7,0.5121628767847699,0.5,"{'0': {'precision': 0.45588235294117646, 'recall': 0.5740740740740741, 'f1-score': 0.5081967213114754, 'support': 54.0}, '1': {'precision': 0.5818181818181818, 'recall': 0.463768115942029, 'f1-score': 0.5161290322580645, 'support': 69.0}, 'accuracy': 0.5121951219512195, 'macro avg': {'precision': 0.5188502673796791, 'recall': 0.5189210950080515, 'f1-score': 0.5121628767847699, 'support': 123.0}, 'weighted avg': {'precision': 0.526529281335594, 'recall': 0.5121951219512195, 'f1-score': 0.5126465542815132, 'support': 123.0}}","[[31 23]
 [37 32]]"
137,100,0.01,70,5,dart,0.7,0.5121628767847699,0.5,"{'0': {'precision': 0.45588235294117646, 'recall': 0.5740740740740741, 'f1-score': 0.5081967213114754, 'support': 54.0}, '1': {'precision': 0.5818181818181818, 'recall': 0.463768115942029, 'f1-score': 0.5161290322580645, 'support': 69.0}, 'accuracy': 0.5121951219512195, 'macro avg': {'precision': 0.5188502673796791, 'recall': 0.5189210950080515, 'f1-score': 0.5121628767847699, 'support': 123.0}, 'weighted avg': {'precision': 0.526529281335594, 'recall': 0.5121951219512195, 'f1-score': 0.5126465542815132, 'support': 123.0}}","[[31 23]
 [37 32]]"
138,100,0.01,70,5,dart,0.8,0.4788135593220339,0.5,"{'0': {'precision': 0.421875, 'recall': 0.5, 'f1-score': 0.4576271186440678, 'support': 54.0}, '1': {'precision': 0.5423728813559322, 'recall': 0.463768115942029, 'f1-score': 0.5, 'support': 69.0}, 'accuracy': 0.4796747967479675, 'macro avg': {'precision': 0.4821239406779661, 'recall': 0.4818840579710145, 'f1-score': 0.4788135593220339, 'support': 123.0}, 'weighted avg': {'precision': 0.48947137246796196, 'recall': 0.4796747967479675, 'f1-score': 0.48139727159983464, 'support': 123.0}}","[[27 27]
 [37 32]]"
139,100,0.01,70,5,dart,0.8,0.5121628767847699,0.5,"{'0': {'precision': 0.45588235294117646, 'recall': 0.5740740740740741, 'f1-score': 0.5081967213114754, 'support': 54.0}, '1': {'precision': 0.5818181818181818, 'recall': 0.463768115942029, 'f1-score': 0.5161290322580645, 'support': 69.0}, 'accuracy': 0.5121951219512195, 'macro avg': {'precision': 0.5188502673796791, 'recall': 0.5189210950080515, 'f1-score': 0.5121628767847699, 'support': 123.0}, 'weighted avg': {'precision': 0.526529281335594, 'recall': 0.5121951219512195, 'f1-score': 0.5126465542815132, 'support': 123.0}}","[[31 23]
 [37 32]]"
140,100,0.01,70,5,dart,0.8,0.5121628767847699,0.5,"{'0': {'precision': 0.45588235294117646, 'recall': 0.5740740740740741, 'f1-score': 0.5081967213114754, 'support': 54.0}, '1': {'precision': 0.5818181818181818, 'recall': 0.463768115942029, 'f1-score': 0.5161290322580645, 'support': 69.0}, 'accuracy': 0.5121951219512195, 'macro avg': {'precision': 0.5188502673796791, 'recall': 0.5189210950080515, 'f1-score': 0.5121628767847699, 'support': 123.0}, 'weighted avg': {'precision': 0.526529281335594, 'recall': 0.5121951219512195, 'f1-score': 0.5126465542815132, 'support': 123.0}}","[[31 23]
 [37 32]]"
141,100,0.01,70,5,dart,1.0,0.4788135593220339,0.5,"{'0': {'precision': 0.421875, 'recall': 0.5, 'f1-score': 0.4576271186440678, 'support': 54.0}, '1': {'precision': 0.5423728813559322, 'recall': 0.463768115942029, 'f1-score': 0.5, 'support': 69.0}, 'accuracy': 0.4796747967479675, 'macro avg': {'precision': 0.4821239406779661, 'recall': 0.4818840579710145, 'f1-score': 0.4788135593220339, 'support': 123.0}, 'weighted avg': {'precision': 0.48947137246796196, 'recall': 0.4796747967479675, 'f1-score': 0.48139727159983464, 'support': 123.0}}","[[27 27]
 [37 32]]"
142,100,0.01,70,5,dart,1.0,0.5121628767847699,0.5,"{'0': {'precision': 0.45588235294117646, 'recall': 0.5740740740740741, 'f1-score': 0.5081967213114754, 'support': 54.0}, '1': {'precision': 0.5818181818181818, 'recall': 0.463768115942029, 'f1-score': 0.5161290322580645, 'support': 69.0}, 'accuracy': 0.5121951219512195, 'macro avg': {'precision': 0.5188502673796791, 'recall': 0.5189210950080515, 'f1-score': 0.5121628767847699, 'support': 123.0}, 'weighted avg': {'precision': 0.526529281335594, 'recall': 0.5121951219512195, 'f1-score': 0.5126465542815132, 'support': 123.0}}","[[31 23]
 [37 32]]"
143,100,0.01,70,5,dart,1.0,0.5121628767847699,0.5,"{'0': {'precision': 0.45588235294117646, 'recall': 0.5740740740740741, 'f1-score': 0.5081967213114754, 'support': 54.0}, '1': {'precision': 0.5818181818181818, 'recall': 0.463768115942029, 'f1-score': 0.5161290322580645, 'support': 69.0}, 'accuracy': 0.5121951219512195, 'macro avg': {'precision': 0.5188502673796791, 'recall': 0.5189210950080515, 'f1-score': 0.5121628767847699, 'support': 123.0}, 'weighted avg': {'precision': 0.526529281335594, 'recall': 0.5121951219512195, 'f1-score': 0.5126465542815132, 'support': 123.0}}","[[31 23]
 [37 32]]"
144,100,0.01,70,10,gbdt,0.7,0.4872626215840667,0.5,"{'0': {'precision': 0.4383561643835616, 'recall': 0.5925925925925926, 'f1-score': 0.5039370078740157, 'support': 54.0}, '1': {'precision': 0.56, 'recall': 0.4057971014492754, 'f1-score': 0.47058823529411764, 'support': 69.0}, 'accuracy': 0.4878048780487805, 'macro avg': {'precision': 0.49917808219178084, 'recall': 0.499194847020934, 'f1-score': 0.4872626215840667, 'support': 123.0}, 'weighted avg': {'precision': 0.5065953892415637, 'recall': 0.4878048780487805, 'f1-score': 0.48522915984139, 'support': 123.0}}","[[32 22]
 [41 28]]"
145,100,0.01,70,10,gbdt,0.7,0.47098524449149737,0.5,"{'0': {'precision': 0.4246575342465753, 'recall': 0.5740740740740741, 'f1-score': 0.4881889763779528, 'support': 54.0}, '1': {'precision': 0.54, 'recall': 0.391304347826087, 'f1-score': 0.453781512605042, 'support': 69.0}, 'accuracy': 0.4715447154471545, 'macro avg': {'precision': 0.48232876712328765, 'recall': 0.48268921095008055, 'f1-score': 0.47098524449149737, 'support': 123.0}, 'weighted avg': {'precision': 0.4893618443033746, 'recall': 0.4715447154471545, 'f1-score': 0.4688872284077833, 'support': 123.0}}","[[31 23]
 [42 27]]"
146,100,0.01,70,10,gbdt,0.7,0.4876694214876033,0.5,"{'0': {'precision': 0.43661971830985913, 'recall': 0.5740740740740741, 'f1-score': 0.496, 'support': 54.0}, '1': {'precision': 0.5576923076923077, 'recall': 0.42028985507246375, 'f1-score': 0.4793388429752066, 'support': 69.0}, 'accuracy': 0.4878048780487805, 'macro avg': {'precision': 0.4971560130010834, 'recall': 0.4971819645732689, 'f1-score': 0.4876694214876033, 'support': 123.0}, 'weighted avg': {'precision': 0.5045384879634278, 'recall': 0.4878048780487805, 'f1-score': 0.48665349727877444, 'support': 123.0}}","[[31 23]
 [40 29]]"
147,100,0.01,70,10,gbdt,0.8,0.4872626215840667,0.5,"{'0': {'precision': 0.4383561643835616, 'recall': 0.5925925925925926, 'f1-score': 0.5039370078740157, 'support': 54.0}, '1': {'precision': 0.56, 'recall': 0.4057971014492754, 'f1-score': 0.47058823529411764, 'support': 69.0}, 'accuracy': 0.4878048780487805, 'macro avg': {'precision': 0.49917808219178084, 'recall': 0.499194847020934, 'f1-score': 0.4872626215840667, 'support': 123.0}, 'weighted avg': {'precision': 0.5065953892415637, 'recall': 0.4878048780487805, 'f1-score': 0.48522915984139, 'support': 123.0}}","[[32 22]
 [41 28]]"
148,100,0.01,70,10,gbdt,0.8,0.47098524449149737,0.5,"{'0': {'precision': 0.4246575342465753, 'recall': 0.5740740740740741, 'f1-score': 0.4881889763779528, 'support': 54.0}, '1': {'precision': 0.54, 'recall': 0.391304347826087, 'f1-score': 0.453781512605042, 'support': 69.0}, 'accuracy': 0.4715447154471545, 'macro avg': {'precision': 0.48232876712328765, 'recall': 0.48268921095008055, 'f1-score': 0.47098524449149737, 'support': 123.0}, 'weighted avg': {'precision': 0.4893618443033746, 'recall': 0.4715447154471545, 'f1-score': 0.4688872284077833, 'support': 123.0}}","[[31 23]
 [42 27]]"
149,100,0.01,70,10,gbdt,0.8,0.4876694214876033,0.5,"{'0': {'precision': 0.43661971830985913, 'recall': 0.5740740740740741, 'f1-score': 0.496, 'support': 54.0}, '1': {'precision': 0.5576923076923077, 'recall': 0.42028985507246375, 'f1-score': 0.4793388429752066, 'support': 69.0}, 'accuracy': 0.4878048780487805, 'macro avg': {'precision': 0.4971560130010834, 'recall': 0.4971819645732689, 'f1-score': 0.4876694214876033, 'support': 123.0}, 'weighted avg': {'precision': 0.5045384879634278, 'recall': 0.4878048780487805, 'f1-score': 0.48665349727877444, 'support': 123.0}}","[[31 23]
 [40 29]]"
150,100,0.01,70,10,gbdt,1.0,0.4872626215840667,0.5,"{'0': {'precision': 0.4383561643835616, 'recall': 0.5925925925925926, 'f1-score': 0.5039370078740157, 'support': 54.0}, '1': {'precision': 0.56, 'recall': 0.4057971014492754, 'f1-score': 0.47058823529411764, 'support': 69.0}, 'accuracy': 0.4878048780487805, 'macro avg': {'precision': 0.49917808219178084, 'recall': 0.499194847020934, 'f1-score': 0.4872626215840667, 'support': 123.0}, 'weighted avg': {'precision': 0.5065953892415637, 'recall': 0.4878048780487805, 'f1-score': 0.48522915984139, 'support': 123.0}}","[[32 22]
 [41 28]]"
151,100,0.01,70,10,gbdt,1.0,0.47098524449149737,0.5,"{'0': {'precision': 0.4246575342465753, 'recall': 0.5740740740740741, 'f1-score': 0.4881889763779528, 'support': 54.0}, '1': {'precision': 0.54, 'recall': 0.391304347826087, 'f1-score': 0.453781512605042, 'support': 69.0}, 'accuracy': 0.4715447154471545, 'macro avg': {'precision': 0.48232876712328765, 'recall': 0.48268921095008055, 'f1-score': 0.47098524449149737, 'support': 123.0}, 'weighted avg': {'precision': 0.4893618443033746, 'recall': 0.4715447154471545, 'f1-score': 0.4688872284077833, 'support': 123.0}}","[[31 23]
 [42 27]]"
152,100,0.01,70,10,gbdt,1.0,0.4876694214876033,0.5,"{'0': {'precision': 0.43661971830985913, 'recall': 0.5740740740740741, 'f1-score': 0.496, 'support': 54.0}, '1': {'precision': 0.5576923076923077, 'recall': 0.42028985507246375, 'f1-score': 0.4793388429752066, 'support': 69.0}, 'accuracy': 0.4878048780487805, 'macro avg': {'precision': 0.4971560130010834, 'recall': 0.4971819645732689, 'f1-score': 0.4876694214876033, 'support': 123.0}, 'weighted avg': {'precision': 0.5045384879634278, 'recall': 0.4878048780487805, 'f1-score': 0.48665349727877444, 'support': 123.0}}","[[31 23]
 [40 29]]"
153,100,0.01,70,10,dart,0.7,0.4605263157894737,0.5,"{'0': {'precision': 0.4, 'recall': 0.4444444444444444, 'f1-score': 0.42105263157894735, 'support': 54.0}, '1': {'precision': 0.5238095238095238, 'recall': 0.4782608695652174, 'f1-score': 0.5, 'support': 69.0}, 'accuracy': 0.4634146341463415, 'macro avg': {'precision': 0.46190476190476193, 'recall': 0.4613526570048309, 'f1-score': 0.4605263157894737, 'support': 123.0}, 'weighted avg': {'precision': 0.4694541231126597, 'recall': 0.4634146341463415, 'f1-score': 0.4653401797175866, 'support': 123.0}}","[[24 30]
 [36 33]]"
154,100,0.01,70,10,dart,0.7,0.4793650793650793,0.5,"{'0': {'precision': 0.42424242424242425, 'recall': 0.5185185185185185, 'f1-score': 0.4666666666666667, 'support': 54.0}, '1': {'precision': 0.543859649122807, 'recall': 0.4492753623188406, 'f1-score': 0.49206349206349204, 'support': 69.0}, 'accuracy': 0.4796747967479675, 'macro avg': {'precision': 0.4840510366826156, 'recall': 0.48389694041867953, 'f1-score': 0.4793650793650793, 'support': 123.0}, 'weighted avg': {'precision': 0.4913447699070292, 'recall': 0.4796747967479675, 'f1-score': 0.4809136662795199, 'support': 123.0}}","[[28 26]
 [38 31]]"
155,100,0.01,70,10,dart,0.7,0.5039338842975207,0.5,"{'0': {'precision': 0.44776119402985076, 'recall': 0.5555555555555556, 'f1-score': 0.49586776859504134, 'support': 54.0}, '1': {'precision': 0.5714285714285714, 'recall': 0.463768115942029, 'f1-score': 0.512, 'support': 69.0}, 'accuracy': 0.5040650406504065, 'macro avg': {'precision': 0.509594882729211, 'recall': 0.5096618357487923, 'f1-score': 0.5039338842975207, 'support': 123.0}, 'weighted avg': {'precision': 0.5171355764730354, 'recall': 0.5040650406504065, 'f1-score': 0.5049175569441645, 'support': 123.0}}","[[30 24]
 [37 32]]"
156,100,0.01,70,10,dart,0.8,0.4605263157894737,0.5,"{'0': {'precision': 0.4, 'recall': 0.4444444444444444, 'f1-score': 0.42105263157894735, 'support': 54.0}, '1': {'precision': 0.5238095238095238, 'recall': 0.4782608695652174, 'f1-score': 0.5, 'support': 69.0}, 'accuracy': 0.4634146341463415, 'macro avg': {'precision': 0.46190476190476193, 'recall': 0.4613526570048309, 'f1-score': 0.4605263157894737, 'support': 123.0}, 'weighted avg': {'precision': 0.4694541231126597, 'recall': 0.4634146341463415, 'f1-score': 0.4653401797175866, 'support': 123.0}}","[[24 30]
 [36 33]]"
157,100,0.01,70,10,dart,0.8,0.4793650793650793,0.5,"{'0': {'precision': 0.42424242424242425, 'recall': 0.5185185185185185, 'f1-score': 0.4666666666666667, 'support': 54.0}, '1': {'precision': 0.543859649122807, 'recall': 0.4492753623188406, 'f1-score': 0.49206349206349204, 'support': 69.0}, 'accuracy': 0.4796747967479675, 'macro avg': {'precision': 0.4840510366826156, 'recall': 0.48389694041867953, 'f1-score': 0.4793650793650793, 'support': 123.0}, 'weighted avg': {'precision': 0.4913447699070292, 'recall': 0.4796747967479675, 'f1-score': 0.4809136662795199, 'support': 123.0}}","[[28 26]
 [38 31]]"
158,100,0.01,70,10,dart,0.8,0.5039338842975207,0.5,"{'0': {'precision': 0.44776119402985076, 'recall': 0.5555555555555556, 'f1-score': 0.49586776859504134, 'support': 54.0}, '1': {'precision': 0.5714285714285714, 'recall': 0.463768115942029, 'f1-score': 0.512, 'support': 69.0}, 'accuracy': 0.5040650406504065, 'macro avg': {'precision': 0.509594882729211, 'recall': 0.5096618357487923, 'f1-score': 0.5039338842975207, 'support': 123.0}, 'weighted avg': {'precision': 0.5171355764730354, 'recall': 0.5040650406504065, 'f1-score': 0.5049175569441645, 'support': 123.0}}","[[30 24]
 [37 32]]"
159,100,0.01,70,10,dart,1.0,0.4605263157894737,0.5,"{'0': {'precision': 0.4, 'recall': 0.4444444444444444, 'f1-score': 0.42105263157894735, 'support': 54.0}, '1': {'precision': 0.5238095238095238, 'recall': 0.4782608695652174, 'f1-score': 0.5, 'support': 69.0}, 'accuracy': 0.4634146341463415, 'macro avg': {'precision': 0.46190476190476193, 'recall': 0.4613526570048309, 'f1-score': 0.4605263157894737, 'support': 123.0}, 'weighted avg': {'precision': 0.4694541231126597, 'recall': 0.4634146341463415, 'f1-score': 0.4653401797175866, 'support': 123.0}}","[[24 30]
 [36 33]]"
160,100,0.01,70,10,dart,1.0,0.4793650793650793,0.5,"{'0': {'precision': 0.42424242424242425, 'recall': 0.5185185185185185, 'f1-score': 0.4666666666666667, 'support': 54.0}, '1': {'precision': 0.543859649122807, 'recall': 0.4492753623188406, 'f1-score': 0.49206349206349204, 'support': 69.0}, 'accuracy': 0.4796747967479675, 'macro avg': {'precision': 0.4840510366826156, 'recall': 0.48389694041867953, 'f1-score': 0.4793650793650793, 'support': 123.0}, 'weighted avg': {'precision': 0.4913447699070292, 'recall': 0.4796747967479675, 'f1-score': 0.4809136662795199, 'support': 123.0}}","[[28 26]
 [38 31]]"
161,100,0.01,70,10,dart,1.0,0.5039338842975207,0.5,"{'0': {'precision': 0.44776119402985076, 'recall': 0.5555555555555556, 'f1-score': 0.49586776859504134, 'support': 54.0}, '1': {'precision': 0.5714285714285714, 'recall': 0.463768115942029, 'f1-score': 0.512, 'support': 69.0}, 'accuracy': 0.5040650406504065, 'macro avg': {'precision': 0.509594882729211, 'recall': 0.5096618357487923, 'f1-score': 0.5039338842975207, 'support': 123.0}, 'weighted avg': {'precision': 0.5171355764730354, 'recall': 0.5040650406504065, 'f1-score': 0.5049175569441645, 'support': 123.0}}","[[30 24]
 [37 32]]"
162,100,0.05,31,-1,gbdt,0.7,0.39215116279069767,0.7000000000000001,"{'0': {'precision': 0.4339622641509434, 'recall': 0.8518518518518519, 'f1-score': 0.575, 'support': 54.0}, '1': {'precision': 0.5294117647058824, 'recall': 0.13043478260869565, 'f1-score': 0.20930232558139536, 'support': 69.0}, 'accuracy': 0.44715447154471544, 'macro avg': {'precision': 0.4816870144284129, 'recall': 0.49114331723027377, 'f1-score': 0.39215116279069767, 'support': 123.0}, 'weighted avg': {'precision': 0.4875071059256653, 'recall': 0.44715447154471544, 'f1-score': 0.3698525241066364, 'support': 123.0}}","[[46  8]
 [60  9]]"
163,100,0.05,31,-1,gbdt,0.7,0.5039338842975207,0.5,"{'0': {'precision': 0.44776119402985076, 'recall': 0.5555555555555556, 'f1-score': 0.49586776859504134, 'support': 54.0}, '1': {'precision': 0.5714285714285714, 'recall': 0.463768115942029, 'f1-score': 0.512, 'support': 69.0}, 'accuracy': 0.5040650406504065, 'macro avg': {'precision': 0.509594882729211, 'recall': 0.5096618357487923, 'f1-score': 0.5039338842975207, 'support': 123.0}, 'weighted avg': {'precision': 0.5171355764730354, 'recall': 0.5040650406504065, 'f1-score': 0.5049175569441645, 'support': 123.0}}","[[30 24]
 [37 32]]"
164,100,0.05,31,-1,gbdt,0.7,0.4042735042735043,0.7000000000000001,"{'0': {'precision': 0.43137254901960786, 'recall': 0.8148148148148148, 'f1-score': 0.5641025641025641, 'support': 54.0}, '1': {'precision': 0.5238095238095238, 'recall': 0.15942028985507245, 'f1-score': 0.24444444444444444, 'support': 69.0}, 'accuracy': 0.44715447154471544, 'macro avg': {'precision': 0.47759103641456585, 'recall': 0.4871175523349436, 'f1-score': 0.4042735042735043, 'support': 123.0}, 'weighted avg': {'precision': 0.48322743731639, 'recall': 0.44715447154471544, 'f1-score': 0.3847821555138628, 'support': 123.0}}","[[44 10]
 [58 11]]"
165,100,0.05,31,-1,gbdt,0.8,0.39215116279069767,0.7000000000000001,"{'0': {'precision': 0.4339622641509434, 'recall': 0.8518518518518519, 'f1-score': 0.575, 'support': 54.0}, '1': {'precision': 0.5294117647058824, 'recall': 0.13043478260869565, 'f1-score': 0.20930232558139536, 'support': 69.0}, 'accuracy': 0.44715447154471544, 'macro avg': {'precision': 0.4816870144284129, 'recall': 0.49114331723027377, 'f1-score': 0.39215116279069767, 'support': 123.0}, 'weighted avg': {'precision': 0.4875071059256653, 'recall': 0.44715447154471544, 'f1-score': 0.3698525241066364, 'support': 123.0}}","[[46  8]
 [60  9]]"
166,100,0.05,31,-1,gbdt,0.8,0.5039338842975207,0.5,"{'0': {'precision': 0.44776119402985076, 'recall': 0.5555555555555556, 'f1-score': 0.49586776859504134, 'support': 54.0}, '1': {'precision': 0.5714285714285714, 'recall': 0.463768115942029, 'f1-score': 0.512, 'support': 69.0}, 'accuracy': 0.5040650406504065, 'macro avg': {'precision': 0.509594882729211, 'recall': 0.5096618357487923, 'f1-score': 0.5039338842975207, 'support': 123.0}, 'weighted avg': {'precision': 0.5171355764730354, 'recall': 0.5040650406504065, 'f1-score': 0.5049175569441645, 'support': 123.0}}","[[30 24]
 [37 32]]"
167,100,0.05,31,-1,gbdt,0.8,0.4042735042735043,0.7000000000000001,"{'0': {'precision': 0.43137254901960786, 'recall': 0.8148148148148148, 'f1-score': 0.5641025641025641, 'support': 54.0}, '1': {'precision': 0.5238095238095238, 'recall': 0.15942028985507245, 'f1-score': 0.24444444444444444, 'support': 69.0}, 'accuracy': 0.44715447154471544, 'macro avg': {'precision': 0.47759103641456585, 'recall': 0.4871175523349436, 'f1-score': 0.4042735042735043, 'support': 123.0}, 'weighted avg': {'precision': 0.48322743731639, 'recall': 0.44715447154471544, 'f1-score': 0.3847821555138628, 'support': 123.0}}","[[44 10]
 [58 11]]"
168,100,0.05,31,-1,gbdt,1.0,0.39215116279069767,0.7000000000000001,"{'0': {'precision': 0.4339622641509434, 'recall': 0.8518518518518519, 'f1-score': 0.575, 'support': 54.0}, '1': {'precision': 0.5294117647058824, 'recall': 0.13043478260869565, 'f1-score': 0.20930232558139536, 'support': 69.0}, 'accuracy': 0.44715447154471544, 'macro avg': {'precision': 0.4816870144284129, 'recall': 0.49114331723027377, 'f1-score': 0.39215116279069767, 'support': 123.0}, 'weighted avg': {'precision': 0.4875071059256653, 'recall': 0.44715447154471544, 'f1-score': 0.3698525241066364, 'support': 123.0}}","[[46  8]
 [60  9]]"
169,100,0.05,31,-1,gbdt,1.0,0.5039338842975207,0.5,"{'0': {'precision': 0.44776119402985076, 'recall': 0.5555555555555556, 'f1-score': 0.49586776859504134, 'support': 54.0}, '1': {'precision': 0.5714285714285714, 'recall': 0.463768115942029, 'f1-score': 0.512, 'support': 69.0}, 'accuracy': 0.5040650406504065, 'macro avg': {'precision': 0.509594882729211, 'recall': 0.5096618357487923, 'f1-score': 0.5039338842975207, 'support': 123.0}, 'weighted avg': {'precision': 0.5171355764730354, 'recall': 0.5040650406504065, 'f1-score': 0.5049175569441645, 'support': 123.0}}","[[30 24]
 [37 32]]"
170,100,0.05,31,-1,gbdt,1.0,0.4042735042735043,0.7000000000000001,"{'0': {'precision': 0.43137254901960786, 'recall': 0.8148148148148148, 'f1-score': 0.5641025641025641, 'support': 54.0}, '1': {'precision': 0.5238095238095238, 'recall': 0.15942028985507245, 'f1-score': 0.24444444444444444, 'support': 69.0}, 'accuracy': 0.44715447154471544, 'macro avg': {'precision': 0.47759103641456585, 'recall': 0.4871175523349436, 'f1-score': 0.4042735042735043, 'support': 123.0}, 'weighted avg': {'precision': 0.48322743731639, 'recall': 0.44715447154471544, 'f1-score': 0.3847821555138628, 'support': 123.0}}","[[44 10]
 [58 11]]"
171,100,0.05,31,-1,dart,0.7,0.5198173757692053,0.5,"{'0': {'precision': 0.4657534246575342, 'recall': 0.6296296296296297, 'f1-score': 0.5354330708661418, 'support': 54.0}, '1': {'precision': 0.6, 'recall': 0.43478260869565216, 'f1-score': 0.5042016806722689, 'support': 69.0}, 'accuracy': 0.5203252032520326, 'macro avg': {'precision': 0.5328767123287671, 'recall': 0.5322061191626409, 'f1-score': 0.5198173757692053, 'support': 123.0}, 'weighted avg': {'precision': 0.5410624791179419, 'recall': 0.5203252032520326, 'f1-score': 0.5179130227086033, 'support': 123.0}}","[[34 20]
 [39 30]]"
172,100,0.05,31,-1,dart,0.7,0.47098524449149737,0.5,"{'0': {'precision': 0.4246575342465753, 'recall': 0.5740740740740741, 'f1-score': 0.4881889763779528, 'support': 54.0}, '1': {'precision': 0.54, 'recall': 0.391304347826087, 'f1-score': 0.453781512605042, 'support': 69.0}, 'accuracy': 0.4715447154471545, 'macro avg': {'precision': 0.48232876712328765, 'recall': 0.48268921095008055, 'f1-score': 0.47098524449149737, 'support': 123.0}, 'weighted avg': {'precision': 0.4893618443033746, 'recall': 0.4715447154471545, 'f1-score': 0.4688872284077833, 'support': 123.0}}","[[31 23]
 [42 27]]"
173,100,0.05,31,-1,dart,0.7,0.5203252032520326,0.5,"{'0': {'precision': 0.463768115942029, 'recall': 0.5925925925925926, 'f1-score': 0.5203252032520326, 'support': 54.0}, '1': {'precision': 0.5925925925925926, 'recall': 0.463768115942029, 'f1-score': 0.5203252032520326, 'support': 69.0}, 'accuracy': 0.5203252032520326, 'macro avg': {'precision': 0.5281803542673108, 'recall': 0.5281803542673108, 'f1-score': 0.5203252032520326, 'support': 123.0}, 'weighted avg': {'precision': 0.536035505282589, 'recall': 0.5203252032520326, 'f1-score': 0.5203252032520326, 'support': 123.0}}","[[32 22]
 [37 32]]"
174,100,0.05,31,-1,dart,0.8,0.5198173757692053,0.5,"{'0': {'precision': 0.4657534246575342, 'recall': 0.6296296296296297, 'f1-score': 0.5354330708661418, 'support': 54.0}, '1': {'precision': 0.6, 'recall': 0.43478260869565216, 'f1-score': 0.5042016806722689, 'support': 69.0}, 'accuracy': 0.5203252032520326, 'macro avg': {'precision': 0.5328767123287671, 'recall': 0.5322061191626409, 'f1-score': 0.5198173757692053, 'support': 123.0}, 'weighted avg': {'precision': 0.5410624791179419, 'recall': 0.5203252032520326, 'f1-score': 0.5179130227086033, 'support': 123.0}}","[[34 20]
 [39 30]]"
175,100,0.05,31,-1,dart,0.8,0.47098524449149737,0.5,"{'0': {'precision': 0.4246575342465753, 'recall': 0.5740740740740741, 'f1-score': 0.4881889763779528, 'support': 54.0}, '1': {'precision': 0.54, 'recall': 0.391304347826087, 'f1-score': 0.453781512605042, 'support': 69.0}, 'accuracy': 0.4715447154471545, 'macro avg': {'precision': 0.48232876712328765, 'recall': 0.48268921095008055, 'f1-score': 0.47098524449149737, 'support': 123.0}, 'weighted avg': {'precision': 0.4893618443033746, 'recall': 0.4715447154471545, 'f1-score': 0.4688872284077833, 'support': 123.0}}","[[31 23]
 [42 27]]"
176,100,0.05,31,-1,dart,0.8,0.5203252032520326,0.5,"{'0': {'precision': 0.463768115942029, 'recall': 0.5925925925925926, 'f1-score': 0.5203252032520326, 'support': 54.0}, '1': {'precision': 0.5925925925925926, 'recall': 0.463768115942029, 'f1-score': 0.5203252032520326, 'support': 69.0}, 'accuracy': 0.5203252032520326, 'macro avg': {'precision': 0.5281803542673108, 'recall': 0.5281803542673108, 'f1-score': 0.5203252032520326, 'support': 123.0}, 'weighted avg': {'precision': 0.536035505282589, 'recall': 0.5203252032520326, 'f1-score': 0.5203252032520326, 'support': 123.0}}","[[32 22]
 [37 32]]"
177,100,0.05,31,-1,dart,1.0,0.5198173757692053,0.5,"{'0': {'precision': 0.4657534246575342, 'recall': 0.6296296296296297, 'f1-score': 0.5354330708661418, 'support': 54.0}, '1': {'precision': 0.6, 'recall': 0.43478260869565216, 'f1-score': 0.5042016806722689, 'support': 69.0}, 'accuracy': 0.5203252032520326, 'macro avg': {'precision': 0.5328767123287671, 'recall': 0.5322061191626409, 'f1-score': 0.5198173757692053, 'support': 123.0}, 'weighted avg': {'precision': 0.5410624791179419, 'recall': 0.5203252032520326, 'f1-score': 0.5179130227086033, 'support': 123.0}}","[[34 20]
 [39 30]]"
178,100,0.05,31,-1,dart,1.0,0.47098524449149737,0.5,"{'0': {'precision': 0.4246575342465753, 'recall': 0.5740740740740741, 'f1-score': 0.4881889763779528, 'support': 54.0}, '1': {'precision': 0.54, 'recall': 0.391304347826087, 'f1-score': 0.453781512605042, 'support': 69.0}, 'accuracy': 0.4715447154471545, 'macro avg': {'precision': 0.48232876712328765, 'recall': 0.48268921095008055, 'f1-score': 0.47098524449149737, 'support': 123.0}, 'weighted avg': {'precision': 0.4893618443033746, 'recall': 0.4715447154471545, 'f1-score': 0.4688872284077833, 'support': 123.0}}","[[31 23]
 [42 27]]"
179,100,0.05,31,-1,dart,1.0,0.5203252032520326,0.5,"{'0': {'precision': 0.463768115942029, 'recall': 0.5925925925925926, 'f1-score': 0.5203252032520326, 'support': 54.0}, '1': {'precision': 0.5925925925925926, 'recall': 0.463768115942029, 'f1-score': 0.5203252032520326, 'support': 69.0}, 'accuracy': 0.5203252032520326, 'macro avg': {'precision': 0.5281803542673108, 'recall': 0.5281803542673108, 'f1-score': 0.5203252032520326, 'support': 123.0}, 'weighted avg': {'precision': 0.536035505282589, 'recall': 0.5203252032520326, 'f1-score': 0.5203252032520326, 'support': 123.0}}","[[32 22]
 [37 32]]"
180,100,0.05,31,5,gbdt,0.7,0.4932216905901116,0.5,"{'0': {'precision': 0.44871794871794873, 'recall': 0.6481481481481481, 'f1-score': 0.5303030303030303, 'support': 54.0}, '1': {'precision': 0.5777777777777777, 'recall': 0.37681159420289856, 'f1-score': 0.45614035087719296, 'support': 69.0}, 'accuracy': 0.4959349593495935, 'macro avg': {'precision': 0.5132478632478632, 'recall': 0.5124798711755234, 'f1-score': 0.4932216905901116, 'support': 123.0}, 'weighted avg': {'precision': 0.521117365019804, 'recall': 0.4959349593495935, 'f1-score': 0.4886995759909752, 'support': 123.0}}","[[35 19]
 [43 26]]"
181,100,0.05,31,5,gbdt,0.7,0.5182874211749088,0.5,"{'0': {'precision': 0.4675324675324675, 'recall': 0.6666666666666666, 'f1-score': 0.549618320610687, 'support': 54.0}, '1': {'precision': 0.6086956521739131, 'recall': 0.4057971014492754, 'f1-score': 0.48695652173913045, 'support': 69.0}, 'accuracy': 0.5203252032520326, 'macro avg': {'precision': 0.5381140598531903, 'recall': 0.536231884057971, 'f1-score': 0.5182874211749088, 'support': 123.0}, 'weighted avg': {'precision': 0.546721571111815, 'recall': 0.5203252032520326, 'f1-score': 0.5144665797803016, 'support': 123.0}}","[[36 18]
 [41 28]]"
182,100,0.05,31,5,gbdt,0.7,0.4808006535947712,0.4,"{'0': {'precision': 0.4166666666666667, 'recall': 0.37037037037037035, 'f1-score': 0.39215686274509803, 'support': 54.0}, '1': {'precision': 0.5466666666666666, 'recall': 0.5942028985507246, 'f1-score': 0.5694444444444444, 'support': 69.0}, 'accuracy': 0.4959349593495935, 'macro avg': {'precision': 0.4816666666666667, 'recall': 0.4822866344605475, 'f1-score': 0.4808006535947712, 'support': 123.0}, 'weighted avg': {'precision': 0.4895934959349593, 'recall': 0.4959349593495935, 'f1-score': 0.49161087199107284, 'support': 123.0}}","[[20 34]
 [28 41]]"
183,100,0.05,31,5,gbdt,0.8,0.4932216905901116,0.5,"{'0': {'precision': 0.44871794871794873, 'recall': 0.6481481481481481, 'f1-score': 0.5303030303030303, 'support': 54.0}, '1': {'precision': 0.5777777777777777, 'recall': 0.37681159420289856, 'f1-score': 0.45614035087719296, 'support': 69.0}, 'accuracy': 0.4959349593495935, 'macro avg': {'precision': 0.5132478632478632, 'recall': 0.5124798711755234, 'f1-score': 0.4932216905901116, 'support': 123.0}, 'weighted avg': {'precision': 0.521117365019804, 'recall': 0.4959349593495935, 'f1-score': 0.4886995759909752, 'support': 123.0}}","[[35 19]
 [43 26]]"
184,100,0.05,31,5,gbdt,0.8,0.5182874211749088,0.5,"{'0': {'precision': 0.4675324675324675, 'recall': 0.6666666666666666, 'f1-score': 0.549618320610687, 'support': 54.0}, '1': {'precision': 0.6086956521739131, 'recall': 0.4057971014492754, 'f1-score': 0.48695652173913045, 'support': 69.0}, 'accuracy': 0.5203252032520326, 'macro avg': {'precision': 0.5381140598531903, 'recall': 0.536231884057971, 'f1-score': 0.5182874211749088, 'support': 123.0}, 'weighted avg': {'precision': 0.546721571111815, 'recall': 0.5203252032520326, 'f1-score': 0.5144665797803016, 'support': 123.0}}","[[36 18]
 [41 28]]"
185,100,0.05,31,5,gbdt,0.8,0.4808006535947712,0.4,"{'0': {'precision': 0.4166666666666667, 'recall': 0.37037037037037035, 'f1-score': 0.39215686274509803, 'support': 54.0}, '1': {'precision': 0.5466666666666666, 'recall': 0.5942028985507246, 'f1-score': 0.5694444444444444, 'support': 69.0}, 'accuracy': 0.4959349593495935, 'macro avg': {'precision': 0.4816666666666667, 'recall': 0.4822866344605475, 'f1-score': 0.4808006535947712, 'support': 123.0}, 'weighted avg': {'precision': 0.4895934959349593, 'recall': 0.4959349593495935, 'f1-score': 0.49161087199107284, 'support': 123.0}}","[[20 34]
 [28 41]]"
186,100,0.05,31,5,gbdt,1.0,0.4932216905901116,0.5,"{'0': {'precision': 0.44871794871794873, 'recall': 0.6481481481481481, 'f1-score': 0.5303030303030303, 'support': 54.0}, '1': {'precision': 0.5777777777777777, 'recall': 0.37681159420289856, 'f1-score': 0.45614035087719296, 'support': 69.0}, 'accuracy': 0.4959349593495935, 'macro avg': {'precision': 0.5132478632478632, 'recall': 0.5124798711755234, 'f1-score': 0.4932216905901116, 'support': 123.0}, 'weighted avg': {'precision': 0.521117365019804, 'recall': 0.4959349593495935, 'f1-score': 0.4886995759909752, 'support': 123.0}}","[[35 19]
 [43 26]]"
187,100,0.05,31,5,gbdt,1.0,0.5182874211749088,0.5,"{'0': {'precision': 0.4675324675324675, 'recall': 0.6666666666666666, 'f1-score': 0.549618320610687, 'support': 54.0}, '1': {'precision': 0.6086956521739131, 'recall': 0.4057971014492754, 'f1-score': 0.48695652173913045, 'support': 69.0}, 'accuracy': 0.5203252032520326, 'macro avg': {'precision': 0.5381140598531903, 'recall': 0.536231884057971, 'f1-score': 0.5182874211749088, 'support': 123.0}, 'weighted avg': {'precision': 0.546721571111815, 'recall': 0.5203252032520326, 'f1-score': 0.5144665797803016, 'support': 123.0}}","[[36 18]
 [41 28]]"
188,100,0.05,31,5,gbdt,1.0,0.4808006535947712,0.4,"{'0': {'precision': 0.4166666666666667, 'recall': 0.37037037037037035, 'f1-score': 0.39215686274509803, 'support': 54.0}, '1': {'precision': 0.5466666666666666, 'recall': 0.5942028985507246, 'f1-score': 0.5694444444444444, 'support': 69.0}, 'accuracy': 0.4959349593495935, 'macro avg': {'precision': 0.4816666666666667, 'recall': 0.4822866344605475, 'f1-score': 0.4808006535947712, 'support': 123.0}, 'weighted avg': {'precision': 0.4895934959349593, 'recall': 0.4959349593495935, 'f1-score': 0.49161087199107284, 'support': 123.0}}","[[20 34]
 [28 41]]"
189,100,0.05,31,5,dart,0.7,0.4876694214876033,0.5,"{'0': {'precision': 0.43661971830985913, 'recall': 0.5740740740740741, 'f1-score': 0.496, 'support': 54.0}, '1': {'precision': 0.5576923076923077, 'recall': 0.42028985507246375, 'f1-score': 0.4793388429752066, 'support': 69.0}, 'accuracy': 0.4878048780487805, 'macro avg': {'precision': 0.4971560130010834, 'recall': 0.4971819645732689, 'f1-score': 0.4876694214876033, 'support': 123.0}, 'weighted avg': {'precision': 0.5045384879634278, 'recall': 0.4878048780487805, 'f1-score': 0.48665349727877444, 'support': 123.0}}","[[31 23]
 [40 29]]"
190,100,0.05,31,5,dart,0.7,0.4876694214876033,0.5,"{'0': {'precision': 0.43661971830985913, 'recall': 0.5740740740740741, 'f1-score': 0.496, 'support': 54.0}, '1': {'precision': 0.5576923076923077, 'recall': 0.42028985507246375, 'f1-score': 0.4793388429752066, 'support': 69.0}, 'accuracy': 0.4878048780487805, 'macro avg': {'precision': 0.4971560130010834, 'recall': 0.4971819645732689, 'f1-score': 0.4876694214876033, 'support': 123.0}, 'weighted avg': {'precision': 0.5045384879634278, 'recall': 0.4878048780487805, 'f1-score': 0.48665349727877444, 'support': 123.0}}","[[31 23]
 [40 29]]"
191,100,0.05,31,5,dart,0.7,0.46174477696216826,0.4,"{'0': {'precision': 0.39473684210526316, 'recall': 0.2777777777777778, 'f1-score': 0.32608695652173914, 'support': 54.0}, '1': {'precision': 0.5411764705882353, 'recall': 0.6666666666666666, 'f1-score': 0.5974025974025974, 'support': 69.0}, 'accuracy': 0.4959349593495935, 'macro avg': {'precision': 0.4679566563467492, 'recall': 0.4722222222222222, 'f1-score': 0.46174477696216826, 'support': 123.0}, 'weighted avg': {'precision': 0.4768859019859548, 'recall': 0.4959349593495935, 'f1-score': 0.478288413601245, 'support': 123.0}}","[[15 39]
 [23 46]]"
192,100,0.05,31,5,dart,0.8,0.4876694214876033,0.5,"{'0': {'precision': 0.43661971830985913, 'recall': 0.5740740740740741, 'f1-score': 0.496, 'support': 54.0}, '1': {'precision': 0.5576923076923077, 'recall': 0.42028985507246375, 'f1-score': 0.4793388429752066, 'support': 69.0}, 'accuracy': 0.4878048780487805, 'macro avg': {'precision': 0.4971560130010834, 'recall': 0.4971819645732689, 'f1-score': 0.4876694214876033, 'support': 123.0}, 'weighted avg': {'precision': 0.5045384879634278, 'recall': 0.4878048780487805, 'f1-score': 0.48665349727877444, 'support': 123.0}}","[[31 23]
 [40 29]]"
193,100,0.05,31,5,dart,0.8,0.4876694214876033,0.5,"{'0': {'precision': 0.43661971830985913, 'recall': 0.5740740740740741, 'f1-score': 0.496, 'support': 54.0}, '1': {'precision': 0.5576923076923077, 'recall': 0.42028985507246375, 'f1-score': 0.4793388429752066, 'support': 69.0}, 'accuracy': 0.4878048780487805, 'macro avg': {'precision': 0.4971560130010834, 'recall': 0.4971819645732689, 'f1-score': 0.4876694214876033, 'support': 123.0}, 'weighted avg': {'precision': 0.5045384879634278, 'recall': 0.4878048780487805, 'f1-score': 0.48665349727877444, 'support': 123.0}}","[[31 23]
 [40 29]]"
194,100,0.05,31,5,dart,0.8,0.46174477696216826,0.4,"{'0': {'precision': 0.39473684210526316, 'recall': 0.2777777777777778, 'f1-score': 0.32608695652173914, 'support': 54.0}, '1': {'precision': 0.5411764705882353, 'recall': 0.6666666666666666, 'f1-score': 0.5974025974025974, 'support': 69.0}, 'accuracy': 0.4959349593495935, 'macro avg': {'precision': 0.4679566563467492, 'recall': 0.4722222222222222, 'f1-score': 0.46174477696216826, 'support': 123.0}, 'weighted avg': {'precision': 0.4768859019859548, 'recall': 0.4959349593495935, 'f1-score': 0.478288413601245, 'support': 123.0}}","[[15 39]
 [23 46]]"
195,100,0.05,31,5,dart,1.0,0.4876694214876033,0.5,"{'0': {'precision': 0.43661971830985913, 'recall': 0.5740740740740741, 'f1-score': 0.496, 'support': 54.0}, '1': {'precision': 0.5576923076923077, 'recall': 0.42028985507246375, 'f1-score': 0.4793388429752066, 'support': 69.0}, 'accuracy': 0.4878048780487805, 'macro avg': {'precision': 0.4971560130010834, 'recall': 0.4971819645732689, 'f1-score': 0.4876694214876033, 'support': 123.0}, 'weighted avg': {'precision': 0.5045384879634278, 'recall': 0.4878048780487805, 'f1-score': 0.48665349727877444, 'support': 123.0}}","[[31 23]
 [40 29]]"
196,100,0.05,31,5,dart,1.0,0.4876694214876033,0.5,"{'0': {'precision': 0.43661971830985913, 'recall': 0.5740740740740741, 'f1-score': 0.496, 'support': 54.0}, '1': {'precision': 0.5576923076923077, 'recall': 0.42028985507246375, 'f1-score': 0.4793388429752066, 'support': 69.0}, 'accuracy': 0.4878048780487805, 'macro avg': {'precision': 0.4971560130010834, 'recall': 0.4971819645732689, 'f1-score': 0.4876694214876033, 'support': 123.0}, 'weighted avg': {'precision': 0.5045384879634278, 'recall': 0.4878048780487805, 'f1-score': 0.48665349727877444, 'support': 123.0}}","[[31 23]
 [40 29]]"
197,100,0.05,31,5,dart,1.0,0.46174477696216826,0.4,"{'0': {'precision': 0.39473684210526316, 'recall': 0.2777777777777778, 'f1-score': 0.32608695652173914, 'support': 54.0}, '1': {'precision': 0.5411764705882353, 'recall': 0.6666666666666666, 'f1-score': 0.5974025974025974, 'support': 69.0}, 'accuracy': 0.4959349593495935, 'macro avg': {'precision': 0.4679566563467492, 'recall': 0.4722222222222222, 'f1-score': 0.46174477696216826, 'support': 123.0}, 'weighted avg': {'precision': 0.4768859019859548, 'recall': 0.4959349593495935, 'f1-score': 0.478288413601245, 'support': 123.0}}","[[15 39]
 [23 46]]"
198,100,0.05,31,10,gbdt,0.7,0.4553140096618358,0.4,"{'0': {'precision': 0.3888888888888889, 'recall': 0.3888888888888889, 'f1-score': 0.3888888888888889, 'support': 54.0}, '1': {'precision': 0.5217391304347826, 'recall': 0.5217391304347826, 'f1-score': 0.5217391304347826, 'support': 69.0}, 'accuracy': 0.4634146341463415, 'macro avg': {'precision': 0.4553140096618358, 'recall': 0.4553140096618358, 'f1-score': 0.4553140096618358, 'support': 123.0}, 'weighted avg': {'precision': 0.4634146341463415, 'recall': 0.4634146341463415, 'f1-score': 0.4634146341463415, 'support': 123.0}}","[[21 33]
 [33 36]]"
199,100,0.05,31,10,gbdt,0.7,0.5039338842975207,0.5,"{'0': {'precision': 0.44776119402985076, 'recall': 0.5555555555555556, 'f1-score': 0.49586776859504134, 'support': 54.0}, '1': {'precision': 0.5714285714285714, 'recall': 0.463768115942029, 'f1-score': 0.512, 'support': 69.0}, 'accuracy': 0.5040650406504065, 'macro avg': {'precision': 0.509594882729211, 'recall': 0.5096618357487923, 'f1-score': 0.5039338842975207, 'support': 123.0}, 'weighted avg': {'precision': 0.5171355764730354, 'recall': 0.5040650406504065, 'f1-score': 0.5049175569441645, 'support': 123.0}}","[[30 24]
 [37 32]]"
200,100,0.05,31,10,gbdt,0.7,0.4042735042735043,0.7000000000000001,"{'0': {'precision': 0.43137254901960786, 'recall': 0.8148148148148148, 'f1-score': 0.5641025641025641, 'support': 54.0}, '1': {'precision': 0.5238095238095238, 'recall': 0.15942028985507245, 'f1-score': 0.24444444444444444, 'support': 69.0}, 'accuracy': 0.44715447154471544, 'macro avg': {'precision': 0.47759103641456585, 'recall': 0.4871175523349436, 'f1-score': 0.4042735042735043, 'support': 123.0}, 'weighted avg': {'precision': 0.48322743731639, 'recall': 0.44715447154471544, 'f1-score': 0.3847821555138628, 'support': 123.0}}","[[44 10]
 [58 11]]"
201,100,0.05,31,10,gbdt,0.8,0.4553140096618358,0.4,"{'0': {'precision': 0.3888888888888889, 'recall': 0.3888888888888889, 'f1-score': 0.3888888888888889, 'support': 54.0}, '1': {'precision': 0.5217391304347826, 'recall': 0.5217391304347826, 'f1-score': 0.5217391304347826, 'support': 69.0}, 'accuracy': 0.4634146341463415, 'macro avg': {'precision': 0.4553140096618358, 'recall': 0.4553140096618358, 'f1-score': 0.4553140096618358, 'support': 123.0}, 'weighted avg': {'precision': 0.4634146341463415, 'recall': 0.4634146341463415, 'f1-score': 0.4634146341463415, 'support': 123.0}}","[[21 33]
 [33 36]]"
202,100,0.05,31,10,gbdt,0.8,0.5039338842975207,0.5,"{'0': {'precision': 0.44776119402985076, 'recall': 0.5555555555555556, 'f1-score': 0.49586776859504134, 'support': 54.0}, '1': {'precision': 0.5714285714285714, 'recall': 0.463768115942029, 'f1-score': 0.512, 'support': 69.0}, 'accuracy': 0.5040650406504065, 'macro avg': {'precision': 0.509594882729211, 'recall': 0.5096618357487923, 'f1-score': 0.5039338842975207, 'support': 123.0}, 'weighted avg': {'precision': 0.5171355764730354, 'recall': 0.5040650406504065, 'f1-score': 0.5049175569441645, 'support': 123.0}}","[[30 24]
 [37 32]]"
203,100,0.05,31,10,gbdt,0.8,0.4042735042735043,0.7000000000000001,"{'0': {'precision': 0.43137254901960786, 'recall': 0.8148148148148148, 'f1-score': 0.5641025641025641, 'support': 54.0}, '1': {'precision': 0.5238095238095238, 'recall': 0.15942028985507245, 'f1-score': 0.24444444444444444, 'support': 69.0}, 'accuracy': 0.44715447154471544, 'macro avg': {'precision': 0.47759103641456585, 'recall': 0.4871175523349436, 'f1-score': 0.4042735042735043, 'support': 123.0}, 'weighted avg': {'precision': 0.48322743731639, 'recall': 0.44715447154471544, 'f1-score': 0.3847821555138628, 'support': 123.0}}","[[44 10]
 [58 11]]"
204,100,0.05,31,10,gbdt,1.0,0.4553140096618358,0.4,"{'0': {'precision': 0.3888888888888889, 'recall': 0.3888888888888889, 'f1-score': 0.3888888888888889, 'support': 54.0}, '1': {'precision': 0.5217391304347826, 'recall': 0.5217391304347826, 'f1-score': 0.5217391304347826, 'support': 69.0}, 'accuracy': 0.4634146341463415, 'macro avg': {'precision': 0.4553140096618358, 'recall': 0.4553140096618358, 'f1-score': 0.4553140096618358, 'support': 123.0}, 'weighted avg': {'precision': 0.4634146341463415, 'recall': 0.4634146341463415, 'f1-score': 0.4634146341463415, 'support': 123.0}}","[[21 33]
 [33 36]]"
205,100,0.05,31,10,gbdt,1.0,0.5039338842975207,0.5,"{'0': {'precision': 0.44776119402985076, 'recall': 0.5555555555555556, 'f1-score': 0.49586776859504134, 'support': 54.0}, '1': {'precision': 0.5714285714285714, 'recall': 0.463768115942029, 'f1-score': 0.512, 'support': 69.0}, 'accuracy': 0.5040650406504065, 'macro avg': {'precision': 0.509594882729211, 'recall': 0.5096618357487923, 'f1-score': 0.5039338842975207, 'support': 123.0}, 'weighted avg': {'precision': 0.5171355764730354, 'recall': 0.5040650406504065, 'f1-score': 0.5049175569441645, 'support': 123.0}}","[[30 24]
 [37 32]]"
206,100,0.05,31,10,gbdt,1.0,0.4042735042735043,0.7000000000000001,"{'0': {'precision': 0.43137254901960786, 'recall': 0.8148148148148148, 'f1-score': 0.5641025641025641, 'support': 54.0}, '1': {'precision': 0.5238095238095238, 'recall': 0.15942028985507245, 'f1-score': 0.24444444444444444, 'support': 69.0}, 'accuracy': 0.44715447154471544, 'macro avg': {'precision': 0.47759103641456585, 'recall': 0.4871175523349436, 'f1-score': 0.4042735042735043, 'support': 123.0}, 'weighted avg': {'precision': 0.48322743731639, 'recall': 0.44715447154471544, 'f1-score': 0.3847821555138628, 'support': 123.0}}","[[44 10]
 [58 11]]"
207,100,0.05,31,10,dart,0.7,0.5198173757692053,0.5,"{'0': {'precision': 0.4657534246575342, 'recall': 0.6296296296296297, 'f1-score': 0.5354330708661418, 'support': 54.0}, '1': {'precision': 0.6, 'recall': 0.43478260869565216, 'f1-score': 0.5042016806722689, 'support': 69.0}, 'accuracy': 0.5203252032520326, 'macro avg': {'precision': 0.5328767123287671, 'recall': 0.5322061191626409, 'f1-score': 0.5198173757692053, 'support': 123.0}, 'weighted avg': {'precision': 0.5410624791179419, 'recall': 0.5203252032520326, 'f1-score': 0.5179130227086033, 'support': 123.0}}","[[34 20]
 [39 30]]"
208,100,0.05,31,10,dart,0.7,0.47098524449149737,0.5,"{'0': {'precision': 0.4246575342465753, 'recall': 0.5740740740740741, 'f1-score': 0.4881889763779528, 'support': 54.0}, '1': {'precision': 0.54, 'recall': 0.391304347826087, 'f1-score': 0.453781512605042, 'support': 69.0}, 'accuracy': 0.4715447154471545, 'macro avg': {'precision': 0.48232876712328765, 'recall': 0.48268921095008055, 'f1-score': 0.47098524449149737, 'support': 123.0}, 'weighted avg': {'precision': 0.4893618443033746, 'recall': 0.4715447154471545, 'f1-score': 0.4688872284077833, 'support': 123.0}}","[[31 23]
 [42 27]]"
209,100,0.05,31,10,dart,0.7,0.5203252032520326,0.5,"{'0': {'precision': 0.463768115942029, 'recall': 0.5925925925925926, 'f1-score': 0.5203252032520326, 'support': 54.0}, '1': {'precision': 0.5925925925925926, 'recall': 0.463768115942029, 'f1-score': 0.5203252032520326, 'support': 69.0}, 'accuracy': 0.5203252032520326, 'macro avg': {'precision': 0.5281803542673108, 'recall': 0.5281803542673108, 'f1-score': 0.5203252032520326, 'support': 123.0}, 'weighted avg': {'precision': 0.536035505282589, 'recall': 0.5203252032520326, 'f1-score': 0.5203252032520326, 'support': 123.0}}","[[32 22]
 [37 32]]"
210,100,0.05,31,10,dart,0.8,0.5198173757692053,0.5,"{'0': {'precision': 0.4657534246575342, 'recall': 0.6296296296296297, 'f1-score': 0.5354330708661418, 'support': 54.0}, '1': {'precision': 0.6, 'recall': 0.43478260869565216, 'f1-score': 0.5042016806722689, 'support': 69.0}, 'accuracy': 0.5203252032520326, 'macro avg': {'precision': 0.5328767123287671, 'recall': 0.5322061191626409, 'f1-score': 0.5198173757692053, 'support': 123.0}, 'weighted avg': {'precision': 0.5410624791179419, 'recall': 0.5203252032520326, 'f1-score': 0.5179130227086033, 'support': 123.0}}","[[34 20]
 [39 30]]"
211,100,0.05,31,10,dart,0.8,0.47098524449149737,0.5,"{'0': {'precision': 0.4246575342465753, 'recall': 0.5740740740740741, 'f1-score': 0.4881889763779528, 'support': 54.0}, '1': {'precision': 0.54, 'recall': 0.391304347826087, 'f1-score': 0.453781512605042, 'support': 69.0}, 'accuracy': 0.4715447154471545, 'macro avg': {'precision': 0.48232876712328765, 'recall': 0.48268921095008055, 'f1-score': 0.47098524449149737, 'support': 123.0}, 'weighted avg': {'precision': 0.4893618443033746, 'recall': 0.4715447154471545, 'f1-score': 0.4688872284077833, 'support': 123.0}}","[[31 23]
 [42 27]]"
212,100,0.05,31,10,dart,0.8,0.5203252032520326,0.5,"{'0': {'precision': 0.463768115942029, 'recall': 0.5925925925925926, 'f1-score': 0.5203252032520326, 'support': 54.0}, '1': {'precision': 0.5925925925925926, 'recall': 0.463768115942029, 'f1-score': 0.5203252032520326, 'support': 69.0}, 'accuracy': 0.5203252032520326, 'macro avg': {'precision': 0.5281803542673108, 'recall': 0.5281803542673108, 'f1-score': 0.5203252032520326, 'support': 123.0}, 'weighted avg': {'precision': 0.536035505282589, 'recall': 0.5203252032520326, 'f1-score': 0.5203252032520326, 'support': 123.0}}","[[32 22]
 [37 32]]"
213,100,0.05,31,10,dart,1.0,0.5198173757692053,0.5,"{'0': {'precision': 0.4657534246575342, 'recall': 0.6296296296296297, 'f1-score': 0.5354330708661418, 'support': 54.0}, '1': {'precision': 0.6, 'recall': 0.43478260869565216, 'f1-score': 0.5042016806722689, 'support': 69.0}, 'accuracy': 0.5203252032520326, 'macro avg': {'precision': 0.5328767123287671, 'recall': 0.5322061191626409, 'f1-score': 0.5198173757692053, 'support': 123.0}, 'weighted avg': {'precision': 0.5410624791179419, 'recall': 0.5203252032520326, 'f1-score': 0.5179130227086033, 'support': 123.0}}","[[34 20]
 [39 30]]"
214,100,0.05,31,10,dart,1.0,0.47098524449149737,0.5,"{'0': {'precision': 0.4246575342465753, 'recall': 0.5740740740740741, 'f1-score': 0.4881889763779528, 'support': 54.0}, '1': {'precision': 0.54, 'recall': 0.391304347826087, 'f1-score': 0.453781512605042, 'support': 69.0}, 'accuracy': 0.4715447154471545, 'macro avg': {'precision': 0.48232876712328765, 'recall': 0.48268921095008055, 'f1-score': 0.47098524449149737, 'support': 123.0}, 'weighted avg': {'precision': 0.4893618443033746, 'recall': 0.4715447154471545, 'f1-score': 0.4688872284077833, 'support': 123.0}}","[[31 23]
 [42 27]]"
215,100,0.05,31,10,dart,1.0,0.5203252032520326,0.5,"{'0': {'precision': 0.463768115942029, 'recall': 0.5925925925925926, 'f1-score': 0.5203252032520326, 'support': 54.0}, '1': {'precision': 0.5925925925925926, 'recall': 0.463768115942029, 'f1-score': 0.5203252032520326, 'support': 69.0}, 'accuracy': 0.5203252032520326, 'macro avg': {'precision': 0.5281803542673108, 'recall': 0.5281803542673108, 'f1-score': 0.5203252032520326, 'support': 123.0}, 'weighted avg': {'precision': 0.536035505282589, 'recall': 0.5203252032520326, 'f1-score': 0.5203252032520326, 'support': 123.0}}","[[32 22]
 [37 32]]"
216,100,0.05,50,-1,gbdt,0.7,0.39215116279069767,0.7000000000000001,"{'0': {'precision': 0.4339622641509434, 'recall': 0.8518518518518519, 'f1-score': 0.575, 'support': 54.0}, '1': {'precision': 0.5294117647058824, 'recall': 0.13043478260869565, 'f1-score': 0.20930232558139536, 'support': 69.0}, 'accuracy': 0.44715447154471544, 'macro avg': {'precision': 0.4816870144284129, 'recall': 0.49114331723027377, 'f1-score': 0.39215116279069767, 'support': 123.0}, 'weighted avg': {'precision': 0.4875071059256653, 'recall': 0.44715447154471544, 'f1-score': 0.3698525241066364, 'support': 123.0}}","[[46  8]
 [60  9]]"
217,100,0.05,50,-1,gbdt,0.7,0.5039338842975207,0.5,"{'0': {'precision': 0.44776119402985076, 'recall': 0.5555555555555556, 'f1-score': 0.49586776859504134, 'support': 54.0}, '1': {'precision': 0.5714285714285714, 'recall': 0.463768115942029, 'f1-score': 0.512, 'support': 69.0}, 'accuracy': 0.5040650406504065, 'macro avg': {'precision': 0.509594882729211, 'recall': 0.5096618357487923, 'f1-score': 0.5039338842975207, 'support': 123.0}, 'weighted avg': {'precision': 0.5171355764730354, 'recall': 0.5040650406504065, 'f1-score': 0.5049175569441645, 'support': 123.0}}","[[30 24]
 [37 32]]"
218,100,0.05,50,-1,gbdt,0.7,0.4042735042735043,0.7000000000000001,"{'0': {'precision': 0.43137254901960786, 'recall': 0.8148148148148148, 'f1-score': 0.5641025641025641, 'support': 54.0}, '1': {'precision': 0.5238095238095238, 'recall': 0.15942028985507245, 'f1-score': 0.24444444444444444, 'support': 69.0}, 'accuracy': 0.44715447154471544, 'macro avg': {'precision': 0.47759103641456585, 'recall': 0.4871175523349436, 'f1-score': 0.4042735042735043, 'support': 123.0}, 'weighted avg': {'precision': 0.48322743731639, 'recall': 0.44715447154471544, 'f1-score': 0.3847821555138628, 'support': 123.0}}","[[44 10]
 [58 11]]"
219,100,0.05,50,-1,gbdt,0.8,0.39215116279069767,0.7000000000000001,"{'0': {'precision': 0.4339622641509434, 'recall': 0.8518518518518519, 'f1-score': 0.575, 'support': 54.0}, '1': {'precision': 0.5294117647058824, 'recall': 0.13043478260869565, 'f1-score': 0.20930232558139536, 'support': 69.0}, 'accuracy': 0.44715447154471544, 'macro avg': {'precision': 0.4816870144284129, 'recall': 0.49114331723027377, 'f1-score': 0.39215116279069767, 'support': 123.0}, 'weighted avg': {'precision': 0.4875071059256653, 'recall': 0.44715447154471544, 'f1-score': 0.3698525241066364, 'support': 123.0}}","[[46  8]
 [60  9]]"
220,100,0.05,50,-1,gbdt,0.8,0.5039338842975207,0.5,"{'0': {'precision': 0.44776119402985076, 'recall': 0.5555555555555556, 'f1-score': 0.49586776859504134, 'support': 54.0}, '1': {'precision': 0.5714285714285714, 'recall': 0.463768115942029, 'f1-score': 0.512, 'support': 69.0}, 'accuracy': 0.5040650406504065, 'macro avg': {'precision': 0.509594882729211, 'recall': 0.5096618357487923, 'f1-score': 0.5039338842975207, 'support': 123.0}, 'weighted avg': {'precision': 0.5171355764730354, 'recall': 0.5040650406504065, 'f1-score': 0.5049175569441645, 'support': 123.0}}","[[30 24]
 [37 32]]"
221,100,0.05,50,-1,gbdt,0.8,0.4042735042735043,0.7000000000000001,"{'0': {'precision': 0.43137254901960786, 'recall': 0.8148148148148148, 'f1-score': 0.5641025641025641, 'support': 54.0}, '1': {'precision': 0.5238095238095238, 'recall': 0.15942028985507245, 'f1-score': 0.24444444444444444, 'support': 69.0}, 'accuracy': 0.44715447154471544, 'macro avg': {'precision': 0.47759103641456585, 'recall': 0.4871175523349436, 'f1-score': 0.4042735042735043, 'support': 123.0}, 'weighted avg': {'precision': 0.48322743731639, 'recall': 0.44715447154471544, 'f1-score': 0.3847821555138628, 'support': 123.0}}","[[44 10]
 [58 11]]"
222,100,0.05,50,-1,gbdt,1.0,0.39215116279069767,0.7000000000000001,"{'0': {'precision': 0.4339622641509434, 'recall': 0.8518518518518519, 'f1-score': 0.575, 'support': 54.0}, '1': {'precision': 0.5294117647058824, 'recall': 0.13043478260869565, 'f1-score': 0.20930232558139536, 'support': 69.0}, 'accuracy': 0.44715447154471544, 'macro avg': {'precision': 0.4816870144284129, 'recall': 0.49114331723027377, 'f1-score': 0.39215116279069767, 'support': 123.0}, 'weighted avg': {'precision': 0.4875071059256653, 'recall': 0.44715447154471544, 'f1-score': 0.3698525241066364, 'support': 123.0}}","[[46  8]
 [60  9]]"
223,100,0.05,50,-1,gbdt,1.0,0.5039338842975207,0.5,"{'0': {'precision': 0.44776119402985076, 'recall': 0.5555555555555556, 'f1-score': 0.49586776859504134, 'support': 54.0}, '1': {'precision': 0.5714285714285714, 'recall': 0.463768115942029, 'f1-score': 0.512, 'support': 69.0}, 'accuracy': 0.5040650406504065, 'macro avg': {'precision': 0.509594882729211, 'recall': 0.5096618357487923, 'f1-score': 0.5039338842975207, 'support': 123.0}, 'weighted avg': {'precision': 0.5171355764730354, 'recall': 0.5040650406504065, 'f1-score': 0.5049175569441645, 'support': 123.0}}","[[30 24]
 [37 32]]"
224,100,0.05,50,-1,gbdt,1.0,0.4042735042735043,0.7000000000000001,"{'0': {'precision': 0.43137254901960786, 'recall': 0.8148148148148148, 'f1-score': 0.5641025641025641, 'support': 54.0}, '1': {'precision': 0.5238095238095238, 'recall': 0.15942028985507245, 'f1-score': 0.24444444444444444, 'support': 69.0}, 'accuracy': 0.44715447154471544, 'macro avg': {'precision': 0.47759103641456585, 'recall': 0.4871175523349436, 'f1-score': 0.4042735042735043, 'support': 123.0}, 'weighted avg': {'precision': 0.48322743731639, 'recall': 0.44715447154471544, 'f1-score': 0.3847821555138628, 'support': 123.0}}","[[44 10]
 [58 11]]"
225,100,0.05,50,-1,dart,0.7,0.5198173757692053,0.5,"{'0': {'precision': 0.4657534246575342, 'recall': 0.6296296296296297, 'f1-score': 0.5354330708661418, 'support': 54.0}, '1': {'precision': 0.6, 'recall': 0.43478260869565216, 'f1-score': 0.5042016806722689, 'support': 69.0}, 'accuracy': 0.5203252032520326, 'macro avg': {'precision': 0.5328767123287671, 'recall': 0.5322061191626409, 'f1-score': 0.5198173757692053, 'support': 123.0}, 'weighted avg': {'precision': 0.5410624791179419, 'recall': 0.5203252032520326, 'f1-score': 0.5179130227086033, 'support': 123.0}}","[[34 20]
 [39 30]]"
226,100,0.05,50,-1,dart,0.7,0.47098524449149737,0.5,"{'0': {'precision': 0.4246575342465753, 'recall': 0.5740740740740741, 'f1-score': 0.4881889763779528, 'support': 54.0}, '1': {'precision': 0.54, 'recall': 0.391304347826087, 'f1-score': 0.453781512605042, 'support': 69.0}, 'accuracy': 0.4715447154471545, 'macro avg': {'precision': 0.48232876712328765, 'recall': 0.48268921095008055, 'f1-score': 0.47098524449149737, 'support': 123.0}, 'weighted avg': {'precision': 0.4893618443033746, 'recall': 0.4715447154471545, 'f1-score': 0.4688872284077833, 'support': 123.0}}","[[31 23]
 [42 27]]"
227,100,0.05,50,-1,dart,0.7,0.5203252032520326,0.5,"{'0': {'precision': 0.463768115942029, 'recall': 0.5925925925925926, 'f1-score': 0.5203252032520326, 'support': 54.0}, '1': {'precision': 0.5925925925925926, 'recall': 0.463768115942029, 'f1-score': 0.5203252032520326, 'support': 69.0}, 'accuracy': 0.5203252032520326, 'macro avg': {'precision': 0.5281803542673108, 'recall': 0.5281803542673108, 'f1-score': 0.5203252032520326, 'support': 123.0}, 'weighted avg': {'precision': 0.536035505282589, 'recall': 0.5203252032520326, 'f1-score': 0.5203252032520326, 'support': 123.0}}","[[32 22]
 [37 32]]"
228,100,0.05,50,-1,dart,0.8,0.5198173757692053,0.5,"{'0': {'precision': 0.4657534246575342, 'recall': 0.6296296296296297, 'f1-score': 0.5354330708661418, 'support': 54.0}, '1': {'precision': 0.6, 'recall': 0.43478260869565216, 'f1-score': 0.5042016806722689, 'support': 69.0}, 'accuracy': 0.5203252032520326, 'macro avg': {'precision': 0.5328767123287671, 'recall': 0.5322061191626409, 'f1-score': 0.5198173757692053, 'support': 123.0}, 'weighted avg': {'precision': 0.5410624791179419, 'recall': 0.5203252032520326, 'f1-score': 0.5179130227086033, 'support': 123.0}}","[[34 20]
 [39 30]]"
229,100,0.05,50,-1,dart,0.8,0.47098524449149737,0.5,"{'0': {'precision': 0.4246575342465753, 'recall': 0.5740740740740741, 'f1-score': 0.4881889763779528, 'support': 54.0}, '1': {'precision': 0.54, 'recall': 0.391304347826087, 'f1-score': 0.453781512605042, 'support': 69.0}, 'accuracy': 0.4715447154471545, 'macro avg': {'precision': 0.48232876712328765, 'recall': 0.48268921095008055, 'f1-score': 0.47098524449149737, 'support': 123.0}, 'weighted avg': {'precision': 0.4893618443033746, 'recall': 0.4715447154471545, 'f1-score': 0.4688872284077833, 'support': 123.0}}","[[31 23]
 [42 27]]"
230,100,0.05,50,-1,dart,0.8,0.5203252032520326,0.5,"{'0': {'precision': 0.463768115942029, 'recall': 0.5925925925925926, 'f1-score': 0.5203252032520326, 'support': 54.0}, '1': {'precision': 0.5925925925925926, 'recall': 0.463768115942029, 'f1-score': 0.5203252032520326, 'support': 69.0}, 'accuracy': 0.5203252032520326, 'macro avg': {'precision': 0.5281803542673108, 'recall': 0.5281803542673108, 'f1-score': 0.5203252032520326, 'support': 123.0}, 'weighted avg': {'precision': 0.536035505282589, 'recall': 0.5203252032520326, 'f1-score': 0.5203252032520326, 'support': 123.0}}","[[32 22]
 [37 32]]"
231,100,0.05,50,-1,dart,1.0,0.5198173757692053,0.5,"{'0': {'precision': 0.4657534246575342, 'recall': 0.6296296296296297, 'f1-score': 0.5354330708661418, 'support': 54.0}, '1': {'precision': 0.6, 'recall': 0.43478260869565216, 'f1-score': 0.5042016806722689, 'support': 69.0}, 'accuracy': 0.5203252032520326, 'macro avg': {'precision': 0.5328767123287671, 'recall': 0.5322061191626409, 'f1-score': 0.5198173757692053, 'support': 123.0}, 'weighted avg': {'precision': 0.5410624791179419, 'recall': 0.5203252032520326, 'f1-score': 0.5179130227086033, 'support': 123.0}}","[[34 20]
 [39 30]]"
232,100,0.05,50,-1,dart,1.0,0.47098524449149737,0.5,"{'0': {'precision': 0.4246575342465753, 'recall': 0.5740740740740741, 'f1-score': 0.4881889763779528, 'support': 54.0}, '1': {'precision': 0.54, 'recall': 0.391304347826087, 'f1-score': 0.453781512605042, 'support': 69.0}, 'accuracy': 0.4715447154471545, 'macro avg': {'precision': 0.48232876712328765, 'recall': 0.48268921095008055, 'f1-score': 0.47098524449149737, 'support': 123.0}, 'weighted avg': {'precision': 0.4893618443033746, 'recall': 0.4715447154471545, 'f1-score': 0.4688872284077833, 'support': 123.0}}","[[31 23]
 [42 27]]"
233,100,0.05,50,-1,dart,1.0,0.5203252032520326,0.5,"{'0': {'precision': 0.463768115942029, 'recall': 0.5925925925925926, 'f1-score': 0.5203252032520326, 'support': 54.0}, '1': {'precision': 0.5925925925925926, 'recall': 0.463768115942029, 'f1-score': 0.5203252032520326, 'support': 69.0}, 'accuracy': 0.5203252032520326, 'macro avg': {'precision': 0.5281803542673108, 'recall': 0.5281803542673108, 'f1-score': 0.5203252032520326, 'support': 123.0}, 'weighted avg': {'precision': 0.536035505282589, 'recall': 0.5203252032520326, 'f1-score': 0.5203252032520326, 'support': 123.0}}","[[32 22]
 [37 32]]"
234,100,0.05,50,5,gbdt,0.7,0.4932216905901116,0.5,"{'0': {'precision': 0.44871794871794873, 'recall': 0.6481481481481481, 'f1-score': 0.5303030303030303, 'support': 54.0}, '1': {'precision': 0.5777777777777777, 'recall': 0.37681159420289856, 'f1-score': 0.45614035087719296, 'support': 69.0}, 'accuracy': 0.4959349593495935, 'macro avg': {'precision': 0.5132478632478632, 'recall': 0.5124798711755234, 'f1-score': 0.4932216905901116, 'support': 123.0}, 'weighted avg': {'precision': 0.521117365019804, 'recall': 0.4959349593495935, 'f1-score': 0.4886995759909752, 'support': 123.0}}","[[35 19]
 [43 26]]"
235,100,0.05,50,5,gbdt,0.7,0.5182874211749088,0.5,"{'0': {'precision': 0.4675324675324675, 'recall': 0.6666666666666666, 'f1-score': 0.549618320610687, 'support': 54.0}, '1': {'precision': 0.6086956521739131, 'recall': 0.4057971014492754, 'f1-score': 0.48695652173913045, 'support': 69.0}, 'accuracy': 0.5203252032520326, 'macro avg': {'precision': 0.5381140598531903, 'recall': 0.536231884057971, 'f1-score': 0.5182874211749088, 'support': 123.0}, 'weighted avg': {'precision': 0.546721571111815, 'recall': 0.5203252032520326, 'f1-score': 0.5144665797803016, 'support': 123.0}}","[[36 18]
 [41 28]]"
236,100,0.05,50,5,gbdt,0.7,0.4808006535947712,0.4,"{'0': {'precision': 0.4166666666666667, 'recall': 0.37037037037037035, 'f1-score': 0.39215686274509803, 'support': 54.0}, '1': {'precision': 0.5466666666666666, 'recall': 0.5942028985507246, 'f1-score': 0.5694444444444444, 'support': 69.0}, 'accuracy': 0.4959349593495935, 'macro avg': {'precision': 0.4816666666666667, 'recall': 0.4822866344605475, 'f1-score': 0.4808006535947712, 'support': 123.0}, 'weighted avg': {'precision': 0.4895934959349593, 'recall': 0.4959349593495935, 'f1-score': 0.49161087199107284, 'support': 123.0}}","[[20 34]
 [28 41]]"
237,100,0.05,50,5,gbdt,0.8,0.4932216905901116,0.5,"{'0': {'precision': 0.44871794871794873, 'recall': 0.6481481481481481, 'f1-score': 0.5303030303030303, 'support': 54.0}, '1': {'precision': 0.5777777777777777, 'recall': 0.37681159420289856, 'f1-score': 0.45614035087719296, 'support': 69.0}, 'accuracy': 0.4959349593495935, 'macro avg': {'precision': 0.5132478632478632, 'recall': 0.5124798711755234, 'f1-score': 0.4932216905901116, 'support': 123.0}, 'weighted avg': {'precision': 0.521117365019804, 'recall': 0.4959349593495935, 'f1-score': 0.4886995759909752, 'support': 123.0}}","[[35 19]
 [43 26]]"
238,100,0.05,50,5,gbdt,0.8,0.5182874211749088,0.5,"{'0': {'precision': 0.4675324675324675, 'recall': 0.6666666666666666, 'f1-score': 0.549618320610687, 'support': 54.0}, '1': {'precision': 0.6086956521739131, 'recall': 0.4057971014492754, 'f1-score': 0.48695652173913045, 'support': 69.0}, 'accuracy': 0.5203252032520326, 'macro avg': {'precision': 0.5381140598531903, 'recall': 0.536231884057971, 'f1-score': 0.5182874211749088, 'support': 123.0}, 'weighted avg': {'precision': 0.546721571111815, 'recall': 0.5203252032520326, 'f1-score': 0.5144665797803016, 'support': 123.0}}","[[36 18]
 [41 28]]"
239,100,0.05,50,5,gbdt,0.8,0.4808006535947712,0.4,"{'0': {'precision': 0.4166666666666667, 'recall': 0.37037037037037035, 'f1-score': 0.39215686274509803, 'support': 54.0}, '1': {'precision': 0.5466666666666666, 'recall': 0.5942028985507246, 'f1-score': 0.5694444444444444, 'support': 69.0}, 'accuracy': 0.4959349593495935, 'macro avg': {'precision': 0.4816666666666667, 'recall': 0.4822866344605475, 'f1-score': 0.4808006535947712, 'support': 123.0}, 'weighted avg': {'precision': 0.4895934959349593, 'recall': 0.4959349593495935, 'f1-score': 0.49161087199107284, 'support': 123.0}}","[[20 34]
 [28 41]]"
240,100,0.05,50,5,gbdt,1.0,0.4932216905901116,0.5,"{'0': {'precision': 0.44871794871794873, 'recall': 0.6481481481481481, 'f1-score': 0.5303030303030303, 'support': 54.0}, '1': {'precision': 0.5777777777777777, 'recall': 0.37681159420289856, 'f1-score': 0.45614035087719296, 'support': 69.0}, 'accuracy': 0.4959349593495935, 'macro avg': {'precision': 0.5132478632478632, 'recall': 0.5124798711755234, 'f1-score': 0.4932216905901116, 'support': 123.0}, 'weighted avg': {'precision': 0.521117365019804, 'recall': 0.4959349593495935, 'f1-score': 0.4886995759909752, 'support': 123.0}}","[[35 19]
 [43 26]]"
241,100,0.05,50,5,gbdt,1.0,0.5182874211749088,0.5,"{'0': {'precision': 0.4675324675324675, 'recall': 0.6666666666666666, 'f1-score': 0.549618320610687, 'support': 54.0}, '1': {'precision': 0.6086956521739131, 'recall': 0.4057971014492754, 'f1-score': 0.48695652173913045, 'support': 69.0}, 'accuracy': 0.5203252032520326, 'macro avg': {'precision': 0.5381140598531903, 'recall': 0.536231884057971, 'f1-score': 0.5182874211749088, 'support': 123.0}, 'weighted avg': {'precision': 0.546721571111815, 'recall': 0.5203252032520326, 'f1-score': 0.5144665797803016, 'support': 123.0}}","[[36 18]
 [41 28]]"
242,100,0.05,50,5,gbdt,1.0,0.4808006535947712,0.4,"{'0': {'precision': 0.4166666666666667, 'recall': 0.37037037037037035, 'f1-score': 0.39215686274509803, 'support': 54.0}, '1': {'precision': 0.5466666666666666, 'recall': 0.5942028985507246, 'f1-score': 0.5694444444444444, 'support': 69.0}, 'accuracy': 0.4959349593495935, 'macro avg': {'precision': 0.4816666666666667, 'recall': 0.4822866344605475, 'f1-score': 0.4808006535947712, 'support': 123.0}, 'weighted avg': {'precision': 0.4895934959349593, 'recall': 0.4959349593495935, 'f1-score': 0.49161087199107284, 'support': 123.0}}","[[20 34]
 [28 41]]"
243,100,0.05,50,5,dart,0.7,0.4876694214876033,0.5,"{'0': {'precision': 0.43661971830985913, 'recall': 0.5740740740740741, 'f1-score': 0.496, 'support': 54.0}, '1': {'precision': 0.5576923076923077, 'recall': 0.42028985507246375, 'f1-score': 0.4793388429752066, 'support': 69.0}, 'accuracy': 0.4878048780487805, 'macro avg': {'precision': 0.4971560130010834, 'recall': 0.4971819645732689, 'f1-score': 0.4876694214876033, 'support': 123.0}, 'weighted avg': {'precision': 0.5045384879634278, 'recall': 0.4878048780487805, 'f1-score': 0.48665349727877444, 'support': 123.0}}","[[31 23]
 [40 29]]"
244,100,0.05,50,5,dart,0.7,0.4876694214876033,0.5,"{'0': {'precision': 0.43661971830985913, 'recall': 0.5740740740740741, 'f1-score': 0.496, 'support': 54.0}, '1': {'precision': 0.5576923076923077, 'recall': 0.42028985507246375, 'f1-score': 0.4793388429752066, 'support': 69.0}, 'accuracy': 0.4878048780487805, 'macro avg': {'precision': 0.4971560130010834, 'recall': 0.4971819645732689, 'f1-score': 0.4876694214876033, 'support': 123.0}, 'weighted avg': {'precision': 0.5045384879634278, 'recall': 0.4878048780487805, 'f1-score': 0.48665349727877444, 'support': 123.0}}","[[31 23]
 [40 29]]"
245,100,0.05,50,5,dart,0.7,0.46174477696216826,0.4,"{'0': {'precision': 0.39473684210526316, 'recall': 0.2777777777777778, 'f1-score': 0.32608695652173914, 'support': 54.0}, '1': {'precision': 0.5411764705882353, 'recall': 0.6666666666666666, 'f1-score': 0.5974025974025974, 'support': 69.0}, 'accuracy': 0.4959349593495935, 'macro avg': {'precision': 0.4679566563467492, 'recall': 0.4722222222222222, 'f1-score': 0.46174477696216826, 'support': 123.0}, 'weighted avg': {'precision': 0.4768859019859548, 'recall': 0.4959349593495935, 'f1-score': 0.478288413601245, 'support': 123.0}}","[[15 39]
 [23 46]]"
246,100,0.05,50,5,dart,0.8,0.4876694214876033,0.5,"{'0': {'precision': 0.43661971830985913, 'recall': 0.5740740740740741, 'f1-score': 0.496, 'support': 54.0}, '1': {'precision': 0.5576923076923077, 'recall': 0.42028985507246375, 'f1-score': 0.4793388429752066, 'support': 69.0}, 'accuracy': 0.4878048780487805, 'macro avg': {'precision': 0.4971560130010834, 'recall': 0.4971819645732689, 'f1-score': 0.4876694214876033, 'support': 123.0}, 'weighted avg': {'precision': 0.5045384879634278, 'recall': 0.4878048780487805, 'f1-score': 0.48665349727877444, 'support': 123.0}}","[[31 23]
 [40 29]]"
247,100,0.05,50,5,dart,0.8,0.4876694214876033,0.5,"{'0': {'precision': 0.43661971830985913, 'recall': 0.5740740740740741, 'f1-score': 0.496, 'support': 54.0}, '1': {'precision': 0.5576923076923077, 'recall': 0.42028985507246375, 'f1-score': 0.4793388429752066, 'support': 69.0}, 'accuracy': 0.4878048780487805, 'macro avg': {'precision': 0.4971560130010834, 'recall': 0.4971819645732689, 'f1-score': 0.4876694214876033, 'support': 123.0}, 'weighted avg': {'precision': 0.5045384879634278, 'recall': 0.4878048780487805, 'f1-score': 0.48665349727877444, 'support': 123.0}}","[[31 23]
 [40 29]]"
248,100,0.05,50,5,dart,0.8,0.46174477696216826,0.4,"{'0': {'precision': 0.39473684210526316, 'recall': 0.2777777777777778, 'f1-score': 0.32608695652173914, 'support': 54.0}, '1': {'precision': 0.5411764705882353, 'recall': 0.6666666666666666, 'f1-score': 0.5974025974025974, 'support': 69.0}, 'accuracy': 0.4959349593495935, 'macro avg': {'precision': 0.4679566563467492, 'recall': 0.4722222222222222, 'f1-score': 0.46174477696216826, 'support': 123.0}, 'weighted avg': {'precision': 0.4768859019859548, 'recall': 0.4959349593495935, 'f1-score': 0.478288413601245, 'support': 123.0}}","[[15 39]
 [23 46]]"
249,100,0.05,50,5,dart,1.0,0.4876694214876033,0.5,"{'0': {'precision': 0.43661971830985913, 'recall': 0.5740740740740741, 'f1-score': 0.496, 'support': 54.0}, '1': {'precision': 0.5576923076923077, 'recall': 0.42028985507246375, 'f1-score': 0.4793388429752066, 'support': 69.0}, 'accuracy': 0.4878048780487805, 'macro avg': {'precision': 0.4971560130010834, 'recall': 0.4971819645732689, 'f1-score': 0.4876694214876033, 'support': 123.0}, 'weighted avg': {'precision': 0.5045384879634278, 'recall': 0.4878048780487805, 'f1-score': 0.48665349727877444, 'support': 123.0}}","[[31 23]
 [40 29]]"
250,100,0.05,50,5,dart,1.0,0.4876694214876033,0.5,"{'0': {'precision': 0.43661971830985913, 'recall': 0.5740740740740741, 'f1-score': 0.496, 'support': 54.0}, '1': {'precision': 0.5576923076923077, 'recall': 0.42028985507246375, 'f1-score': 0.4793388429752066, 'support': 69.0}, 'accuracy': 0.4878048780487805, 'macro avg': {'precision': 0.4971560130010834, 'recall': 0.4971819645732689, 'f1-score': 0.4876694214876033, 'support': 123.0}, 'weighted avg': {'precision': 0.5045384879634278, 'recall': 0.4878048780487805, 'f1-score': 0.48665349727877444, 'support': 123.0}}","[[31 23]
 [40 29]]"
251,100,0.05,50,5,dart,1.0,0.46174477696216826,0.4,"{'0': {'precision': 0.39473684210526316, 'recall': 0.2777777777777778, 'f1-score': 0.32608695652173914, 'support': 54.0}, '1': {'precision': 0.5411764705882353, 'recall': 0.6666666666666666, 'f1-score': 0.5974025974025974, 'support': 69.0}, 'accuracy': 0.4959349593495935, 'macro avg': {'precision': 0.4679566563467492, 'recall': 0.4722222222222222, 'f1-score': 0.46174477696216826, 'support': 123.0}, 'weighted avg': {'precision': 0.4768859019859548, 'recall': 0.4959349593495935, 'f1-score': 0.478288413601245, 'support': 123.0}}","[[15 39]
 [23 46]]"
252,100,0.05,50,10,gbdt,0.7,0.4553140096618358,0.4,"{'0': {'precision': 0.3888888888888889, 'recall': 0.3888888888888889, 'f1-score': 0.3888888888888889, 'support': 54.0}, '1': {'precision': 0.5217391304347826, 'recall': 0.5217391304347826, 'f1-score': 0.5217391304347826, 'support': 69.0}, 'accuracy': 0.4634146341463415, 'macro avg': {'precision': 0.4553140096618358, 'recall': 0.4553140096618358, 'f1-score': 0.4553140096618358, 'support': 123.0}, 'weighted avg': {'precision': 0.4634146341463415, 'recall': 0.4634146341463415, 'f1-score': 0.4634146341463415, 'support': 123.0}}","[[21 33]
 [33 36]]"
253,100,0.05,50,10,gbdt,0.7,0.5039338842975207,0.5,"{'0': {'precision': 0.44776119402985076, 'recall': 0.5555555555555556, 'f1-score': 0.49586776859504134, 'support': 54.0}, '1': {'precision': 0.5714285714285714, 'recall': 0.463768115942029, 'f1-score': 0.512, 'support': 69.0}, 'accuracy': 0.5040650406504065, 'macro avg': {'precision': 0.509594882729211, 'recall': 0.5096618357487923, 'f1-score': 0.5039338842975207, 'support': 123.0}, 'weighted avg': {'precision': 0.5171355764730354, 'recall': 0.5040650406504065, 'f1-score': 0.5049175569441645, 'support': 123.0}}","[[30 24]
 [37 32]]"
254,100,0.05,50,10,gbdt,0.7,0.4042735042735043,0.7000000000000001,"{'0': {'precision': 0.43137254901960786, 'recall': 0.8148148148148148, 'f1-score': 0.5641025641025641, 'support': 54.0}, '1': {'precision': 0.5238095238095238, 'recall': 0.15942028985507245, 'f1-score': 0.24444444444444444, 'support': 69.0}, 'accuracy': 0.44715447154471544, 'macro avg': {'precision': 0.47759103641456585, 'recall': 0.4871175523349436, 'f1-score': 0.4042735042735043, 'support': 123.0}, 'weighted avg': {'precision': 0.48322743731639, 'recall': 0.44715447154471544, 'f1-score': 0.3847821555138628, 'support': 123.0}}","[[44 10]
 [58 11]]"
255,100,0.05,50,10,gbdt,0.8,0.4553140096618358,0.4,"{'0': {'precision': 0.3888888888888889, 'recall': 0.3888888888888889, 'f1-score': 0.3888888888888889, 'support': 54.0}, '1': {'precision': 0.5217391304347826, 'recall': 0.5217391304347826, 'f1-score': 0.5217391304347826, 'support': 69.0}, 'accuracy': 0.4634146341463415, 'macro avg': {'precision': 0.4553140096618358, 'recall': 0.4553140096618358, 'f1-score': 0.4553140096618358, 'support': 123.0}, 'weighted avg': {'precision': 0.4634146341463415, 'recall': 0.4634146341463415, 'f1-score': 0.4634146341463415, 'support': 123.0}}","[[21 33]
 [33 36]]"
256,100,0.05,50,10,gbdt,0.8,0.5039338842975207,0.5,"{'0': {'precision': 0.44776119402985076, 'recall': 0.5555555555555556, 'f1-score': 0.49586776859504134, 'support': 54.0}, '1': {'precision': 0.5714285714285714, 'recall': 0.463768115942029, 'f1-score': 0.512, 'support': 69.0}, 'accuracy': 0.5040650406504065, 'macro avg': {'precision': 0.509594882729211, 'recall': 0.5096618357487923, 'f1-score': 0.5039338842975207, 'support': 123.0}, 'weighted avg': {'precision': 0.5171355764730354, 'recall': 0.5040650406504065, 'f1-score': 0.5049175569441645, 'support': 123.0}}","[[30 24]
 [37 32]]"
257,100,0.05,50,10,gbdt,0.8,0.4042735042735043,0.7000000000000001,"{'0': {'precision': 0.43137254901960786, 'recall': 0.8148148148148148, 'f1-score': 0.5641025641025641, 'support': 54.0}, '1': {'precision': 0.5238095238095238, 'recall': 0.15942028985507245, 'f1-score': 0.24444444444444444, 'support': 69.0}, 'accuracy': 0.44715447154471544, 'macro avg': {'precision': 0.47759103641456585, 'recall': 0.4871175523349436, 'f1-score': 0.4042735042735043, 'support': 123.0}, 'weighted avg': {'precision': 0.48322743731639, 'recall': 0.44715447154471544, 'f1-score': 0.3847821555138628, 'support': 123.0}}","[[44 10]
 [58 11]]"
258,100,0.05,50,10,gbdt,1.0,0.4553140096618358,0.4,"{'0': {'precision': 0.3888888888888889, 'recall': 0.3888888888888889, 'f1-score': 0.3888888888888889, 'support': 54.0}, '1': {'precision': 0.5217391304347826, 'recall': 0.5217391304347826, 'f1-score': 0.5217391304347826, 'support': 69.0}, 'accuracy': 0.4634146341463415, 'macro avg': {'precision': 0.4553140096618358, 'recall': 0.4553140096618358, 'f1-score': 0.4553140096618358, 'support': 123.0}, 'weighted avg': {'precision': 0.4634146341463415, 'recall': 0.4634146341463415, 'f1-score': 0.4634146341463415, 'support': 123.0}}","[[21 33]
 [33 36]]"
259,100,0.05,50,10,gbdt,1.0,0.5039338842975207,0.5,"{'0': {'precision': 0.44776119402985076, 'recall': 0.5555555555555556, 'f1-score': 0.49586776859504134, 'support': 54.0}, '1': {'precision': 0.5714285714285714, 'recall': 0.463768115942029, 'f1-score': 0.512, 'support': 69.0}, 'accuracy': 0.5040650406504065, 'macro avg': {'precision': 0.509594882729211, 'recall': 0.5096618357487923, 'f1-score': 0.5039338842975207, 'support': 123.0}, 'weighted avg': {'precision': 0.5171355764730354, 'recall': 0.5040650406504065, 'f1-score': 0.5049175569441645, 'support': 123.0}}","[[30 24]
 [37 32]]"
260,100,0.05,50,10,gbdt,1.0,0.4042735042735043,0.7000000000000001,"{'0': {'precision': 0.43137254901960786, 'recall': 0.8148148148148148, 'f1-score': 0.5641025641025641, 'support': 54.0}, '1': {'precision': 0.5238095238095238, 'recall': 0.15942028985507245, 'f1-score': 0.24444444444444444, 'support': 69.0}, 'accuracy': 0.44715447154471544, 'macro avg': {'precision': 0.47759103641456585, 'recall': 0.4871175523349436, 'f1-score': 0.4042735042735043, 'support': 123.0}, 'weighted avg': {'precision': 0.48322743731639, 'recall': 0.44715447154471544, 'f1-score': 0.3847821555138628, 'support': 123.0}}","[[44 10]
 [58 11]]"
261,100,0.05,50,10,dart,0.7,0.5198173757692053,0.5,"{'0': {'precision': 0.4657534246575342, 'recall': 0.6296296296296297, 'f1-score': 0.5354330708661418, 'support': 54.0}, '1': {'precision': 0.6, 'recall': 0.43478260869565216, 'f1-score': 0.5042016806722689, 'support': 69.0}, 'accuracy': 0.5203252032520326, 'macro avg': {'precision': 0.5328767123287671, 'recall': 0.5322061191626409, 'f1-score': 0.5198173757692053, 'support': 123.0}, 'weighted avg': {'precision': 0.5410624791179419, 'recall': 0.5203252032520326, 'f1-score': 0.5179130227086033, 'support': 123.0}}","[[34 20]
 [39 30]]"
262,100,0.05,50,10,dart,0.7,0.47098524449149737,0.5,"{'0': {'precision': 0.4246575342465753, 'recall': 0.5740740740740741, 'f1-score': 0.4881889763779528, 'support': 54.0}, '1': {'precision': 0.54, 'recall': 0.391304347826087, 'f1-score': 0.453781512605042, 'support': 69.0}, 'accuracy': 0.4715447154471545, 'macro avg': {'precision': 0.48232876712328765, 'recall': 0.48268921095008055, 'f1-score': 0.47098524449149737, 'support': 123.0}, 'weighted avg': {'precision': 0.4893618443033746, 'recall': 0.4715447154471545, 'f1-score': 0.4688872284077833, 'support': 123.0}}","[[31 23]
 [42 27]]"
263,100,0.05,50,10,dart,0.7,0.5203252032520326,0.5,"{'0': {'precision': 0.463768115942029, 'recall': 0.5925925925925926, 'f1-score': 0.5203252032520326, 'support': 54.0}, '1': {'precision': 0.5925925925925926, 'recall': 0.463768115942029, 'f1-score': 0.5203252032520326, 'support': 69.0}, 'accuracy': 0.5203252032520326, 'macro avg': {'precision': 0.5281803542673108, 'recall': 0.5281803542673108, 'f1-score': 0.5203252032520326, 'support': 123.0}, 'weighted avg': {'precision': 0.536035505282589, 'recall': 0.5203252032520326, 'f1-score': 0.5203252032520326, 'support': 123.0}}","[[32 22]
 [37 32]]"
264,100,0.05,50,10,dart,0.8,0.5198173757692053,0.5,"{'0': {'precision': 0.4657534246575342, 'recall': 0.6296296296296297, 'f1-score': 0.5354330708661418, 'support': 54.0}, '1': {'precision': 0.6, 'recall': 0.43478260869565216, 'f1-score': 0.5042016806722689, 'support': 69.0}, 'accuracy': 0.5203252032520326, 'macro avg': {'precision': 0.5328767123287671, 'recall': 0.5322061191626409, 'f1-score': 0.5198173757692053, 'support': 123.0}, 'weighted avg': {'precision': 0.5410624791179419, 'recall': 0.5203252032520326, 'f1-score': 0.5179130227086033, 'support': 123.0}}","[[34 20]
 [39 30]]"
265,100,0.05,50,10,dart,0.8,0.47098524449149737,0.5,"{'0': {'precision': 0.4246575342465753, 'recall': 0.5740740740740741, 'f1-score': 0.4881889763779528, 'support': 54.0}, '1': {'precision': 0.54, 'recall': 0.391304347826087, 'f1-score': 0.453781512605042, 'support': 69.0}, 'accuracy': 0.4715447154471545, 'macro avg': {'precision': 0.48232876712328765, 'recall': 0.48268921095008055, 'f1-score': 0.47098524449149737, 'support': 123.0}, 'weighted avg': {'precision': 0.4893618443033746, 'recall': 0.4715447154471545, 'f1-score': 0.4688872284077833, 'support': 123.0}}","[[31 23]
 [42 27]]"
266,100,0.05,50,10,dart,0.8,0.5203252032520326,0.5,"{'0': {'precision': 0.463768115942029, 'recall': 0.5925925925925926, 'f1-score': 0.5203252032520326, 'support': 54.0}, '1': {'precision': 0.5925925925925926, 'recall': 0.463768115942029, 'f1-score': 0.5203252032520326, 'support': 69.0}, 'accuracy': 0.5203252032520326, 'macro avg': {'precision': 0.5281803542673108, 'recall': 0.5281803542673108, 'f1-score': 0.5203252032520326, 'support': 123.0}, 'weighted avg': {'precision': 0.536035505282589, 'recall': 0.5203252032520326, 'f1-score': 0.5203252032520326, 'support': 123.0}}","[[32 22]
 [37 32]]"
267,100,0.05,50,10,dart,1.0,0.5198173757692053,0.5,"{'0': {'precision': 0.4657534246575342, 'recall': 0.6296296296296297, 'f1-score': 0.5354330708661418, 'support': 54.0}, '1': {'precision': 0.6, 'recall': 0.43478260869565216, 'f1-score': 0.5042016806722689, 'support': 69.0}, 'accuracy': 0.5203252032520326, 'macro avg': {'precision': 0.5328767123287671, 'recall': 0.5322061191626409, 'f1-score': 0.5198173757692053, 'support': 123.0}, 'weighted avg': {'precision': 0.5410624791179419, 'recall': 0.5203252032520326, 'f1-score': 0.5179130227086033, 'support': 123.0}}","[[34 20]
 [39 30]]"
268,100,0.05,50,10,dart,1.0,0.47098524449149737,0.5,"{'0': {'precision': 0.4246575342465753, 'recall': 0.5740740740740741, 'f1-score': 0.4881889763779528, 'support': 54.0}, '1': {'precision': 0.54, 'recall': 0.391304347826087, 'f1-score': 0.453781512605042, 'support': 69.0}, 'accuracy': 0.4715447154471545, 'macro avg': {'precision': 0.48232876712328765, 'recall': 0.48268921095008055, 'f1-score': 0.47098524449149737, 'support': 123.0}, 'weighted avg': {'precision': 0.4893618443033746, 'recall': 0.4715447154471545, 'f1-score': 0.4688872284077833, 'support': 123.0}}","[[31 23]
 [42 27]]"
269,100,0.05,50,10,dart,1.0,0.5203252032520326,0.5,"{'0': {'precision': 0.463768115942029, 'recall': 0.5925925925925926, 'f1-score': 0.5203252032520326, 'support': 54.0}, '1': {'precision': 0.5925925925925926, 'recall': 0.463768115942029, 'f1-score': 0.5203252032520326, 'support': 69.0}, 'accuracy': 0.5203252032520326, 'macro avg': {'precision': 0.5281803542673108, 'recall': 0.5281803542673108, 'f1-score': 0.5203252032520326, 'support': 123.0}, 'weighted avg': {'precision': 0.536035505282589, 'recall': 0.5203252032520326, 'f1-score': 0.5203252032520326, 'support': 123.0}}","[[32 22]
 [37 32]]"
270,100,0.05,70,-1,gbdt,0.7,0.39215116279069767,0.7000000000000001,"{'0': {'precision': 0.4339622641509434, 'recall': 0.8518518518518519, 'f1-score': 0.575, 'support': 54.0}, '1': {'precision': 0.5294117647058824, 'recall': 0.13043478260869565, 'f1-score': 0.20930232558139536, 'support': 69.0}, 'accuracy': 0.44715447154471544, 'macro avg': {'precision': 0.4816870144284129, 'recall': 0.49114331723027377, 'f1-score': 0.39215116279069767, 'support': 123.0}, 'weighted avg': {'precision': 0.4875071059256653, 'recall': 0.44715447154471544, 'f1-score': 0.3698525241066364, 'support': 123.0}}","[[46  8]
 [60  9]]"
271,100,0.05,70,-1,gbdt,0.7,0.5039338842975207,0.5,"{'0': {'precision': 0.44776119402985076, 'recall': 0.5555555555555556, 'f1-score': 0.49586776859504134, 'support': 54.0}, '1': {'precision': 0.5714285714285714, 'recall': 0.463768115942029, 'f1-score': 0.512, 'support': 69.0}, 'accuracy': 0.5040650406504065, 'macro avg': {'precision': 0.509594882729211, 'recall': 0.5096618357487923, 'f1-score': 0.5039338842975207, 'support': 123.0}, 'weighted avg': {'precision': 0.5171355764730354, 'recall': 0.5040650406504065, 'f1-score': 0.5049175569441645, 'support': 123.0}}","[[30 24]
 [37 32]]"
272,100,0.05,70,-1,gbdt,0.7,0.4042735042735043,0.7000000000000001,"{'0': {'precision': 0.43137254901960786, 'recall': 0.8148148148148148, 'f1-score': 0.5641025641025641, 'support': 54.0}, '1': {'precision': 0.5238095238095238, 'recall': 0.15942028985507245, 'f1-score': 0.24444444444444444, 'support': 69.0}, 'accuracy': 0.44715447154471544, 'macro avg': {'precision': 0.47759103641456585, 'recall': 0.4871175523349436, 'f1-score': 0.4042735042735043, 'support': 123.0}, 'weighted avg': {'precision': 0.48322743731639, 'recall': 0.44715447154471544, 'f1-score': 0.3847821555138628, 'support': 123.0}}","[[44 10]
 [58 11]]"
273,100,0.05,70,-1,gbdt,0.8,0.39215116279069767,0.7000000000000001,"{'0': {'precision': 0.4339622641509434, 'recall': 0.8518518518518519, 'f1-score': 0.575, 'support': 54.0}, '1': {'precision': 0.5294117647058824, 'recall': 0.13043478260869565, 'f1-score': 0.20930232558139536, 'support': 69.0}, 'accuracy': 0.44715447154471544, 'macro avg': {'precision': 0.4816870144284129, 'recall': 0.49114331723027377, 'f1-score': 0.39215116279069767, 'support': 123.0}, 'weighted avg': {'precision': 0.4875071059256653, 'recall': 0.44715447154471544, 'f1-score': 0.3698525241066364, 'support': 123.0}}","[[46  8]
 [60  9]]"
274,100,0.05,70,-1,gbdt,0.8,0.5039338842975207,0.5,"{'0': {'precision': 0.44776119402985076, 'recall': 0.5555555555555556, 'f1-score': 0.49586776859504134, 'support': 54.0}, '1': {'precision': 0.5714285714285714, 'recall': 0.463768115942029, 'f1-score': 0.512, 'support': 69.0}, 'accuracy': 0.5040650406504065, 'macro avg': {'precision': 0.509594882729211, 'recall': 0.5096618357487923, 'f1-score': 0.5039338842975207, 'support': 123.0}, 'weighted avg': {'precision': 0.5171355764730354, 'recall': 0.5040650406504065, 'f1-score': 0.5049175569441645, 'support': 123.0}}","[[30 24]
 [37 32]]"
275,100,0.05,70,-1,gbdt,0.8,0.4042735042735043,0.7000000000000001,"{'0': {'precision': 0.43137254901960786, 'recall': 0.8148148148148148, 'f1-score': 0.5641025641025641, 'support': 54.0}, '1': {'precision': 0.5238095238095238, 'recall': 0.15942028985507245, 'f1-score': 0.24444444444444444, 'support': 69.0}, 'accuracy': 0.44715447154471544, 'macro avg': {'precision': 0.47759103641456585, 'recall': 0.4871175523349436, 'f1-score': 0.4042735042735043, 'support': 123.0}, 'weighted avg': {'precision': 0.48322743731639, 'recall': 0.44715447154471544, 'f1-score': 0.3847821555138628, 'support': 123.0}}","[[44 10]
 [58 11]]"
276,100,0.05,70,-1,gbdt,1.0,0.39215116279069767,0.7000000000000001,"{'0': {'precision': 0.4339622641509434, 'recall': 0.8518518518518519, 'f1-score': 0.575, 'support': 54.0}, '1': {'precision': 0.5294117647058824, 'recall': 0.13043478260869565, 'f1-score': 0.20930232558139536, 'support': 69.0}, 'accuracy': 0.44715447154471544, 'macro avg': {'precision': 0.4816870144284129, 'recall': 0.49114331723027377, 'f1-score': 0.39215116279069767, 'support': 123.0}, 'weighted avg': {'precision': 0.4875071059256653, 'recall': 0.44715447154471544, 'f1-score': 0.3698525241066364, 'support': 123.0}}","[[46  8]
 [60  9]]"
277,100,0.05,70,-1,gbdt,1.0,0.5039338842975207,0.5,"{'0': {'precision': 0.44776119402985076, 'recall': 0.5555555555555556, 'f1-score': 0.49586776859504134, 'support': 54.0}, '1': {'precision': 0.5714285714285714, 'recall': 0.463768115942029, 'f1-score': 0.512, 'support': 69.0}, 'accuracy': 0.5040650406504065, 'macro avg': {'precision': 0.509594882729211, 'recall': 0.5096618357487923, 'f1-score': 0.5039338842975207, 'support': 123.0}, 'weighted avg': {'precision': 0.5171355764730354, 'recall': 0.5040650406504065, 'f1-score': 0.5049175569441645, 'support': 123.0}}","[[30 24]
 [37 32]]"
278,100,0.05,70,-1,gbdt,1.0,0.4042735042735043,0.7000000000000001,"{'0': {'precision': 0.43137254901960786, 'recall': 0.8148148148148148, 'f1-score': 0.5641025641025641, 'support': 54.0}, '1': {'precision': 0.5238095238095238, 'recall': 0.15942028985507245, 'f1-score': 0.24444444444444444, 'support': 69.0}, 'accuracy': 0.44715447154471544, 'macro avg': {'precision': 0.47759103641456585, 'recall': 0.4871175523349436, 'f1-score': 0.4042735042735043, 'support': 123.0}, 'weighted avg': {'precision': 0.48322743731639, 'recall': 0.44715447154471544, 'f1-score': 0.3847821555138628, 'support': 123.0}}","[[44 10]
 [58 11]]"
279,100,0.05,70,-1,dart,0.7,0.5198173757692053,0.5,"{'0': {'precision': 0.4657534246575342, 'recall': 0.6296296296296297, 'f1-score': 0.5354330708661418, 'support': 54.0}, '1': {'precision': 0.6, 'recall': 0.43478260869565216, 'f1-score': 0.5042016806722689, 'support': 69.0}, 'accuracy': 0.5203252032520326, 'macro avg': {'precision': 0.5328767123287671, 'recall': 0.5322061191626409, 'f1-score': 0.5198173757692053, 'support': 123.0}, 'weighted avg': {'precision': 0.5410624791179419, 'recall': 0.5203252032520326, 'f1-score': 0.5179130227086033, 'support': 123.0}}","[[34 20]
 [39 30]]"
280,100,0.05,70,-1,dart,0.7,0.47098524449149737,0.5,"{'0': {'precision': 0.4246575342465753, 'recall': 0.5740740740740741, 'f1-score': 0.4881889763779528, 'support': 54.0}, '1': {'precision': 0.54, 'recall': 0.391304347826087, 'f1-score': 0.453781512605042, 'support': 69.0}, 'accuracy': 0.4715447154471545, 'macro avg': {'precision': 0.48232876712328765, 'recall': 0.48268921095008055, 'f1-score': 0.47098524449149737, 'support': 123.0}, 'weighted avg': {'precision': 0.4893618443033746, 'recall': 0.4715447154471545, 'f1-score': 0.4688872284077833, 'support': 123.0}}","[[31 23]
 [42 27]]"
281,100,0.05,70,-1,dart,0.7,0.5203252032520326,0.5,"{'0': {'precision': 0.463768115942029, 'recall': 0.5925925925925926, 'f1-score': 0.5203252032520326, 'support': 54.0}, '1': {'precision': 0.5925925925925926, 'recall': 0.463768115942029, 'f1-score': 0.5203252032520326, 'support': 69.0}, 'accuracy': 0.5203252032520326, 'macro avg': {'precision': 0.5281803542673108, 'recall': 0.5281803542673108, 'f1-score': 0.5203252032520326, 'support': 123.0}, 'weighted avg': {'precision': 0.536035505282589, 'recall': 0.5203252032520326, 'f1-score': 0.5203252032520326, 'support': 123.0}}","[[32 22]
 [37 32]]"
282,100,0.05,70,-1,dart,0.8,0.5198173757692053,0.5,"{'0': {'precision': 0.4657534246575342, 'recall': 0.6296296296296297, 'f1-score': 0.5354330708661418, 'support': 54.0}, '1': {'precision': 0.6, 'recall': 0.43478260869565216, 'f1-score': 0.5042016806722689, 'support': 69.0}, 'accuracy': 0.5203252032520326, 'macro avg': {'precision': 0.5328767123287671, 'recall': 0.5322061191626409, 'f1-score': 0.5198173757692053, 'support': 123.0}, 'weighted avg': {'precision': 0.5410624791179419, 'recall': 0.5203252032520326, 'f1-score': 0.5179130227086033, 'support': 123.0}}","[[34 20]
 [39 30]]"
283,100,0.05,70,-1,dart,0.8,0.47098524449149737,0.5,"{'0': {'precision': 0.4246575342465753, 'recall': 0.5740740740740741, 'f1-score': 0.4881889763779528, 'support': 54.0}, '1': {'precision': 0.54, 'recall': 0.391304347826087, 'f1-score': 0.453781512605042, 'support': 69.0}, 'accuracy': 0.4715447154471545, 'macro avg': {'precision': 0.48232876712328765, 'recall': 0.48268921095008055, 'f1-score': 0.47098524449149737, 'support': 123.0}, 'weighted avg': {'precision': 0.4893618443033746, 'recall': 0.4715447154471545, 'f1-score': 0.4688872284077833, 'support': 123.0}}","[[31 23]
 [42 27]]"
284,100,0.05,70,-1,dart,0.8,0.5203252032520326,0.5,"{'0': {'precision': 0.463768115942029, 'recall': 0.5925925925925926, 'f1-score': 0.5203252032520326, 'support': 54.0}, '1': {'precision': 0.5925925925925926, 'recall': 0.463768115942029, 'f1-score': 0.5203252032520326, 'support': 69.0}, 'accuracy': 0.5203252032520326, 'macro avg': {'precision': 0.5281803542673108, 'recall': 0.5281803542673108, 'f1-score': 0.5203252032520326, 'support': 123.0}, 'weighted avg': {'precision': 0.536035505282589, 'recall': 0.5203252032520326, 'f1-score': 0.5203252032520326, 'support': 123.0}}","[[32 22]
 [37 32]]"
285,100,0.05,70,-1,dart,1.0,0.5198173757692053,0.5,"{'0': {'precision': 0.4657534246575342, 'recall': 0.6296296296296297, 'f1-score': 0.5354330708661418, 'support': 54.0}, '1': {'precision': 0.6, 'recall': 0.43478260869565216, 'f1-score': 0.5042016806722689, 'support': 69.0}, 'accuracy': 0.5203252032520326, 'macro avg': {'precision': 0.5328767123287671, 'recall': 0.5322061191626409, 'f1-score': 0.5198173757692053, 'support': 123.0}, 'weighted avg': {'precision': 0.5410624791179419, 'recall': 0.5203252032520326, 'f1-score': 0.5179130227086033, 'support': 123.0}}","[[34 20]
 [39 30]]"
286,100,0.05,70,-1,dart,1.0,0.47098524449149737,0.5,"{'0': {'precision': 0.4246575342465753, 'recall': 0.5740740740740741, 'f1-score': 0.4881889763779528, 'support': 54.0}, '1': {'precision': 0.54, 'recall': 0.391304347826087, 'f1-score': 0.453781512605042, 'support': 69.0}, 'accuracy': 0.4715447154471545, 'macro avg': {'precision': 0.48232876712328765, 'recall': 0.48268921095008055, 'f1-score': 0.47098524449149737, 'support': 123.0}, 'weighted avg': {'precision': 0.4893618443033746, 'recall': 0.4715447154471545, 'f1-score': 0.4688872284077833, 'support': 123.0}}","[[31 23]
 [42 27]]"
287,100,0.05,70,-1,dart,1.0,0.5203252032520326,0.5,"{'0': {'precision': 0.463768115942029, 'recall': 0.5925925925925926, 'f1-score': 0.5203252032520326, 'support': 54.0}, '1': {'precision': 0.5925925925925926, 'recall': 0.463768115942029, 'f1-score': 0.5203252032520326, 'support': 69.0}, 'accuracy': 0.5203252032520326, 'macro avg': {'precision': 0.5281803542673108, 'recall': 0.5281803542673108, 'f1-score': 0.5203252032520326, 'support': 123.0}, 'weighted avg': {'precision': 0.536035505282589, 'recall': 0.5203252032520326, 'f1-score': 0.5203252032520326, 'support': 123.0}}","[[32 22]
 [37 32]]"
288,100,0.05,70,5,gbdt,0.7,0.4932216905901116,0.5,"{'0': {'precision': 0.44871794871794873, 'recall': 0.6481481481481481, 'f1-score': 0.5303030303030303, 'support': 54.0}, '1': {'precision': 0.5777777777777777, 'recall': 0.37681159420289856, 'f1-score': 0.45614035087719296, 'support': 69.0}, 'accuracy': 0.4959349593495935, 'macro avg': {'precision': 0.5132478632478632, 'recall': 0.5124798711755234, 'f1-score': 0.4932216905901116, 'support': 123.0}, 'weighted avg': {'precision': 0.521117365019804, 'recall': 0.4959349593495935, 'f1-score': 0.4886995759909752, 'support': 123.0}}","[[35 19]
 [43 26]]"
289,100,0.05,70,5,gbdt,0.7,0.5182874211749088,0.5,"{'0': {'precision': 0.4675324675324675, 'recall': 0.6666666666666666, 'f1-score': 0.549618320610687, 'support': 54.0}, '1': {'precision': 0.6086956521739131, 'recall': 0.4057971014492754, 'f1-score': 0.48695652173913045, 'support': 69.0}, 'accuracy': 0.5203252032520326, 'macro avg': {'precision': 0.5381140598531903, 'recall': 0.536231884057971, 'f1-score': 0.5182874211749088, 'support': 123.0}, 'weighted avg': {'precision': 0.546721571111815, 'recall': 0.5203252032520326, 'f1-score': 0.5144665797803016, 'support': 123.0}}","[[36 18]
 [41 28]]"
290,100,0.05,70,5,gbdt,0.7,0.4808006535947712,0.4,"{'0': {'precision': 0.4166666666666667, 'recall': 0.37037037037037035, 'f1-score': 0.39215686274509803, 'support': 54.0}, '1': {'precision': 0.5466666666666666, 'recall': 0.5942028985507246, 'f1-score': 0.5694444444444444, 'support': 69.0}, 'accuracy': 0.4959349593495935, 'macro avg': {'precision': 0.4816666666666667, 'recall': 0.4822866344605475, 'f1-score': 0.4808006535947712, 'support': 123.0}, 'weighted avg': {'precision': 0.4895934959349593, 'recall': 0.4959349593495935, 'f1-score': 0.49161087199107284, 'support': 123.0}}","[[20 34]
 [28 41]]"
291,100,0.05,70,5,gbdt,0.8,0.4932216905901116,0.5,"{'0': {'precision': 0.44871794871794873, 'recall': 0.6481481481481481, 'f1-score': 0.5303030303030303, 'support': 54.0}, '1': {'precision': 0.5777777777777777, 'recall': 0.37681159420289856, 'f1-score': 0.45614035087719296, 'support': 69.0}, 'accuracy': 0.4959349593495935, 'macro avg': {'precision': 0.5132478632478632, 'recall': 0.5124798711755234, 'f1-score': 0.4932216905901116, 'support': 123.0}, 'weighted avg': {'precision': 0.521117365019804, 'recall': 0.4959349593495935, 'f1-score': 0.4886995759909752, 'support': 123.0}}","[[35 19]
 [43 26]]"
292,100,0.05,70,5,gbdt,0.8,0.5182874211749088,0.5,"{'0': {'precision': 0.4675324675324675, 'recall': 0.6666666666666666, 'f1-score': 0.549618320610687, 'support': 54.0}, '1': {'precision': 0.6086956521739131, 'recall': 0.4057971014492754, 'f1-score': 0.48695652173913045, 'support': 69.0}, 'accuracy': 0.5203252032520326, 'macro avg': {'precision': 0.5381140598531903, 'recall': 0.536231884057971, 'f1-score': 0.5182874211749088, 'support': 123.0}, 'weighted avg': {'precision': 0.546721571111815, 'recall': 0.5203252032520326, 'f1-score': 0.5144665797803016, 'support': 123.0}}","[[36 18]
 [41 28]]"
293,100,0.05,70,5,gbdt,0.8,0.4808006535947712,0.4,"{'0': {'precision': 0.4166666666666667, 'recall': 0.37037037037037035, 'f1-score': 0.39215686274509803, 'support': 54.0}, '1': {'precision': 0.5466666666666666, 'recall': 0.5942028985507246, 'f1-score': 0.5694444444444444, 'support': 69.0}, 'accuracy': 0.4959349593495935, 'macro avg': {'precision': 0.4816666666666667, 'recall': 0.4822866344605475, 'f1-score': 0.4808006535947712, 'support': 123.0}, 'weighted avg': {'precision': 0.4895934959349593, 'recall': 0.4959349593495935, 'f1-score': 0.49161087199107284, 'support': 123.0}}","[[20 34]
 [28 41]]"
294,100,0.05,70,5,gbdt,1.0,0.4932216905901116,0.5,"{'0': {'precision': 0.44871794871794873, 'recall': 0.6481481481481481, 'f1-score': 0.5303030303030303, 'support': 54.0}, '1': {'precision': 0.5777777777777777, 'recall': 0.37681159420289856, 'f1-score': 0.45614035087719296, 'support': 69.0}, 'accuracy': 0.4959349593495935, 'macro avg': {'precision': 0.5132478632478632, 'recall': 0.5124798711755234, 'f1-score': 0.4932216905901116, 'support': 123.0}, 'weighted avg': {'precision': 0.521117365019804, 'recall': 0.4959349593495935, 'f1-score': 0.4886995759909752, 'support': 123.0}}","[[35 19]
 [43 26]]"
295,100,0.05,70,5,gbdt,1.0,0.5182874211749088,0.5,"{'0': {'precision': 0.4675324675324675, 'recall': 0.6666666666666666, 'f1-score': 0.549618320610687, 'support': 54.0}, '1': {'precision': 0.6086956521739131, 'recall': 0.4057971014492754, 'f1-score': 0.48695652173913045, 'support': 69.0}, 'accuracy': 0.5203252032520326, 'macro avg': {'precision': 0.5381140598531903, 'recall': 0.536231884057971, 'f1-score': 0.5182874211749088, 'support': 123.0}, 'weighted avg': {'precision': 0.546721571111815, 'recall': 0.5203252032520326, 'f1-score': 0.5144665797803016, 'support': 123.0}}","[[36 18]
 [41 28]]"
296,100,0.05,70,5,gbdt,1.0,0.4808006535947712,0.4,"{'0': {'precision': 0.4166666666666667, 'recall': 0.37037037037037035, 'f1-score': 0.39215686274509803, 'support': 54.0}, '1': {'precision': 0.5466666666666666, 'recall': 0.5942028985507246, 'f1-score': 0.5694444444444444, 'support': 69.0}, 'accuracy': 0.4959349593495935, 'macro avg': {'precision': 0.4816666666666667, 'recall': 0.4822866344605475, 'f1-score': 0.4808006535947712, 'support': 123.0}, 'weighted avg': {'precision': 0.4895934959349593, 'recall': 0.4959349593495935, 'f1-score': 0.49161087199107284, 'support': 123.0}}","[[20 34]
 [28 41]]"
297,100,0.05,70,5,dart,0.7,0.4876694214876033,0.5,"{'0': {'precision': 0.43661971830985913, 'recall': 0.5740740740740741, 'f1-score': 0.496, 'support': 54.0}, '1': {'precision': 0.5576923076923077, 'recall': 0.42028985507246375, 'f1-score': 0.4793388429752066, 'support': 69.0}, 'accuracy': 0.4878048780487805, 'macro avg': {'precision': 0.4971560130010834, 'recall': 0.4971819645732689, 'f1-score': 0.4876694214876033, 'support': 123.0}, 'weighted avg': {'precision': 0.5045384879634278, 'recall': 0.4878048780487805, 'f1-score': 0.48665349727877444, 'support': 123.0}}","[[31 23]
 [40 29]]"
298,100,0.05,70,5,dart,0.7,0.4876694214876033,0.5,"{'0': {'precision': 0.43661971830985913, 'recall': 0.5740740740740741, 'f1-score': 0.496, 'support': 54.0}, '1': {'precision': 0.5576923076923077, 'recall': 0.42028985507246375, 'f1-score': 0.4793388429752066, 'support': 69.0}, 'accuracy': 0.4878048780487805, 'macro avg': {'precision': 0.4971560130010834, 'recall': 0.4971819645732689, 'f1-score': 0.4876694214876033, 'support': 123.0}, 'weighted avg': {'precision': 0.5045384879634278, 'recall': 0.4878048780487805, 'f1-score': 0.48665349727877444, 'support': 123.0}}","[[31 23]
 [40 29]]"
299,100,0.05,70,5,dart,0.7,0.46174477696216826,0.4,"{'0': {'precision': 0.39473684210526316, 'recall': 0.2777777777777778, 'f1-score': 0.32608695652173914, 'support': 54.0}, '1': {'precision': 0.5411764705882353, 'recall': 0.6666666666666666, 'f1-score': 0.5974025974025974, 'support': 69.0}, 'accuracy': 0.4959349593495935, 'macro avg': {'precision': 0.4679566563467492, 'recall': 0.4722222222222222, 'f1-score': 0.46174477696216826, 'support': 123.0}, 'weighted avg': {'precision': 0.4768859019859548, 'recall': 0.4959349593495935, 'f1-score': 0.478288413601245, 'support': 123.0}}","[[15 39]
 [23 46]]"
300,100,0.05,70,5,dart,0.8,0.4876694214876033,0.5,"{'0': {'precision': 0.43661971830985913, 'recall': 0.5740740740740741, 'f1-score': 0.496, 'support': 54.0}, '1': {'precision': 0.5576923076923077, 'recall': 0.42028985507246375, 'f1-score': 0.4793388429752066, 'support': 69.0}, 'accuracy': 0.4878048780487805, 'macro avg': {'precision': 0.4971560130010834, 'recall': 0.4971819645732689, 'f1-score': 0.4876694214876033, 'support': 123.0}, 'weighted avg': {'precision': 0.5045384879634278, 'recall': 0.4878048780487805, 'f1-score': 0.48665349727877444, 'support': 123.0}}","[[31 23]
 [40 29]]"
301,100,0.05,70,5,dart,0.8,0.4876694214876033,0.5,"{'0': {'precision': 0.43661971830985913, 'recall': 0.5740740740740741, 'f1-score': 0.496, 'support': 54.0}, '1': {'precision': 0.5576923076923077, 'recall': 0.42028985507246375, 'f1-score': 0.4793388429752066, 'support': 69.0}, 'accuracy': 0.4878048780487805, 'macro avg': {'precision': 0.4971560130010834, 'recall': 0.4971819645732689, 'f1-score': 0.4876694214876033, 'support': 123.0}, 'weighted avg': {'precision': 0.5045384879634278, 'recall': 0.4878048780487805, 'f1-score': 0.48665349727877444, 'support': 123.0}}","[[31 23]
 [40 29]]"
302,100,0.05,70,5,dart,0.8,0.46174477696216826,0.4,"{'0': {'precision': 0.39473684210526316, 'recall': 0.2777777777777778, 'f1-score': 0.32608695652173914, 'support': 54.0}, '1': {'precision': 0.5411764705882353, 'recall': 0.6666666666666666, 'f1-score': 0.5974025974025974, 'support': 69.0}, 'accuracy': 0.4959349593495935, 'macro avg': {'precision': 0.4679566563467492, 'recall': 0.4722222222222222, 'f1-score': 0.46174477696216826, 'support': 123.0}, 'weighted avg': {'precision': 0.4768859019859548, 'recall': 0.4959349593495935, 'f1-score': 0.478288413601245, 'support': 123.0}}","[[15 39]
 [23 46]]"
303,100,0.05,70,5,dart,1.0,0.4876694214876033,0.5,"{'0': {'precision': 0.43661971830985913, 'recall': 0.5740740740740741, 'f1-score': 0.496, 'support': 54.0}, '1': {'precision': 0.5576923076923077, 'recall': 0.42028985507246375, 'f1-score': 0.4793388429752066, 'support': 69.0}, 'accuracy': 0.4878048780487805, 'macro avg': {'precision': 0.4971560130010834, 'recall': 0.4971819645732689, 'f1-score': 0.4876694214876033, 'support': 123.0}, 'weighted avg': {'precision': 0.5045384879634278, 'recall': 0.4878048780487805, 'f1-score': 0.48665349727877444, 'support': 123.0}}","[[31 23]
 [40 29]]"
304,100,0.05,70,5,dart,1.0,0.4876694214876033,0.5,"{'0': {'precision': 0.43661971830985913, 'recall': 0.5740740740740741, 'f1-score': 0.496, 'support': 54.0}, '1': {'precision': 0.5576923076923077, 'recall': 0.42028985507246375, 'f1-score': 0.4793388429752066, 'support': 69.0}, 'accuracy': 0.4878048780487805, 'macro avg': {'precision': 0.4971560130010834, 'recall': 0.4971819645732689, 'f1-score': 0.4876694214876033, 'support': 123.0}, 'weighted avg': {'precision': 0.5045384879634278, 'recall': 0.4878048780487805, 'f1-score': 0.48665349727877444, 'support': 123.0}}","[[31 23]
 [40 29]]"
305,100,0.05,70,5,dart,1.0,0.46174477696216826,0.4,"{'0': {'precision': 0.39473684210526316, 'recall': 0.2777777777777778, 'f1-score': 0.32608695652173914, 'support': 54.0}, '1': {'precision': 0.5411764705882353, 'recall': 0.6666666666666666, 'f1-score': 0.5974025974025974, 'support': 69.0}, 'accuracy': 0.4959349593495935, 'macro avg': {'precision': 0.4679566563467492, 'recall': 0.4722222222222222, 'f1-score': 0.46174477696216826, 'support': 123.0}, 'weighted avg': {'precision': 0.4768859019859548, 'recall': 0.4959349593495935, 'f1-score': 0.478288413601245, 'support': 123.0}}","[[15 39]
 [23 46]]"
306,100,0.05,70,10,gbdt,0.7,0.4553140096618358,0.4,"{'0': {'precision': 0.3888888888888889, 'recall': 0.3888888888888889, 'f1-score': 0.3888888888888889, 'support': 54.0}, '1': {'precision': 0.5217391304347826, 'recall': 0.5217391304347826, 'f1-score': 0.5217391304347826, 'support': 69.0}, 'accuracy': 0.4634146341463415, 'macro avg': {'precision': 0.4553140096618358, 'recall': 0.4553140096618358, 'f1-score': 0.4553140096618358, 'support': 123.0}, 'weighted avg': {'precision': 0.4634146341463415, 'recall': 0.4634146341463415, 'f1-score': 0.4634146341463415, 'support': 123.0}}","[[21 33]
 [33 36]]"
307,100,0.05,70,10,gbdt,0.7,0.5039338842975207,0.5,"{'0': {'precision': 0.44776119402985076, 'recall': 0.5555555555555556, 'f1-score': 0.49586776859504134, 'support': 54.0}, '1': {'precision': 0.5714285714285714, 'recall': 0.463768115942029, 'f1-score': 0.512, 'support': 69.0}, 'accuracy': 0.5040650406504065, 'macro avg': {'precision': 0.509594882729211, 'recall': 0.5096618357487923, 'f1-score': 0.5039338842975207, 'support': 123.0}, 'weighted avg': {'precision': 0.5171355764730354, 'recall': 0.5040650406504065, 'f1-score': 0.5049175569441645, 'support': 123.0}}","[[30 24]
 [37 32]]"
308,100,0.05,70,10,gbdt,0.7,0.4042735042735043,0.7000000000000001,"{'0': {'precision': 0.43137254901960786, 'recall': 0.8148148148148148, 'f1-score': 0.5641025641025641, 'support': 54.0}, '1': {'precision': 0.5238095238095238, 'recall': 0.15942028985507245, 'f1-score': 0.24444444444444444, 'support': 69.0}, 'accuracy': 0.44715447154471544, 'macro avg': {'precision': 0.47759103641456585, 'recall': 0.4871175523349436, 'f1-score': 0.4042735042735043, 'support': 123.0}, 'weighted avg': {'precision': 0.48322743731639, 'recall': 0.44715447154471544, 'f1-score': 0.3847821555138628, 'support': 123.0}}","[[44 10]
 [58 11]]"
309,100,0.05,70,10,gbdt,0.8,0.4553140096618358,0.4,"{'0': {'precision': 0.3888888888888889, 'recall': 0.3888888888888889, 'f1-score': 0.3888888888888889, 'support': 54.0}, '1': {'precision': 0.5217391304347826, 'recall': 0.5217391304347826, 'f1-score': 0.5217391304347826, 'support': 69.0}, 'accuracy': 0.4634146341463415, 'macro avg': {'precision': 0.4553140096618358, 'recall': 0.4553140096618358, 'f1-score': 0.4553140096618358, 'support': 123.0}, 'weighted avg': {'precision': 0.4634146341463415, 'recall': 0.4634146341463415, 'f1-score': 0.4634146341463415, 'support': 123.0}}","[[21 33]
 [33 36]]"
310,100,0.05,70,10,gbdt,0.8,0.5039338842975207,0.5,"{'0': {'precision': 0.44776119402985076, 'recall': 0.5555555555555556, 'f1-score': 0.49586776859504134, 'support': 54.0}, '1': {'precision': 0.5714285714285714, 'recall': 0.463768115942029, 'f1-score': 0.512, 'support': 69.0}, 'accuracy': 0.5040650406504065, 'macro avg': {'precision': 0.509594882729211, 'recall': 0.5096618357487923, 'f1-score': 0.5039338842975207, 'support': 123.0}, 'weighted avg': {'precision': 0.5171355764730354, 'recall': 0.5040650406504065, 'f1-score': 0.5049175569441645, 'support': 123.0}}","[[30 24]
 [37 32]]"
311,100,0.05,70,10,gbdt,0.8,0.4042735042735043,0.7000000000000001,"{'0': {'precision': 0.43137254901960786, 'recall': 0.8148148148148148, 'f1-score': 0.5641025641025641, 'support': 54.0}, '1': {'precision': 0.5238095238095238, 'recall': 0.15942028985507245, 'f1-score': 0.24444444444444444, 'support': 69.0}, 'accuracy': 0.44715447154471544, 'macro avg': {'precision': 0.47759103641456585, 'recall': 0.4871175523349436, 'f1-score': 0.4042735042735043, 'support': 123.0}, 'weighted avg': {'precision': 0.48322743731639, 'recall': 0.44715447154471544, 'f1-score': 0.3847821555138628, 'support': 123.0}}","[[44 10]
 [58 11]]"
312,100,0.05,70,10,gbdt,1.0,0.4553140096618358,0.4,"{'0': {'precision': 0.3888888888888889, 'recall': 0.3888888888888889, 'f1-score': 0.3888888888888889, 'support': 54.0}, '1': {'precision': 0.5217391304347826, 'recall': 0.5217391304347826, 'f1-score': 0.5217391304347826, 'support': 69.0}, 'accuracy': 0.4634146341463415, 'macro avg': {'precision': 0.4553140096618358, 'recall': 0.4553140096618358, 'f1-score': 0.4553140096618358, 'support': 123.0}, 'weighted avg': {'precision': 0.4634146341463415, 'recall': 0.4634146341463415, 'f1-score': 0.4634146341463415, 'support': 123.0}}","[[21 33]
 [33 36]]"
313,100,0.05,70,10,gbdt,1.0,0.5039338842975207,0.5,"{'0': {'precision': 0.44776119402985076, 'recall': 0.5555555555555556, 'f1-score': 0.49586776859504134, 'support': 54.0}, '1': {'precision': 0.5714285714285714, 'recall': 0.463768115942029, 'f1-score': 0.512, 'support': 69.0}, 'accuracy': 0.5040650406504065, 'macro avg': {'precision': 0.509594882729211, 'recall': 0.5096618357487923, 'f1-score': 0.5039338842975207, 'support': 123.0}, 'weighted avg': {'precision': 0.5171355764730354, 'recall': 0.5040650406504065, 'f1-score': 0.5049175569441645, 'support': 123.0}}","[[30 24]
 [37 32]]"
314,100,0.05,70,10,gbdt,1.0,0.4042735042735043,0.7000000000000001,"{'0': {'precision': 0.43137254901960786, 'recall': 0.8148148148148148, 'f1-score': 0.5641025641025641, 'support': 54.0}, '1': {'precision': 0.5238095238095238, 'recall': 0.15942028985507245, 'f1-score': 0.24444444444444444, 'support': 69.0}, 'accuracy': 0.44715447154471544, 'macro avg': {'precision': 0.47759103641456585, 'recall': 0.4871175523349436, 'f1-score': 0.4042735042735043, 'support': 123.0}, 'weighted avg': {'precision': 0.48322743731639, 'recall': 0.44715447154471544, 'f1-score': 0.3847821555138628, 'support': 123.0}}","[[44 10]
 [58 11]]"
315,100,0.05,70,10,dart,0.7,0.5198173757692053,0.5,"{'0': {'precision': 0.4657534246575342, 'recall': 0.6296296296296297, 'f1-score': 0.5354330708661418, 'support': 54.0}, '1': {'precision': 0.6, 'recall': 0.43478260869565216, 'f1-score': 0.5042016806722689, 'support': 69.0}, 'accuracy': 0.5203252032520326, 'macro avg': {'precision': 0.5328767123287671, 'recall': 0.5322061191626409, 'f1-score': 0.5198173757692053, 'support': 123.0}, 'weighted avg': {'precision': 0.5410624791179419, 'recall': 0.5203252032520326, 'f1-score': 0.5179130227086033, 'support': 123.0}}","[[34 20]
 [39 30]]"
316,100,0.05,70,10,dart,0.7,0.47098524449149737,0.5,"{'0': {'precision': 0.4246575342465753, 'recall': 0.5740740740740741, 'f1-score': 0.4881889763779528, 'support': 54.0}, '1': {'precision': 0.54, 'recall': 0.391304347826087, 'f1-score': 0.453781512605042, 'support': 69.0}, 'accuracy': 0.4715447154471545, 'macro avg': {'precision': 0.48232876712328765, 'recall': 0.48268921095008055, 'f1-score': 0.47098524449149737, 'support': 123.0}, 'weighted avg': {'precision': 0.4893618443033746, 'recall': 0.4715447154471545, 'f1-score': 0.4688872284077833, 'support': 123.0}}","[[31 23]
 [42 27]]"
317,100,0.05,70,10,dart,0.7,0.5203252032520326,0.5,"{'0': {'precision': 0.463768115942029, 'recall': 0.5925925925925926, 'f1-score': 0.5203252032520326, 'support': 54.0}, '1': {'precision': 0.5925925925925926, 'recall': 0.463768115942029, 'f1-score': 0.5203252032520326, 'support': 69.0}, 'accuracy': 0.5203252032520326, 'macro avg': {'precision': 0.5281803542673108, 'recall': 0.5281803542673108, 'f1-score': 0.5203252032520326, 'support': 123.0}, 'weighted avg': {'precision': 0.536035505282589, 'recall': 0.5203252032520326, 'f1-score': 0.5203252032520326, 'support': 123.0}}","[[32 22]
 [37 32]]"
318,100,0.05,70,10,dart,0.8,0.5198173757692053,0.5,"{'0': {'precision': 0.4657534246575342, 'recall': 0.6296296296296297, 'f1-score': 0.5354330708661418, 'support': 54.0}, '1': {'precision': 0.6, 'recall': 0.43478260869565216, 'f1-score': 0.5042016806722689, 'support': 69.0}, 'accuracy': 0.5203252032520326, 'macro avg': {'precision': 0.5328767123287671, 'recall': 0.5322061191626409, 'f1-score': 0.5198173757692053, 'support': 123.0}, 'weighted avg': {'precision': 0.5410624791179419, 'recall': 0.5203252032520326, 'f1-score': 0.5179130227086033, 'support': 123.0}}","[[34 20]
 [39 30]]"
319,100,0.05,70,10,dart,0.8,0.47098524449149737,0.5,"{'0': {'precision': 0.4246575342465753, 'recall': 0.5740740740740741, 'f1-score': 0.4881889763779528, 'support': 54.0}, '1': {'precision': 0.54, 'recall': 0.391304347826087, 'f1-score': 0.453781512605042, 'support': 69.0}, 'accuracy': 0.4715447154471545, 'macro avg': {'precision': 0.48232876712328765, 'recall': 0.48268921095008055, 'f1-score': 0.47098524449149737, 'support': 123.0}, 'weighted avg': {'precision': 0.4893618443033746, 'recall': 0.4715447154471545, 'f1-score': 0.4688872284077833, 'support': 123.0}}","[[31 23]
 [42 27]]"
320,100,0.05,70,10,dart,0.8,0.5203252032520326,0.5,"{'0': {'precision': 0.463768115942029, 'recall': 0.5925925925925926, 'f1-score': 0.5203252032520326, 'support': 54.0}, '1': {'precision': 0.5925925925925926, 'recall': 0.463768115942029, 'f1-score': 0.5203252032520326, 'support': 69.0}, 'accuracy': 0.5203252032520326, 'macro avg': {'precision': 0.5281803542673108, 'recall': 0.5281803542673108, 'f1-score': 0.5203252032520326, 'support': 123.0}, 'weighted avg': {'precision': 0.536035505282589, 'recall': 0.5203252032520326, 'f1-score': 0.5203252032520326, 'support': 123.0}}","[[32 22]
 [37 32]]"
321,100,0.05,70,10,dart,1.0,0.5198173757692053,0.5,"{'0': {'precision': 0.4657534246575342, 'recall': 0.6296296296296297, 'f1-score': 0.5354330708661418, 'support': 54.0}, '1': {'precision': 0.6, 'recall': 0.43478260869565216, 'f1-score': 0.5042016806722689, 'support': 69.0}, 'accuracy': 0.5203252032520326, 'macro avg': {'precision': 0.5328767123287671, 'recall': 0.5322061191626409, 'f1-score': 0.5198173757692053, 'support': 123.0}, 'weighted avg': {'precision': 0.5410624791179419, 'recall': 0.5203252032520326, 'f1-score': 0.5179130227086033, 'support': 123.0}}","[[34 20]
 [39 30]]"
322,100,0.05,70,10,dart,1.0,0.47098524449149737,0.5,"{'0': {'precision': 0.4246575342465753, 'recall': 0.5740740740740741, 'f1-score': 0.4881889763779528, 'support': 54.0}, '1': {'precision': 0.54, 'recall': 0.391304347826087, 'f1-score': 0.453781512605042, 'support': 69.0}, 'accuracy': 0.4715447154471545, 'macro avg': {'precision': 0.48232876712328765, 'recall': 0.48268921095008055, 'f1-score': 0.47098524449149737, 'support': 123.0}, 'weighted avg': {'precision': 0.4893618443033746, 'recall': 0.4715447154471545, 'f1-score': 0.4688872284077833, 'support': 123.0}}","[[31 23]
 [42 27]]"
323,100,0.05,70,10,dart,1.0,0.5203252032520326,0.5,"{'0': {'precision': 0.463768115942029, 'recall': 0.5925925925925926, 'f1-score': 0.5203252032520326, 'support': 54.0}, '1': {'precision': 0.5925925925925926, 'recall': 0.463768115942029, 'f1-score': 0.5203252032520326, 'support': 69.0}, 'accuracy': 0.5203252032520326, 'macro avg': {'precision': 0.5281803542673108, 'recall': 0.5281803542673108, 'f1-score': 0.5203252032520326, 'support': 123.0}, 'weighted avg': {'precision': 0.536035505282589, 'recall': 0.5203252032520326, 'f1-score': 0.5203252032520326, 'support': 123.0}}","[[32 22]
 [37 32]]"
324,100,0.1,31,-1,gbdt,0.7,0.5246535181236673,0.4,"{'0': {'precision': 0.46551724137931033, 'recall': 0.5, 'f1-score': 0.48214285714285715, 'support': 54.0}, '1': {'precision': 0.5846153846153846, 'recall': 0.5507246376811594, 'f1-score': 0.5671641791044776, 'support': 69.0}, 'accuracy': 0.5284552845528455, 'macro avg': {'precision': 0.5250663129973475, 'recall': 0.5253623188405797, 'f1-score': 0.5246535181236673, 'support': 123.0}, 'weighted avg': {'precision': 0.5323283949019861, 'recall': 0.5284552845528455, 'f1-score': 0.5298377450725467, 'support': 123.0}}","[[27 27]
 [31 38]]"
325,100,0.1,31,-1,gbdt,0.7,0.49429708222811675,0.5,"{'0': {'precision': 0.43548387096774194, 'recall': 0.5, 'f1-score': 0.46551724137931033, 'support': 54.0}, '1': {'precision': 0.5573770491803278, 'recall': 0.4927536231884058, 'f1-score': 0.5230769230769231, 'support': 69.0}, 'accuracy': 0.4959349593495935, 'macro avg': {'precision': 0.4964304600740349, 'recall': 0.4963768115942029, 'f1-score': 0.49429708222811675, 'support': 123.0}, 'weighted avg': {'precision': 0.5038629709406559, 'recall': 0.4959349593495935, 'f1-score': 0.4978068189169955, 'support': 123.0}}","[[27 27]
 [35 34]]"
326,100,0.1,31,-1,gbdt,0.7,0.46646646646646645,0.6000000000000001,"{'0': {'precision': 0.43209876543209874, 'recall': 0.6481481481481481, 'f1-score': 0.5185185185185185, 'support': 54.0}, '1': {'precision': 0.5476190476190477, 'recall': 0.3333333333333333, 'f1-score': 0.4144144144144144, 'support': 69.0}, 'accuracy': 0.4715447154471545, 'macro avg': {'precision': 0.4898589065255732, 'recall': 0.4907407407407407, 'f1-score': 0.46646646646646645, 'support': 123.0}, 'weighted avg': {'precision': 0.49690282617111886, 'recall': 0.4715447154471545, 'f1-score': 0.46011865524060647, 'support': 123.0}}","[[35 19]
 [46 23]]"
327,100,0.1,31,-1,gbdt,0.8,0.5246535181236673,0.4,"{'0': {'precision': 0.46551724137931033, 'recall': 0.5, 'f1-score': 0.48214285714285715, 'support': 54.0}, '1': {'precision': 0.5846153846153846, 'recall': 0.5507246376811594, 'f1-score': 0.5671641791044776, 'support': 69.0}, 'accuracy': 0.5284552845528455, 'macro avg': {'precision': 0.5250663129973475, 'recall': 0.5253623188405797, 'f1-score': 0.5246535181236673, 'support': 123.0}, 'weighted avg': {'precision': 0.5323283949019861, 'recall': 0.5284552845528455, 'f1-score': 0.5298377450725467, 'support': 123.0}}","[[27 27]
 [31 38]]"
328,100,0.1,31,-1,gbdt,0.8,0.49429708222811675,0.5,"{'0': {'precision': 0.43548387096774194, 'recall': 0.5, 'f1-score': 0.46551724137931033, 'support': 54.0}, '1': {'precision': 0.5573770491803278, 'recall': 0.4927536231884058, 'f1-score': 0.5230769230769231, 'support': 69.0}, 'accuracy': 0.4959349593495935, 'macro avg': {'precision': 0.4964304600740349, 'recall': 0.4963768115942029, 'f1-score': 0.49429708222811675, 'support': 123.0}, 'weighted avg': {'precision': 0.5038629709406559, 'recall': 0.4959349593495935, 'f1-score': 0.4978068189169955, 'support': 123.0}}","[[27 27]
 [35 34]]"
329,100,0.1,31,-1,gbdt,0.8,0.46646646646646645,0.6000000000000001,"{'0': {'precision': 0.43209876543209874, 'recall': 0.6481481481481481, 'f1-score': 0.5185185185185185, 'support': 54.0}, '1': {'precision': 0.5476190476190477, 'recall': 0.3333333333333333, 'f1-score': 0.4144144144144144, 'support': 69.0}, 'accuracy': 0.4715447154471545, 'macro avg': {'precision': 0.4898589065255732, 'recall': 0.4907407407407407, 'f1-score': 0.46646646646646645, 'support': 123.0}, 'weighted avg': {'precision': 0.49690282617111886, 'recall': 0.4715447154471545, 'f1-score': 0.46011865524060647, 'support': 123.0}}","[[35 19]
 [46 23]]"
330,100,0.1,31,-1,gbdt,1.0,0.5246535181236673,0.4,"{'0': {'precision': 0.46551724137931033, 'recall': 0.5, 'f1-score': 0.48214285714285715, 'support': 54.0}, '1': {'precision': 0.5846153846153846, 'recall': 0.5507246376811594, 'f1-score': 0.5671641791044776, 'support': 69.0}, 'accuracy': 0.5284552845528455, 'macro avg': {'precision': 0.5250663129973475, 'recall': 0.5253623188405797, 'f1-score': 0.5246535181236673, 'support': 123.0}, 'weighted avg': {'precision': 0.5323283949019861, 'recall': 0.5284552845528455, 'f1-score': 0.5298377450725467, 'support': 123.0}}","[[27 27]
 [31 38]]"
331,100,0.1,31,-1,gbdt,1.0,0.49429708222811675,0.5,"{'0': {'precision': 0.43548387096774194, 'recall': 0.5, 'f1-score': 0.46551724137931033, 'support': 54.0}, '1': {'precision': 0.5573770491803278, 'recall': 0.4927536231884058, 'f1-score': 0.5230769230769231, 'support': 69.0}, 'accuracy': 0.4959349593495935, 'macro avg': {'precision': 0.4964304600740349, 'recall': 0.4963768115942029, 'f1-score': 0.49429708222811675, 'support': 123.0}, 'weighted avg': {'precision': 0.5038629709406559, 'recall': 0.4959349593495935, 'f1-score': 0.4978068189169955, 'support': 123.0}}","[[27 27]
 [35 34]]"
332,100,0.1,31,-1,gbdt,1.0,0.46646646646646645,0.6000000000000001,"{'0': {'precision': 0.43209876543209874, 'recall': 0.6481481481481481, 'f1-score': 0.5185185185185185, 'support': 54.0}, '1': {'precision': 0.5476190476190477, 'recall': 0.3333333333333333, 'f1-score': 0.4144144144144144, 'support': 69.0}, 'accuracy': 0.4715447154471545, 'macro avg': {'precision': 0.4898589065255732, 'recall': 0.4907407407407407, 'f1-score': 0.46646646646646645, 'support': 123.0}, 'weighted avg': {'precision': 0.49690282617111886, 'recall': 0.4715447154471545, 'f1-score': 0.46011865524060647, 'support': 123.0}}","[[35 19]
 [46 23]]"
333,100,0.1,31,-1,dart,0.7,0.484436198721913,0.4,"{'0': {'precision': 0.4222222222222222, 'recall': 0.35185185185185186, 'f1-score': 0.3838383838383838, 'support': 54.0}, '1': {'precision': 0.5512820512820513, 'recall': 0.6231884057971014, 'f1-score': 0.5850340136054422, 'support': 69.0}, 'accuracy': 0.5040650406504065, 'macro avg': {'precision': 0.4867521367521368, 'recall': 0.48752012882447665, 'f1-score': 0.484436198721913, 'support': 123.0}, 'weighted avg': {'precision': 0.4946216385240776, 'recall': 0.5040650406504065, 'f1-score': 0.49670422492722144, 'support': 123.0}}","[[19 35]
 [26 43]]"
334,100,0.1,31,-1,dart,0.7,0.4959016393442623,0.5,"{'0': {'precision': 0.44285714285714284, 'recall': 0.5740740740740741, 'f1-score': 0.5, 'support': 54.0}, '1': {'precision': 0.5660377358490566, 'recall': 0.43478260869565216, 'f1-score': 0.4918032786885246, 'support': 69.0}, 'accuracy': 0.4959349593495935, 'macro avg': {'precision': 0.5044474393530998, 'recall': 0.5044283413848631, 'f1-score': 0.4959016393442623, 'support': 123.0}, 'weighted avg': {'precision': 0.5119584511208993, 'recall': 0.4959349593495935, 'f1-score': 0.49540183926429426, 'support': 123.0}}","[[31 23]
 [39 30]]"
335,100,0.1,31,-1,dart,0.7,0.4872626215840667,0.5,"{'0': {'precision': 0.4383561643835616, 'recall': 0.5925925925925926, 'f1-score': 0.5039370078740157, 'support': 54.0}, '1': {'precision': 0.56, 'recall': 0.4057971014492754, 'f1-score': 0.47058823529411764, 'support': 69.0}, 'accuracy': 0.4878048780487805, 'macro avg': {'precision': 0.49917808219178084, 'recall': 0.499194847020934, 'f1-score': 0.4872626215840667, 'support': 123.0}, 'weighted avg': {'precision': 0.5065953892415637, 'recall': 0.4878048780487805, 'f1-score': 0.48522915984139, 'support': 123.0}}","[[32 22]
 [41 28]]"
336,100,0.1,31,-1,dart,0.8,0.484436198721913,0.4,"{'0': {'precision': 0.4222222222222222, 'recall': 0.35185185185185186, 'f1-score': 0.3838383838383838, 'support': 54.0}, '1': {'precision': 0.5512820512820513, 'recall': 0.6231884057971014, 'f1-score': 0.5850340136054422, 'support': 69.0}, 'accuracy': 0.5040650406504065, 'macro avg': {'precision': 0.4867521367521368, 'recall': 0.48752012882447665, 'f1-score': 0.484436198721913, 'support': 123.0}, 'weighted avg': {'precision': 0.4946216385240776, 'recall': 0.5040650406504065, 'f1-score': 0.49670422492722144, 'support': 123.0}}","[[19 35]
 [26 43]]"
337,100,0.1,31,-1,dart,0.8,0.4959016393442623,0.5,"{'0': {'precision': 0.44285714285714284, 'recall': 0.5740740740740741, 'f1-score': 0.5, 'support': 54.0}, '1': {'precision': 0.5660377358490566, 'recall': 0.43478260869565216, 'f1-score': 0.4918032786885246, 'support': 69.0}, 'accuracy': 0.4959349593495935, 'macro avg': {'precision': 0.5044474393530998, 'recall': 0.5044283413848631, 'f1-score': 0.4959016393442623, 'support': 123.0}, 'weighted avg': {'precision': 0.5119584511208993, 'recall': 0.4959349593495935, 'f1-score': 0.49540183926429426, 'support': 123.0}}","[[31 23]
 [39 30]]"
338,100,0.1,31,-1,dart,0.8,0.4872626215840667,0.5,"{'0': {'precision': 0.4383561643835616, 'recall': 0.5925925925925926, 'f1-score': 0.5039370078740157, 'support': 54.0}, '1': {'precision': 0.56, 'recall': 0.4057971014492754, 'f1-score': 0.47058823529411764, 'support': 69.0}, 'accuracy': 0.4878048780487805, 'macro avg': {'precision': 0.49917808219178084, 'recall': 0.499194847020934, 'f1-score': 0.4872626215840667, 'support': 123.0}, 'weighted avg': {'precision': 0.5065953892415637, 'recall': 0.4878048780487805, 'f1-score': 0.48522915984139, 'support': 123.0}}","[[32 22]
 [41 28]]"
339,100,0.1,31,-1,dart,1.0,0.484436198721913,0.4,"{'0': {'precision': 0.4222222222222222, 'recall': 0.35185185185185186, 'f1-score': 0.3838383838383838, 'support': 54.0}, '1': {'precision': 0.5512820512820513, 'recall': 0.6231884057971014, 'f1-score': 0.5850340136054422, 'support': 69.0}, 'accuracy': 0.5040650406504065, 'macro avg': {'precision': 0.4867521367521368, 'recall': 0.48752012882447665, 'f1-score': 0.484436198721913, 'support': 123.0}, 'weighted avg': {'precision': 0.4946216385240776, 'recall': 0.5040650406504065, 'f1-score': 0.49670422492722144, 'support': 123.0}}","[[19 35]
 [26 43]]"
340,100,0.1,31,-1,dart,1.0,0.4959016393442623,0.5,"{'0': {'precision': 0.44285714285714284, 'recall': 0.5740740740740741, 'f1-score': 0.5, 'support': 54.0}, '1': {'precision': 0.5660377358490566, 'recall': 0.43478260869565216, 'f1-score': 0.4918032786885246, 'support': 69.0}, 'accuracy': 0.4959349593495935, 'macro avg': {'precision': 0.5044474393530998, 'recall': 0.5044283413848631, 'f1-score': 0.4959016393442623, 'support': 123.0}, 'weighted avg': {'precision': 0.5119584511208993, 'recall': 0.4959349593495935, 'f1-score': 0.49540183926429426, 'support': 123.0}}","[[31 23]
 [39 30]]"
341,100,0.1,31,-1,dart,1.0,0.4872626215840667,0.5,"{'0': {'precision': 0.4383561643835616, 'recall': 0.5925925925925926, 'f1-score': 0.5039370078740157, 'support': 54.0}, '1': {'precision': 0.56, 'recall': 0.4057971014492754, 'f1-score': 0.47058823529411764, 'support': 69.0}, 'accuracy': 0.4878048780487805, 'macro avg': {'precision': 0.49917808219178084, 'recall': 0.499194847020934, 'f1-score': 0.4872626215840667, 'support': 123.0}, 'weighted avg': {'precision': 0.5065953892415637, 'recall': 0.4878048780487805, 'f1-score': 0.48522915984139, 'support': 123.0}}","[[32 22]
 [41 28]]"
342,100,0.1,31,5,gbdt,0.7,0.42551411641687,0.7000000000000001,"{'0': {'precision': 0.4329896907216495, 'recall': 0.7777777777777778, 'f1-score': 0.5562913907284768, 'support': 54.0}, '1': {'precision': 0.5384615384615384, 'recall': 0.2028985507246377, 'f1-score': 0.29473684210526313, 'support': 69.0}, 'accuracy': 0.45528455284552843, 'macro avg': {'precision': 0.48572561459159397, 'recall': 0.49033816425120774, 'f1-score': 0.42551411641687, 'support': 123.0}, 'weighted avg': {'precision': 0.492156824819636, 'recall': 0.45528455284552843, 'f1-score': 0.4095656683300887, 'support': 123.0}}","[[42 12]
 [55 14]]"
343,100,0.1,31,5,gbdt,0.7,0.4992992992992993,0.4,"{'0': {'precision': 0.43859649122807015, 'recall': 0.46296296296296297, 'f1-score': 0.45045045045045046, 'support': 54.0}, '1': {'precision': 0.5606060606060606, 'recall': 0.5362318840579711, 'f1-score': 0.5481481481481482, 'support': 69.0}, 'accuracy': 0.5040650406504065, 'macro avg': {'precision': 0.4996012759170654, 'recall': 0.499597423510467, 'f1-score': 0.4992992992992993, 'support': 123.0}, 'weighted avg': {'precision': 0.5070408838059672, 'recall': 0.5040650406504065, 'f1-score': 0.5052564759881834, 'support': 123.0}}","[[25 29]
 [32 37]]"
344,100,0.1,31,5,gbdt,0.7,0.46337916446324695,0.5,"{'0': {'precision': 0.4142857142857143, 'recall': 0.5370370370370371, 'f1-score': 0.46774193548387094, 'support': 54.0}, '1': {'precision': 0.5283018867924528, 'recall': 0.4057971014492754, 'f1-score': 0.45901639344262296, 'support': 69.0}, 'accuracy': 0.4634146341463415, 'macro avg': {'precision': 0.47129380053908354, 'recall': 0.47141706924315624, 'f1-score': 0.46337916446324695, 'support': 123.0}, 'weighted avg': {'precision': 0.47824600617973834, 'recall': 0.4634146341463415, 'f1-score': 0.4628471192168294, 'support': 123.0}}","[[29 25]
 [41 28]]"
345,100,0.1,31,5,gbdt,0.8,0.42551411641687,0.7000000000000001,"{'0': {'precision': 0.4329896907216495, 'recall': 0.7777777777777778, 'f1-score': 0.5562913907284768, 'support': 54.0}, '1': {'precision': 0.5384615384615384, 'recall': 0.2028985507246377, 'f1-score': 0.29473684210526313, 'support': 69.0}, 'accuracy': 0.45528455284552843, 'macro avg': {'precision': 0.48572561459159397, 'recall': 0.49033816425120774, 'f1-score': 0.42551411641687, 'support': 123.0}, 'weighted avg': {'precision': 0.492156824819636, 'recall': 0.45528455284552843, 'f1-score': 0.4095656683300887, 'support': 123.0}}","[[42 12]
 [55 14]]"
346,100,0.1,31,5,gbdt,0.8,0.4992992992992993,0.4,"{'0': {'precision': 0.43859649122807015, 'recall': 0.46296296296296297, 'f1-score': 0.45045045045045046, 'support': 54.0}, '1': {'precision': 0.5606060606060606, 'recall': 0.5362318840579711, 'f1-score': 0.5481481481481482, 'support': 69.0}, 'accuracy': 0.5040650406504065, 'macro avg': {'precision': 0.4996012759170654, 'recall': 0.499597423510467, 'f1-score': 0.4992992992992993, 'support': 123.0}, 'weighted avg': {'precision': 0.5070408838059672, 'recall': 0.5040650406504065, 'f1-score': 0.5052564759881834, 'support': 123.0}}","[[25 29]
 [32 37]]"
347,100,0.1,31,5,gbdt,0.8,0.46337916446324695,0.5,"{'0': {'precision': 0.4142857142857143, 'recall': 0.5370370370370371, 'f1-score': 0.46774193548387094, 'support': 54.0}, '1': {'precision': 0.5283018867924528, 'recall': 0.4057971014492754, 'f1-score': 0.45901639344262296, 'support': 69.0}, 'accuracy': 0.4634146341463415, 'macro avg': {'precision': 0.47129380053908354, 'recall': 0.47141706924315624, 'f1-score': 0.46337916446324695, 'support': 123.0}, 'weighted avg': {'precision': 0.47824600617973834, 'recall': 0.4634146341463415, 'f1-score': 0.4628471192168294, 'support': 123.0}}","[[29 25]
 [41 28]]"
348,100,0.1,31,5,gbdt,1.0,0.42551411641687,0.7000000000000001,"{'0': {'precision': 0.4329896907216495, 'recall': 0.7777777777777778, 'f1-score': 0.5562913907284768, 'support': 54.0}, '1': {'precision': 0.5384615384615384, 'recall': 0.2028985507246377, 'f1-score': 0.29473684210526313, 'support': 69.0}, 'accuracy': 0.45528455284552843, 'macro avg': {'precision': 0.48572561459159397, 'recall': 0.49033816425120774, 'f1-score': 0.42551411641687, 'support': 123.0}, 'weighted avg': {'precision': 0.492156824819636, 'recall': 0.45528455284552843, 'f1-score': 0.4095656683300887, 'support': 123.0}}","[[42 12]
 [55 14]]"
349,100,0.1,31,5,gbdt,1.0,0.4992992992992993,0.4,"{'0': {'precision': 0.43859649122807015, 'recall': 0.46296296296296297, 'f1-score': 0.45045045045045046, 'support': 54.0}, '1': {'precision': 0.5606060606060606, 'recall': 0.5362318840579711, 'f1-score': 0.5481481481481482, 'support': 69.0}, 'accuracy': 0.5040650406504065, 'macro avg': {'precision': 0.4996012759170654, 'recall': 0.499597423510467, 'f1-score': 0.4992992992992993, 'support': 123.0}, 'weighted avg': {'precision': 0.5070408838059672, 'recall': 0.5040650406504065, 'f1-score': 0.5052564759881834, 'support': 123.0}}","[[25 29]
 [32 37]]"
350,100,0.1,31,5,gbdt,1.0,0.46337916446324695,0.5,"{'0': {'precision': 0.4142857142857143, 'recall': 0.5370370370370371, 'f1-score': 0.46774193548387094, 'support': 54.0}, '1': {'precision': 0.5283018867924528, 'recall': 0.4057971014492754, 'f1-score': 0.45901639344262296, 'support': 69.0}, 'accuracy': 0.4634146341463415, 'macro avg': {'precision': 0.47129380053908354, 'recall': 0.47141706924315624, 'f1-score': 0.46337916446324695, 'support': 123.0}, 'weighted avg': {'precision': 0.47824600617973834, 'recall': 0.4634146341463415, 'f1-score': 0.4628471192168294, 'support': 123.0}}","[[29 25]
 [41 28]]"
351,100,0.1,31,5,dart,0.7,0.4959016393442623,0.5,"{'0': {'precision': 0.4411764705882353, 'recall': 0.5555555555555556, 'f1-score': 0.4918032786885246, 'support': 54.0}, '1': {'precision': 0.5636363636363636, 'recall': 0.4492753623188406, 'f1-score': 0.5, 'support': 69.0}, 'accuracy': 0.4959349593495935, 'macro avg': {'precision': 0.5024064171122995, 'recall': 0.5024154589371981, 'f1-score': 0.4959016393442623, 'support': 123.0}, 'weighted avg': {'precision': 0.5098734837615756, 'recall': 0.4959349593495935, 'f1-score': 0.4964014394242303, 'support': 123.0}}","[[30 24]
 [38 31]]"
352,100,0.1,31,5,dart,0.7,0.45407989074769545,0.4,"{'0': {'precision': 0.3829787234042553, 'recall': 0.3333333333333333, 'f1-score': 0.3564356435643564, 'support': 54.0}, '1': {'precision': 0.5263157894736842, 'recall': 0.5797101449275363, 'f1-score': 0.5517241379310345, 'support': 69.0}, 'accuracy': 0.4715447154471545, 'macro avg': {'precision': 0.45464725643896975, 'recall': 0.4565217391304348, 'f1-score': 0.45407989074769545, 'support': 123.0}, 'weighted avg': {'precision': 0.4633873214432032, 'recall': 0.4715447154471545, 'f1-score': 0.4659877257700539, 'support': 123.0}}","[[18 36]
 [29 40]]"
353,100,0.1,31,5,dart,0.7,0.4872626215840667,0.5,"{'0': {'precision': 0.4383561643835616, 'recall': 0.5925925925925926, 'f1-score': 0.5039370078740157, 'support': 54.0}, '1': {'precision': 0.56, 'recall': 0.4057971014492754, 'f1-score': 0.47058823529411764, 'support': 69.0}, 'accuracy': 0.4878048780487805, 'macro avg': {'precision': 0.49917808219178084, 'recall': 0.499194847020934, 'f1-score': 0.4872626215840667, 'support': 123.0}, 'weighted avg': {'precision': 0.5065953892415637, 'recall': 0.4878048780487805, 'f1-score': 0.48522915984139, 'support': 123.0}}","[[32 22]
 [41 28]]"
354,100,0.1,31,5,dart,0.8,0.4959016393442623,0.5,"{'0': {'precision': 0.4411764705882353, 'recall': 0.5555555555555556, 'f1-score': 0.4918032786885246, 'support': 54.0}, '1': {'precision': 0.5636363636363636, 'recall': 0.4492753623188406, 'f1-score': 0.5, 'support': 69.0}, 'accuracy': 0.4959349593495935, 'macro avg': {'precision': 0.5024064171122995, 'recall': 0.5024154589371981, 'f1-score': 0.4959016393442623, 'support': 123.0}, 'weighted avg': {'precision': 0.5098734837615756, 'recall': 0.4959349593495935, 'f1-score': 0.4964014394242303, 'support': 123.0}}","[[30 24]
 [38 31]]"
355,100,0.1,31,5,dart,0.8,0.45407989074769545,0.4,"{'0': {'precision': 0.3829787234042553, 'recall': 0.3333333333333333, 'f1-score': 0.3564356435643564, 'support': 54.0}, '1': {'precision': 0.5263157894736842, 'recall': 0.5797101449275363, 'f1-score': 0.5517241379310345, 'support': 69.0}, 'accuracy': 0.4715447154471545, 'macro avg': {'precision': 0.45464725643896975, 'recall': 0.4565217391304348, 'f1-score': 0.45407989074769545, 'support': 123.0}, 'weighted avg': {'precision': 0.4633873214432032, 'recall': 0.4715447154471545, 'f1-score': 0.4659877257700539, 'support': 123.0}}","[[18 36]
 [29 40]]"
356,100,0.1,31,5,dart,0.8,0.4872626215840667,0.5,"{'0': {'precision': 0.4383561643835616, 'recall': 0.5925925925925926, 'f1-score': 0.5039370078740157, 'support': 54.0}, '1': {'precision': 0.56, 'recall': 0.4057971014492754, 'f1-score': 0.47058823529411764, 'support': 69.0}, 'accuracy': 0.4878048780487805, 'macro avg': {'precision': 0.49917808219178084, 'recall': 0.499194847020934, 'f1-score': 0.4872626215840667, 'support': 123.0}, 'weighted avg': {'precision': 0.5065953892415637, 'recall': 0.4878048780487805, 'f1-score': 0.48522915984139, 'support': 123.0}}","[[32 22]
 [41 28]]"
357,100,0.1,31,5,dart,1.0,0.4959016393442623,0.5,"{'0': {'precision': 0.4411764705882353, 'recall': 0.5555555555555556, 'f1-score': 0.4918032786885246, 'support': 54.0}, '1': {'precision': 0.5636363636363636, 'recall': 0.4492753623188406, 'f1-score': 0.5, 'support': 69.0}, 'accuracy': 0.4959349593495935, 'macro avg': {'precision': 0.5024064171122995, 'recall': 0.5024154589371981, 'f1-score': 0.4959016393442623, 'support': 123.0}, 'weighted avg': {'precision': 0.5098734837615756, 'recall': 0.4959349593495935, 'f1-score': 0.4964014394242303, 'support': 123.0}}","[[30 24]
 [38 31]]"
358,100,0.1,31,5,dart,1.0,0.45407989074769545,0.4,"{'0': {'precision': 0.3829787234042553, 'recall': 0.3333333333333333, 'f1-score': 0.3564356435643564, 'support': 54.0}, '1': {'precision': 0.5263157894736842, 'recall': 0.5797101449275363, 'f1-score': 0.5517241379310345, 'support': 69.0}, 'accuracy': 0.4715447154471545, 'macro avg': {'precision': 0.45464725643896975, 'recall': 0.4565217391304348, 'f1-score': 0.45407989074769545, 'support': 123.0}, 'weighted avg': {'precision': 0.4633873214432032, 'recall': 0.4715447154471545, 'f1-score': 0.4659877257700539, 'support': 123.0}}","[[18 36]
 [29 40]]"
359,100,0.1,31,5,dart,1.0,0.4872626215840667,0.5,"{'0': {'precision': 0.4383561643835616, 'recall': 0.5925925925925926, 'f1-score': 0.5039370078740157, 'support': 54.0}, '1': {'precision': 0.56, 'recall': 0.4057971014492754, 'f1-score': 0.47058823529411764, 'support': 69.0}, 'accuracy': 0.4878048780487805, 'macro avg': {'precision': 0.49917808219178084, 'recall': 0.499194847020934, 'f1-score': 0.4872626215840667, 'support': 123.0}, 'weighted avg': {'precision': 0.5065953892415637, 'recall': 0.4878048780487805, 'f1-score': 0.48522915984139, 'support': 123.0}}","[[32 22]
 [41 28]]"
360,100,0.1,31,10,gbdt,0.7,0.5246535181236673,0.4,"{'0': {'precision': 0.46551724137931033, 'recall': 0.5, 'f1-score': 0.48214285714285715, 'support': 54.0}, '1': {'precision': 0.5846153846153846, 'recall': 0.5507246376811594, 'f1-score': 0.5671641791044776, 'support': 69.0}, 'accuracy': 0.5284552845528455, 'macro avg': {'precision': 0.5250663129973475, 'recall': 0.5253623188405797, 'f1-score': 0.5246535181236673, 'support': 123.0}, 'weighted avg': {'precision': 0.5323283949019861, 'recall': 0.5284552845528455, 'f1-score': 0.5298377450725467, 'support': 123.0}}","[[27 27]
 [31 38]]"
361,100,0.1,31,10,gbdt,0.7,0.49429708222811675,0.5,"{'0': {'precision': 0.43548387096774194, 'recall': 0.5, 'f1-score': 0.46551724137931033, 'support': 54.0}, '1': {'precision': 0.5573770491803278, 'recall': 0.4927536231884058, 'f1-score': 0.5230769230769231, 'support': 69.0}, 'accuracy': 0.4959349593495935, 'macro avg': {'precision': 0.4964304600740349, 'recall': 0.4963768115942029, 'f1-score': 0.49429708222811675, 'support': 123.0}, 'weighted avg': {'precision': 0.5038629709406559, 'recall': 0.4959349593495935, 'f1-score': 0.4978068189169955, 'support': 123.0}}","[[27 27]
 [35 34]]"
362,100,0.1,31,10,gbdt,0.7,0.46646646646646645,0.6000000000000001,"{'0': {'precision': 0.43209876543209874, 'recall': 0.6481481481481481, 'f1-score': 0.5185185185185185, 'support': 54.0}, '1': {'precision': 0.5476190476190477, 'recall': 0.3333333333333333, 'f1-score': 0.4144144144144144, 'support': 69.0}, 'accuracy': 0.4715447154471545, 'macro avg': {'precision': 0.4898589065255732, 'recall': 0.4907407407407407, 'f1-score': 0.46646646646646645, 'support': 123.0}, 'weighted avg': {'precision': 0.49690282617111886, 'recall': 0.4715447154471545, 'f1-score': 0.46011865524060647, 'support': 123.0}}","[[35 19]
 [46 23]]"
363,100,0.1,31,10,gbdt,0.8,0.5246535181236673,0.4,"{'0': {'precision': 0.46551724137931033, 'recall': 0.5, 'f1-score': 0.48214285714285715, 'support': 54.0}, '1': {'precision': 0.5846153846153846, 'recall': 0.5507246376811594, 'f1-score': 0.5671641791044776, 'support': 69.0}, 'accuracy': 0.5284552845528455, 'macro avg': {'precision': 0.5250663129973475, 'recall': 0.5253623188405797, 'f1-score': 0.5246535181236673, 'support': 123.0}, 'weighted avg': {'precision': 0.5323283949019861, 'recall': 0.5284552845528455, 'f1-score': 0.5298377450725467, 'support': 123.0}}","[[27 27]
 [31 38]]"
364,100,0.1,31,10,gbdt,0.8,0.49429708222811675,0.5,"{'0': {'precision': 0.43548387096774194, 'recall': 0.5, 'f1-score': 0.46551724137931033, 'support': 54.0}, '1': {'precision': 0.5573770491803278, 'recall': 0.4927536231884058, 'f1-score': 0.5230769230769231, 'support': 69.0}, 'accuracy': 0.4959349593495935, 'macro avg': {'precision': 0.4964304600740349, 'recall': 0.4963768115942029, 'f1-score': 0.49429708222811675, 'support': 123.0}, 'weighted avg': {'precision': 0.5038629709406559, 'recall': 0.4959349593495935, 'f1-score': 0.4978068189169955, 'support': 123.0}}","[[27 27]
 [35 34]]"
365,100,0.1,31,10,gbdt,0.8,0.46646646646646645,0.6000000000000001,"{'0': {'precision': 0.43209876543209874, 'recall': 0.6481481481481481, 'f1-score': 0.5185185185185185, 'support': 54.0}, '1': {'precision': 0.5476190476190477, 'recall': 0.3333333333333333, 'f1-score': 0.4144144144144144, 'support': 69.0}, 'accuracy': 0.4715447154471545, 'macro avg': {'precision': 0.4898589065255732, 'recall': 0.4907407407407407, 'f1-score': 0.46646646646646645, 'support': 123.0}, 'weighted avg': {'precision': 0.49690282617111886, 'recall': 0.4715447154471545, 'f1-score': 0.46011865524060647, 'support': 123.0}}","[[35 19]
 [46 23]]"
366,100,0.1,31,10,gbdt,1.0,0.5246535181236673,0.4,"{'0': {'precision': 0.46551724137931033, 'recall': 0.5, 'f1-score': 0.48214285714285715, 'support': 54.0}, '1': {'precision': 0.5846153846153846, 'recall': 0.5507246376811594, 'f1-score': 0.5671641791044776, 'support': 69.0}, 'accuracy': 0.5284552845528455, 'macro avg': {'precision': 0.5250663129973475, 'recall': 0.5253623188405797, 'f1-score': 0.5246535181236673, 'support': 123.0}, 'weighted avg': {'precision': 0.5323283949019861, 'recall': 0.5284552845528455, 'f1-score': 0.5298377450725467, 'support': 123.0}}","[[27 27]
 [31 38]]"
367,100,0.1,31,10,gbdt,1.0,0.49429708222811675,0.5,"{'0': {'precision': 0.43548387096774194, 'recall': 0.5, 'f1-score': 0.46551724137931033, 'support': 54.0}, '1': {'precision': 0.5573770491803278, 'recall': 0.4927536231884058, 'f1-score': 0.5230769230769231, 'support': 69.0}, 'accuracy': 0.4959349593495935, 'macro avg': {'precision': 0.4964304600740349, 'recall': 0.4963768115942029, 'f1-score': 0.49429708222811675, 'support': 123.0}, 'weighted avg': {'precision': 0.5038629709406559, 'recall': 0.4959349593495935, 'f1-score': 0.4978068189169955, 'support': 123.0}}","[[27 27]
 [35 34]]"
368,100,0.1,31,10,gbdt,1.0,0.46646646646646645,0.6000000000000001,"{'0': {'precision': 0.43209876543209874, 'recall': 0.6481481481481481, 'f1-score': 0.5185185185185185, 'support': 54.0}, '1': {'precision': 0.5476190476190477, 'recall': 0.3333333333333333, 'f1-score': 0.4144144144144144, 'support': 69.0}, 'accuracy': 0.4715447154471545, 'macro avg': {'precision': 0.4898589065255732, 'recall': 0.4907407407407407, 'f1-score': 0.46646646646646645, 'support': 123.0}, 'weighted avg': {'precision': 0.49690282617111886, 'recall': 0.4715447154471545, 'f1-score': 0.46011865524060647, 'support': 123.0}}","[[35 19]
 [46 23]]"
369,100,0.1,31,10,dart,0.7,0.484436198721913,0.4,"{'0': {'precision': 0.4222222222222222, 'recall': 0.35185185185185186, 'f1-score': 0.3838383838383838, 'support': 54.0}, '1': {'precision': 0.5512820512820513, 'recall': 0.6231884057971014, 'f1-score': 0.5850340136054422, 'support': 69.0}, 'accuracy': 0.5040650406504065, 'macro avg': {'precision': 0.4867521367521368, 'recall': 0.48752012882447665, 'f1-score': 0.484436198721913, 'support': 123.0}, 'weighted avg': {'precision': 0.4946216385240776, 'recall': 0.5040650406504065, 'f1-score': 0.49670422492722144, 'support': 123.0}}","[[19 35]
 [26 43]]"
370,100,0.1,31,10,dart,0.7,0.5446853516657852,0.5,"{'0': {'precision': 0.4857142857142857, 'recall': 0.6296296296296297, 'f1-score': 0.5483870967741935, 'support': 54.0}, '1': {'precision': 0.6226415094339622, 'recall': 0.4782608695652174, 'f1-score': 0.5409836065573771, 'support': 69.0}, 'accuracy': 0.5447154471544715, 'macro avg': {'precision': 0.554177897574124, 'recall': 0.5539452495974235, 'f1-score': 0.5446853516657852, 'support': 123.0}, 'weighted avg': {'precision': 0.5625271185326408, 'recall': 0.5447154471544715, 'f1-score': 0.5442339193354916, 'support': 123.0}}","[[34 20]
 [36 33]]"
371,100,0.1,31,10,dart,0.7,0.4872626215840667,0.5,"{'0': {'precision': 0.4383561643835616, 'recall': 0.5925925925925926, 'f1-score': 0.5039370078740157, 'support': 54.0}, '1': {'precision': 0.56, 'recall': 0.4057971014492754, 'f1-score': 0.47058823529411764, 'support': 69.0}, 'accuracy': 0.4878048780487805, 'macro avg': {'precision': 0.49917808219178084, 'recall': 0.499194847020934, 'f1-score': 0.4872626215840667, 'support': 123.0}, 'weighted avg': {'precision': 0.5065953892415637, 'recall': 0.4878048780487805, 'f1-score': 0.48522915984139, 'support': 123.0}}","[[32 22]
 [41 28]]"
372,100,0.1,31,10,dart,0.8,0.484436198721913,0.4,"{'0': {'precision': 0.4222222222222222, 'recall': 0.35185185185185186, 'f1-score': 0.3838383838383838, 'support': 54.0}, '1': {'precision': 0.5512820512820513, 'recall': 0.6231884057971014, 'f1-score': 0.5850340136054422, 'support': 69.0}, 'accuracy': 0.5040650406504065, 'macro avg': {'precision': 0.4867521367521368, 'recall': 0.48752012882447665, 'f1-score': 0.484436198721913, 'support': 123.0}, 'weighted avg': {'precision': 0.4946216385240776, 'recall': 0.5040650406504065, 'f1-score': 0.49670422492722144, 'support': 123.0}}","[[19 35]
 [26 43]]"
373,100,0.1,31,10,dart,0.8,0.5446853516657852,0.5,"{'0': {'precision': 0.4857142857142857, 'recall': 0.6296296296296297, 'f1-score': 0.5483870967741935, 'support': 54.0}, '1': {'precision': 0.6226415094339622, 'recall': 0.4782608695652174, 'f1-score': 0.5409836065573771, 'support': 69.0}, 'accuracy': 0.5447154471544715, 'macro avg': {'precision': 0.554177897574124, 'recall': 0.5539452495974235, 'f1-score': 0.5446853516657852, 'support': 123.0}, 'weighted avg': {'precision': 0.5625271185326408, 'recall': 0.5447154471544715, 'f1-score': 0.5442339193354916, 'support': 123.0}}","[[34 20]
 [36 33]]"
374,100,0.1,31,10,dart,0.8,0.4872626215840667,0.5,"{'0': {'precision': 0.4383561643835616, 'recall': 0.5925925925925926, 'f1-score': 0.5039370078740157, 'support': 54.0}, '1': {'precision': 0.56, 'recall': 0.4057971014492754, 'f1-score': 0.47058823529411764, 'support': 69.0}, 'accuracy': 0.4878048780487805, 'macro avg': {'precision': 0.49917808219178084, 'recall': 0.499194847020934, 'f1-score': 0.4872626215840667, 'support': 123.0}, 'weighted avg': {'precision': 0.5065953892415637, 'recall': 0.4878048780487805, 'f1-score': 0.48522915984139, 'support': 123.0}}","[[32 22]
 [41 28]]"
375,100,0.1,31,10,dart,1.0,0.484436198721913,0.4,"{'0': {'precision': 0.4222222222222222, 'recall': 0.35185185185185186, 'f1-score': 0.3838383838383838, 'support': 54.0}, '1': {'precision': 0.5512820512820513, 'recall': 0.6231884057971014, 'f1-score': 0.5850340136054422, 'support': 69.0}, 'accuracy': 0.5040650406504065, 'macro avg': {'precision': 0.4867521367521368, 'recall': 0.48752012882447665, 'f1-score': 0.484436198721913, 'support': 123.0}, 'weighted avg': {'precision': 0.4946216385240776, 'recall': 0.5040650406504065, 'f1-score': 0.49670422492722144, 'support': 123.0}}","[[19 35]
 [26 43]]"
376,100,0.1,31,10,dart,1.0,0.5446853516657852,0.5,"{'0': {'precision': 0.4857142857142857, 'recall': 0.6296296296296297, 'f1-score': 0.5483870967741935, 'support': 54.0}, '1': {'precision': 0.6226415094339622, 'recall': 0.4782608695652174, 'f1-score': 0.5409836065573771, 'support': 69.0}, 'accuracy': 0.5447154471544715, 'macro avg': {'precision': 0.554177897574124, 'recall': 0.5539452495974235, 'f1-score': 0.5446853516657852, 'support': 123.0}, 'weighted avg': {'precision': 0.5625271185326408, 'recall': 0.5447154471544715, 'f1-score': 0.5442339193354916, 'support': 123.0}}","[[34 20]
 [36 33]]"
377,100,0.1,31,10,dart,1.0,0.4872626215840667,0.5,"{'0': {'precision': 0.4383561643835616, 'recall': 0.5925925925925926, 'f1-score': 0.5039370078740157, 'support': 54.0}, '1': {'precision': 0.56, 'recall': 0.4057971014492754, 'f1-score': 0.47058823529411764, 'support': 69.0}, 'accuracy': 0.4878048780487805, 'macro avg': {'precision': 0.49917808219178084, 'recall': 0.499194847020934, 'f1-score': 0.4872626215840667, 'support': 123.0}, 'weighted avg': {'precision': 0.5065953892415637, 'recall': 0.4878048780487805, 'f1-score': 0.48522915984139, 'support': 123.0}}","[[32 22]
 [41 28]]"
378,100,0.1,50,-1,gbdt,0.7,0.5246535181236673,0.4,"{'0': {'precision': 0.46551724137931033, 'recall': 0.5, 'f1-score': 0.48214285714285715, 'support': 54.0}, '1': {'precision': 0.5846153846153846, 'recall': 0.5507246376811594, 'f1-score': 0.5671641791044776, 'support': 69.0}, 'accuracy': 0.5284552845528455, 'macro avg': {'precision': 0.5250663129973475, 'recall': 0.5253623188405797, 'f1-score': 0.5246535181236673, 'support': 123.0}, 'weighted avg': {'precision': 0.5323283949019861, 'recall': 0.5284552845528455, 'f1-score': 0.5298377450725467, 'support': 123.0}}","[[27 27]
 [31 38]]"
379,100,0.1,50,-1,gbdt,0.7,0.49429708222811675,0.5,"{'0': {'precision': 0.43548387096774194, 'recall': 0.5, 'f1-score': 0.46551724137931033, 'support': 54.0}, '1': {'precision': 0.5573770491803278, 'recall': 0.4927536231884058, 'f1-score': 0.5230769230769231, 'support': 69.0}, 'accuracy': 0.4959349593495935, 'macro avg': {'precision': 0.4964304600740349, 'recall': 0.4963768115942029, 'f1-score': 0.49429708222811675, 'support': 123.0}, 'weighted avg': {'precision': 0.5038629709406559, 'recall': 0.4959349593495935, 'f1-score': 0.4978068189169955, 'support': 123.0}}","[[27 27]
 [35 34]]"
380,100,0.1,50,-1,gbdt,0.7,0.46646646646646645,0.6000000000000001,"{'0': {'precision': 0.43209876543209874, 'recall': 0.6481481481481481, 'f1-score': 0.5185185185185185, 'support': 54.0}, '1': {'precision': 0.5476190476190477, 'recall': 0.3333333333333333, 'f1-score': 0.4144144144144144, 'support': 69.0}, 'accuracy': 0.4715447154471545, 'macro avg': {'precision': 0.4898589065255732, 'recall': 0.4907407407407407, 'f1-score': 0.46646646646646645, 'support': 123.0}, 'weighted avg': {'precision': 0.49690282617111886, 'recall': 0.4715447154471545, 'f1-score': 0.46011865524060647, 'support': 123.0}}","[[35 19]
 [46 23]]"
381,100,0.1,50,-1,gbdt,0.8,0.5246535181236673,0.4,"{'0': {'precision': 0.46551724137931033, 'recall': 0.5, 'f1-score': 0.48214285714285715, 'support': 54.0}, '1': {'precision': 0.5846153846153846, 'recall': 0.5507246376811594, 'f1-score': 0.5671641791044776, 'support': 69.0}, 'accuracy': 0.5284552845528455, 'macro avg': {'precision': 0.5250663129973475, 'recall': 0.5253623188405797, 'f1-score': 0.5246535181236673, 'support': 123.0}, 'weighted avg': {'precision': 0.5323283949019861, 'recall': 0.5284552845528455, 'f1-score': 0.5298377450725467, 'support': 123.0}}","[[27 27]
 [31 38]]"
382,100,0.1,50,-1,gbdt,0.8,0.49429708222811675,0.5,"{'0': {'precision': 0.43548387096774194, 'recall': 0.5, 'f1-score': 0.46551724137931033, 'support': 54.0}, '1': {'precision': 0.5573770491803278, 'recall': 0.4927536231884058, 'f1-score': 0.5230769230769231, 'support': 69.0}, 'accuracy': 0.4959349593495935, 'macro avg': {'precision': 0.4964304600740349, 'recall': 0.4963768115942029, 'f1-score': 0.49429708222811675, 'support': 123.0}, 'weighted avg': {'precision': 0.5038629709406559, 'recall': 0.4959349593495935, 'f1-score': 0.4978068189169955, 'support': 123.0}}","[[27 27]
 [35 34]]"
383,100,0.1,50,-1,gbdt,0.8,0.46646646646646645,0.6000000000000001,"{'0': {'precision': 0.43209876543209874, 'recall': 0.6481481481481481, 'f1-score': 0.5185185185185185, 'support': 54.0}, '1': {'precision': 0.5476190476190477, 'recall': 0.3333333333333333, 'f1-score': 0.4144144144144144, 'support': 69.0}, 'accuracy': 0.4715447154471545, 'macro avg': {'precision': 0.4898589065255732, 'recall': 0.4907407407407407, 'f1-score': 0.46646646646646645, 'support': 123.0}, 'weighted avg': {'precision': 0.49690282617111886, 'recall': 0.4715447154471545, 'f1-score': 0.46011865524060647, 'support': 123.0}}","[[35 19]
 [46 23]]"
384,100,0.1,50,-1,gbdt,1.0,0.5246535181236673,0.4,"{'0': {'precision': 0.46551724137931033, 'recall': 0.5, 'f1-score': 0.48214285714285715, 'support': 54.0}, '1': {'precision': 0.5846153846153846, 'recall': 0.5507246376811594, 'f1-score': 0.5671641791044776, 'support': 69.0}, 'accuracy': 0.5284552845528455, 'macro avg': {'precision': 0.5250663129973475, 'recall': 0.5253623188405797, 'f1-score': 0.5246535181236673, 'support': 123.0}, 'weighted avg': {'precision': 0.5323283949019861, 'recall': 0.5284552845528455, 'f1-score': 0.5298377450725467, 'support': 123.0}}","[[27 27]
 [31 38]]"
385,100,0.1,50,-1,gbdt,1.0,0.49429708222811675,0.5,"{'0': {'precision': 0.43548387096774194, 'recall': 0.5, 'f1-score': 0.46551724137931033, 'support': 54.0}, '1': {'precision': 0.5573770491803278, 'recall': 0.4927536231884058, 'f1-score': 0.5230769230769231, 'support': 69.0}, 'accuracy': 0.4959349593495935, 'macro avg': {'precision': 0.4964304600740349, 'recall': 0.4963768115942029, 'f1-score': 0.49429708222811675, 'support': 123.0}, 'weighted avg': {'precision': 0.5038629709406559, 'recall': 0.4959349593495935, 'f1-score': 0.4978068189169955, 'support': 123.0}}","[[27 27]
 [35 34]]"
386,100,0.1,50,-1,gbdt,1.0,0.46646646646646645,0.6000000000000001,"{'0': {'precision': 0.43209876543209874, 'recall': 0.6481481481481481, 'f1-score': 0.5185185185185185, 'support': 54.0}, '1': {'precision': 0.5476190476190477, 'recall': 0.3333333333333333, 'f1-score': 0.4144144144144144, 'support': 69.0}, 'accuracy': 0.4715447154471545, 'macro avg': {'precision': 0.4898589065255732, 'recall': 0.4907407407407407, 'f1-score': 0.46646646646646645, 'support': 123.0}, 'weighted avg': {'precision': 0.49690282617111886, 'recall': 0.4715447154471545, 'f1-score': 0.46011865524060647, 'support': 123.0}}","[[35 19]
 [46 23]]"
387,100,0.1,50,-1,dart,0.7,0.484436198721913,0.4,"{'0': {'precision': 0.4222222222222222, 'recall': 0.35185185185185186, 'f1-score': 0.3838383838383838, 'support': 54.0}, '1': {'precision': 0.5512820512820513, 'recall': 0.6231884057971014, 'f1-score': 0.5850340136054422, 'support': 69.0}, 'accuracy': 0.5040650406504065, 'macro avg': {'precision': 0.4867521367521368, 'recall': 0.48752012882447665, 'f1-score': 0.484436198721913, 'support': 123.0}, 'weighted avg': {'precision': 0.4946216385240776, 'recall': 0.5040650406504065, 'f1-score': 0.49670422492722144, 'support': 123.0}}","[[19 35]
 [26 43]]"
388,100,0.1,50,-1,dart,0.7,0.4959016393442623,0.5,"{'0': {'precision': 0.44285714285714284, 'recall': 0.5740740740740741, 'f1-score': 0.5, 'support': 54.0}, '1': {'precision': 0.5660377358490566, 'recall': 0.43478260869565216, 'f1-score': 0.4918032786885246, 'support': 69.0}, 'accuracy': 0.4959349593495935, 'macro avg': {'precision': 0.5044474393530998, 'recall': 0.5044283413848631, 'f1-score': 0.4959016393442623, 'support': 123.0}, 'weighted avg': {'precision': 0.5119584511208993, 'recall': 0.4959349593495935, 'f1-score': 0.49540183926429426, 'support': 123.0}}","[[31 23]
 [39 30]]"
389,100,0.1,50,-1,dart,0.7,0.4872626215840667,0.5,"{'0': {'precision': 0.4383561643835616, 'recall': 0.5925925925925926, 'f1-score': 0.5039370078740157, 'support': 54.0}, '1': {'precision': 0.56, 'recall': 0.4057971014492754, 'f1-score': 0.47058823529411764, 'support': 69.0}, 'accuracy': 0.4878048780487805, 'macro avg': {'precision': 0.49917808219178084, 'recall': 0.499194847020934, 'f1-score': 0.4872626215840667, 'support': 123.0}, 'weighted avg': {'precision': 0.5065953892415637, 'recall': 0.4878048780487805, 'f1-score': 0.48522915984139, 'support': 123.0}}","[[32 22]
 [41 28]]"
390,100,0.1,50,-1,dart,0.8,0.484436198721913,0.4,"{'0': {'precision': 0.4222222222222222, 'recall': 0.35185185185185186, 'f1-score': 0.3838383838383838, 'support': 54.0}, '1': {'precision': 0.5512820512820513, 'recall': 0.6231884057971014, 'f1-score': 0.5850340136054422, 'support': 69.0}, 'accuracy': 0.5040650406504065, 'macro avg': {'precision': 0.4867521367521368, 'recall': 0.48752012882447665, 'f1-score': 0.484436198721913, 'support': 123.0}, 'weighted avg': {'precision': 0.4946216385240776, 'recall': 0.5040650406504065, 'f1-score': 0.49670422492722144, 'support': 123.0}}","[[19 35]
 [26 43]]"
391,100,0.1,50,-1,dart,0.8,0.4959016393442623,0.5,"{'0': {'precision': 0.44285714285714284, 'recall': 0.5740740740740741, 'f1-score': 0.5, 'support': 54.0}, '1': {'precision': 0.5660377358490566, 'recall': 0.43478260869565216, 'f1-score': 0.4918032786885246, 'support': 69.0}, 'accuracy': 0.4959349593495935, 'macro avg': {'precision': 0.5044474393530998, 'recall': 0.5044283413848631, 'f1-score': 0.4959016393442623, 'support': 123.0}, 'weighted avg': {'precision': 0.5119584511208993, 'recall': 0.4959349593495935, 'f1-score': 0.49540183926429426, 'support': 123.0}}","[[31 23]
 [39 30]]"
392,100,0.1,50,-1,dart,0.8,0.4872626215840667,0.5,"{'0': {'precision': 0.4383561643835616, 'recall': 0.5925925925925926, 'f1-score': 0.5039370078740157, 'support': 54.0}, '1': {'precision': 0.56, 'recall': 0.4057971014492754, 'f1-score': 0.47058823529411764, 'support': 69.0}, 'accuracy': 0.4878048780487805, 'macro avg': {'precision': 0.49917808219178084, 'recall': 0.499194847020934, 'f1-score': 0.4872626215840667, 'support': 123.0}, 'weighted avg': {'precision': 0.5065953892415637, 'recall': 0.4878048780487805, 'f1-score': 0.48522915984139, 'support': 123.0}}","[[32 22]
 [41 28]]"
393,100,0.1,50,-1,dart,1.0,0.484436198721913,0.4,"{'0': {'precision': 0.4222222222222222, 'recall': 0.35185185185185186, 'f1-score': 0.3838383838383838, 'support': 54.0}, '1': {'precision': 0.5512820512820513, 'recall': 0.6231884057971014, 'f1-score': 0.5850340136054422, 'support': 69.0}, 'accuracy': 0.5040650406504065, 'macro avg': {'precision': 0.4867521367521368, 'recall': 0.48752012882447665, 'f1-score': 0.484436198721913, 'support': 123.0}, 'weighted avg': {'precision': 0.4946216385240776, 'recall': 0.5040650406504065, 'f1-score': 0.49670422492722144, 'support': 123.0}}","[[19 35]
 [26 43]]"
394,100,0.1,50,-1,dart,1.0,0.4959016393442623,0.5,"{'0': {'precision': 0.44285714285714284, 'recall': 0.5740740740740741, 'f1-score': 0.5, 'support': 54.0}, '1': {'precision': 0.5660377358490566, 'recall': 0.43478260869565216, 'f1-score': 0.4918032786885246, 'support': 69.0}, 'accuracy': 0.4959349593495935, 'macro avg': {'precision': 0.5044474393530998, 'recall': 0.5044283413848631, 'f1-score': 0.4959016393442623, 'support': 123.0}, 'weighted avg': {'precision': 0.5119584511208993, 'recall': 0.4959349593495935, 'f1-score': 0.49540183926429426, 'support': 123.0}}","[[31 23]
 [39 30]]"
395,100,0.1,50,-1,dart,1.0,0.4872626215840667,0.5,"{'0': {'precision': 0.4383561643835616, 'recall': 0.5925925925925926, 'f1-score': 0.5039370078740157, 'support': 54.0}, '1': {'precision': 0.56, 'recall': 0.4057971014492754, 'f1-score': 0.47058823529411764, 'support': 69.0}, 'accuracy': 0.4878048780487805, 'macro avg': {'precision': 0.49917808219178084, 'recall': 0.499194847020934, 'f1-score': 0.4872626215840667, 'support': 123.0}, 'weighted avg': {'precision': 0.5065953892415637, 'recall': 0.4878048780487805, 'f1-score': 0.48522915984139, 'support': 123.0}}","[[32 22]
 [41 28]]"
396,100,0.1,50,5,gbdt,0.7,0.42551411641687,0.7000000000000001,"{'0': {'precision': 0.4329896907216495, 'recall': 0.7777777777777778, 'f1-score': 0.5562913907284768, 'support': 54.0}, '1': {'precision': 0.5384615384615384, 'recall': 0.2028985507246377, 'f1-score': 0.29473684210526313, 'support': 69.0}, 'accuracy': 0.45528455284552843, 'macro avg': {'precision': 0.48572561459159397, 'recall': 0.49033816425120774, 'f1-score': 0.42551411641687, 'support': 123.0}, 'weighted avg': {'precision': 0.492156824819636, 'recall': 0.45528455284552843, 'f1-score': 0.4095656683300887, 'support': 123.0}}","[[42 12]
 [55 14]]"
397,100,0.1,50,5,gbdt,0.7,0.4992992992992993,0.4,"{'0': {'precision': 0.43859649122807015, 'recall': 0.46296296296296297, 'f1-score': 0.45045045045045046, 'support': 54.0}, '1': {'precision': 0.5606060606060606, 'recall': 0.5362318840579711, 'f1-score': 0.5481481481481482, 'support': 69.0}, 'accuracy': 0.5040650406504065, 'macro avg': {'precision': 0.4996012759170654, 'recall': 0.499597423510467, 'f1-score': 0.4992992992992993, 'support': 123.0}, 'weighted avg': {'precision': 0.5070408838059672, 'recall': 0.5040650406504065, 'f1-score': 0.5052564759881834, 'support': 123.0}}","[[25 29]
 [32 37]]"
398,100,0.1,50,5,gbdt,0.7,0.46337916446324695,0.5,"{'0': {'precision': 0.4142857142857143, 'recall': 0.5370370370370371, 'f1-score': 0.46774193548387094, 'support': 54.0}, '1': {'precision': 0.5283018867924528, 'recall': 0.4057971014492754, 'f1-score': 0.45901639344262296, 'support': 69.0}, 'accuracy': 0.4634146341463415, 'macro avg': {'precision': 0.47129380053908354, 'recall': 0.47141706924315624, 'f1-score': 0.46337916446324695, 'support': 123.0}, 'weighted avg': {'precision': 0.47824600617973834, 'recall': 0.4634146341463415, 'f1-score': 0.4628471192168294, 'support': 123.0}}","[[29 25]
 [41 28]]"
399,100,0.1,50,5,gbdt,0.8,0.42551411641687,0.7000000000000001,"{'0': {'precision': 0.4329896907216495, 'recall': 0.7777777777777778, 'f1-score': 0.5562913907284768, 'support': 54.0}, '1': {'precision': 0.5384615384615384, 'recall': 0.2028985507246377, 'f1-score': 0.29473684210526313, 'support': 69.0}, 'accuracy': 0.45528455284552843, 'macro avg': {'precision': 0.48572561459159397, 'recall': 0.49033816425120774, 'f1-score': 0.42551411641687, 'support': 123.0}, 'weighted avg': {'precision': 0.492156824819636, 'recall': 0.45528455284552843, 'f1-score': 0.4095656683300887, 'support': 123.0}}","[[42 12]
 [55 14]]"
400,100,0.1,50,5,gbdt,0.8,0.4992992992992993,0.4,"{'0': {'precision': 0.43859649122807015, 'recall': 0.46296296296296297, 'f1-score': 0.45045045045045046, 'support': 54.0}, '1': {'precision': 0.5606060606060606, 'recall': 0.5362318840579711, 'f1-score': 0.5481481481481482, 'support': 69.0}, 'accuracy': 0.5040650406504065, 'macro avg': {'precision': 0.4996012759170654, 'recall': 0.499597423510467, 'f1-score': 0.4992992992992993, 'support': 123.0}, 'weighted avg': {'precision': 0.5070408838059672, 'recall': 0.5040650406504065, 'f1-score': 0.5052564759881834, 'support': 123.0}}","[[25 29]
 [32 37]]"
401,100,0.1,50,5,gbdt,0.8,0.46337916446324695,0.5,"{'0': {'precision': 0.4142857142857143, 'recall': 0.5370370370370371, 'f1-score': 0.46774193548387094, 'support': 54.0}, '1': {'precision': 0.5283018867924528, 'recall': 0.4057971014492754, 'f1-score': 0.45901639344262296, 'support': 69.0}, 'accuracy': 0.4634146341463415, 'macro avg': {'precision': 0.47129380053908354, 'recall': 0.47141706924315624, 'f1-score': 0.46337916446324695, 'support': 123.0}, 'weighted avg': {'precision': 0.47824600617973834, 'recall': 0.4634146341463415, 'f1-score': 0.4628471192168294, 'support': 123.0}}","[[29 25]
 [41 28]]"
402,100,0.1,50,5,gbdt,1.0,0.42551411641687,0.7000000000000001,"{'0': {'precision': 0.4329896907216495, 'recall': 0.7777777777777778, 'f1-score': 0.5562913907284768, 'support': 54.0}, '1': {'precision': 0.5384615384615384, 'recall': 0.2028985507246377, 'f1-score': 0.29473684210526313, 'support': 69.0}, 'accuracy': 0.45528455284552843, 'macro avg': {'precision': 0.48572561459159397, 'recall': 0.49033816425120774, 'f1-score': 0.42551411641687, 'support': 123.0}, 'weighted avg': {'precision': 0.492156824819636, 'recall': 0.45528455284552843, 'f1-score': 0.4095656683300887, 'support': 123.0}}","[[42 12]
 [55 14]]"
403,100,0.1,50,5,gbdt,1.0,0.4992992992992993,0.4,"{'0': {'precision': 0.43859649122807015, 'recall': 0.46296296296296297, 'f1-score': 0.45045045045045046, 'support': 54.0}, '1': {'precision': 0.5606060606060606, 'recall': 0.5362318840579711, 'f1-score': 0.5481481481481482, 'support': 69.0}, 'accuracy': 0.5040650406504065, 'macro avg': {'precision': 0.4996012759170654, 'recall': 0.499597423510467, 'f1-score': 0.4992992992992993, 'support': 123.0}, 'weighted avg': {'precision': 0.5070408838059672, 'recall': 0.5040650406504065, 'f1-score': 0.5052564759881834, 'support': 123.0}}","[[25 29]
 [32 37]]"
404,100,0.1,50,5,gbdt,1.0,0.46337916446324695,0.5,"{'0': {'precision': 0.4142857142857143, 'recall': 0.5370370370370371, 'f1-score': 0.46774193548387094, 'support': 54.0}, '1': {'precision': 0.5283018867924528, 'recall': 0.4057971014492754, 'f1-score': 0.45901639344262296, 'support': 69.0}, 'accuracy': 0.4634146341463415, 'macro avg': {'precision': 0.47129380053908354, 'recall': 0.47141706924315624, 'f1-score': 0.46337916446324695, 'support': 123.0}, 'weighted avg': {'precision': 0.47824600617973834, 'recall': 0.4634146341463415, 'f1-score': 0.4628471192168294, 'support': 123.0}}","[[29 25]
 [41 28]]"
405,100,0.1,50,5,dart,0.7,0.4959016393442623,0.5,"{'0': {'precision': 0.4411764705882353, 'recall': 0.5555555555555556, 'f1-score': 0.4918032786885246, 'support': 54.0}, '1': {'precision': 0.5636363636363636, 'recall': 0.4492753623188406, 'f1-score': 0.5, 'support': 69.0}, 'accuracy': 0.4959349593495935, 'macro avg': {'precision': 0.5024064171122995, 'recall': 0.5024154589371981, 'f1-score': 0.4959016393442623, 'support': 123.0}, 'weighted avg': {'precision': 0.5098734837615756, 'recall': 0.4959349593495935, 'f1-score': 0.4964014394242303, 'support': 123.0}}","[[30 24]
 [38 31]]"
406,100,0.1,50,5,dart,0.7,0.45407989074769545,0.4,"{'0': {'precision': 0.3829787234042553, 'recall': 0.3333333333333333, 'f1-score': 0.3564356435643564, 'support': 54.0}, '1': {'precision': 0.5263157894736842, 'recall': 0.5797101449275363, 'f1-score': 0.5517241379310345, 'support': 69.0}, 'accuracy': 0.4715447154471545, 'macro avg': {'precision': 0.45464725643896975, 'recall': 0.4565217391304348, 'f1-score': 0.45407989074769545, 'support': 123.0}, 'weighted avg': {'precision': 0.4633873214432032, 'recall': 0.4715447154471545, 'f1-score': 0.4659877257700539, 'support': 123.0}}","[[18 36]
 [29 40]]"
407,100,0.1,50,5,dart,0.7,0.4872626215840667,0.5,"{'0': {'precision': 0.4383561643835616, 'recall': 0.5925925925925926, 'f1-score': 0.5039370078740157, 'support': 54.0}, '1': {'precision': 0.56, 'recall': 0.4057971014492754, 'f1-score': 0.47058823529411764, 'support': 69.0}, 'accuracy': 0.4878048780487805, 'macro avg': {'precision': 0.49917808219178084, 'recall': 0.499194847020934, 'f1-score': 0.4872626215840667, 'support': 123.0}, 'weighted avg': {'precision': 0.5065953892415637, 'recall': 0.4878048780487805, 'f1-score': 0.48522915984139, 'support': 123.0}}","[[32 22]
 [41 28]]"
408,100,0.1,50,5,dart,0.8,0.4959016393442623,0.5,"{'0': {'precision': 0.4411764705882353, 'recall': 0.5555555555555556, 'f1-score': 0.4918032786885246, 'support': 54.0}, '1': {'precision': 0.5636363636363636, 'recall': 0.4492753623188406, 'f1-score': 0.5, 'support': 69.0}, 'accuracy': 0.4959349593495935, 'macro avg': {'precision': 0.5024064171122995, 'recall': 0.5024154589371981, 'f1-score': 0.4959016393442623, 'support': 123.0}, 'weighted avg': {'precision': 0.5098734837615756, 'recall': 0.4959349593495935, 'f1-score': 0.4964014394242303, 'support': 123.0}}","[[30 24]
 [38 31]]"
409,100,0.1,50,5,dart,0.8,0.45407989074769545,0.4,"{'0': {'precision': 0.3829787234042553, 'recall': 0.3333333333333333, 'f1-score': 0.3564356435643564, 'support': 54.0}, '1': {'precision': 0.5263157894736842, 'recall': 0.5797101449275363, 'f1-score': 0.5517241379310345, 'support': 69.0}, 'accuracy': 0.4715447154471545, 'macro avg': {'precision': 0.45464725643896975, 'recall': 0.4565217391304348, 'f1-score': 0.45407989074769545, 'support': 123.0}, 'weighted avg': {'precision': 0.4633873214432032, 'recall': 0.4715447154471545, 'f1-score': 0.4659877257700539, 'support': 123.0}}","[[18 36]
 [29 40]]"
410,100,0.1,50,5,dart,0.8,0.4872626215840667,0.5,"{'0': {'precision': 0.4383561643835616, 'recall': 0.5925925925925926, 'f1-score': 0.5039370078740157, 'support': 54.0}, '1': {'precision': 0.56, 'recall': 0.4057971014492754, 'f1-score': 0.47058823529411764, 'support': 69.0}, 'accuracy': 0.4878048780487805, 'macro avg': {'precision': 0.49917808219178084, 'recall': 0.499194847020934, 'f1-score': 0.4872626215840667, 'support': 123.0}, 'weighted avg': {'precision': 0.5065953892415637, 'recall': 0.4878048780487805, 'f1-score': 0.48522915984139, 'support': 123.0}}","[[32 22]
 [41 28]]"
411,100,0.1,50,5,dart,1.0,0.4959016393442623,0.5,"{'0': {'precision': 0.4411764705882353, 'recall': 0.5555555555555556, 'f1-score': 0.4918032786885246, 'support': 54.0}, '1': {'precision': 0.5636363636363636, 'recall': 0.4492753623188406, 'f1-score': 0.5, 'support': 69.0}, 'accuracy': 0.4959349593495935, 'macro avg': {'precision': 0.5024064171122995, 'recall': 0.5024154589371981, 'f1-score': 0.4959016393442623, 'support': 123.0}, 'weighted avg': {'precision': 0.5098734837615756, 'recall': 0.4959349593495935, 'f1-score': 0.4964014394242303, 'support': 123.0}}","[[30 24]
 [38 31]]"
412,100,0.1,50,5,dart,1.0,0.45407989074769545,0.4,"{'0': {'precision': 0.3829787234042553, 'recall': 0.3333333333333333, 'f1-score': 0.3564356435643564, 'support': 54.0}, '1': {'precision': 0.5263157894736842, 'recall': 0.5797101449275363, 'f1-score': 0.5517241379310345, 'support': 69.0}, 'accuracy': 0.4715447154471545, 'macro avg': {'precision': 0.45464725643896975, 'recall': 0.4565217391304348, 'f1-score': 0.45407989074769545, 'support': 123.0}, 'weighted avg': {'precision': 0.4633873214432032, 'recall': 0.4715447154471545, 'f1-score': 0.4659877257700539, 'support': 123.0}}","[[18 36]
 [29 40]]"
413,100,0.1,50,5,dart,1.0,0.4872626215840667,0.5,"{'0': {'precision': 0.4383561643835616, 'recall': 0.5925925925925926, 'f1-score': 0.5039370078740157, 'support': 54.0}, '1': {'precision': 0.56, 'recall': 0.4057971014492754, 'f1-score': 0.47058823529411764, 'support': 69.0}, 'accuracy': 0.4878048780487805, 'macro avg': {'precision': 0.49917808219178084, 'recall': 0.499194847020934, 'f1-score': 0.4872626215840667, 'support': 123.0}, 'weighted avg': {'precision': 0.5065953892415637, 'recall': 0.4878048780487805, 'f1-score': 0.48522915984139, 'support': 123.0}}","[[32 22]
 [41 28]]"
414,100,0.1,50,10,gbdt,0.7,0.5246535181236673,0.4,"{'0': {'precision': 0.46551724137931033, 'recall': 0.5, 'f1-score': 0.48214285714285715, 'support': 54.0}, '1': {'precision': 0.5846153846153846, 'recall': 0.5507246376811594, 'f1-score': 0.5671641791044776, 'support': 69.0}, 'accuracy': 0.5284552845528455, 'macro avg': {'precision': 0.5250663129973475, 'recall': 0.5253623188405797, 'f1-score': 0.5246535181236673, 'support': 123.0}, 'weighted avg': {'precision': 0.5323283949019861, 'recall': 0.5284552845528455, 'f1-score': 0.5298377450725467, 'support': 123.0}}","[[27 27]
 [31 38]]"
415,100,0.1,50,10,gbdt,0.7,0.49429708222811675,0.5,"{'0': {'precision': 0.43548387096774194, 'recall': 0.5, 'f1-score': 0.46551724137931033, 'support': 54.0}, '1': {'precision': 0.5573770491803278, 'recall': 0.4927536231884058, 'f1-score': 0.5230769230769231, 'support': 69.0}, 'accuracy': 0.4959349593495935, 'macro avg': {'precision': 0.4964304600740349, 'recall': 0.4963768115942029, 'f1-score': 0.49429708222811675, 'support': 123.0}, 'weighted avg': {'precision': 0.5038629709406559, 'recall': 0.4959349593495935, 'f1-score': 0.4978068189169955, 'support': 123.0}}","[[27 27]
 [35 34]]"
416,100,0.1,50,10,gbdt,0.7,0.46646646646646645,0.6000000000000001,"{'0': {'precision': 0.43209876543209874, 'recall': 0.6481481481481481, 'f1-score': 0.5185185185185185, 'support': 54.0}, '1': {'precision': 0.5476190476190477, 'recall': 0.3333333333333333, 'f1-score': 0.4144144144144144, 'support': 69.0}, 'accuracy': 0.4715447154471545, 'macro avg': {'precision': 0.4898589065255732, 'recall': 0.4907407407407407, 'f1-score': 0.46646646646646645, 'support': 123.0}, 'weighted avg': {'precision': 0.49690282617111886, 'recall': 0.4715447154471545, 'f1-score': 0.46011865524060647, 'support': 123.0}}","[[35 19]
 [46 23]]"
417,100,0.1,50,10,gbdt,0.8,0.5246535181236673,0.4,"{'0': {'precision': 0.46551724137931033, 'recall': 0.5, 'f1-score': 0.48214285714285715, 'support': 54.0}, '1': {'precision': 0.5846153846153846, 'recall': 0.5507246376811594, 'f1-score': 0.5671641791044776, 'support': 69.0}, 'accuracy': 0.5284552845528455, 'macro avg': {'precision': 0.5250663129973475, 'recall': 0.5253623188405797, 'f1-score': 0.5246535181236673, 'support': 123.0}, 'weighted avg': {'precision': 0.5323283949019861, 'recall': 0.5284552845528455, 'f1-score': 0.5298377450725467, 'support': 123.0}}","[[27 27]
 [31 38]]"
418,100,0.1,50,10,gbdt,0.8,0.49429708222811675,0.5,"{'0': {'precision': 0.43548387096774194, 'recall': 0.5, 'f1-score': 0.46551724137931033, 'support': 54.0}, '1': {'precision': 0.5573770491803278, 'recall': 0.4927536231884058, 'f1-score': 0.5230769230769231, 'support': 69.0}, 'accuracy': 0.4959349593495935, 'macro avg': {'precision': 0.4964304600740349, 'recall': 0.4963768115942029, 'f1-score': 0.49429708222811675, 'support': 123.0}, 'weighted avg': {'precision': 0.5038629709406559, 'recall': 0.4959349593495935, 'f1-score': 0.4978068189169955, 'support': 123.0}}","[[27 27]
 [35 34]]"
419,100,0.1,50,10,gbdt,0.8,0.46646646646646645,0.6000000000000001,"{'0': {'precision': 0.43209876543209874, 'recall': 0.6481481481481481, 'f1-score': 0.5185185185185185, 'support': 54.0}, '1': {'precision': 0.5476190476190477, 'recall': 0.3333333333333333, 'f1-score': 0.4144144144144144, 'support': 69.0}, 'accuracy': 0.4715447154471545, 'macro avg': {'precision': 0.4898589065255732, 'recall': 0.4907407407407407, 'f1-score': 0.46646646646646645, 'support': 123.0}, 'weighted avg': {'precision': 0.49690282617111886, 'recall': 0.4715447154471545, 'f1-score': 0.46011865524060647, 'support': 123.0}}","[[35 19]
 [46 23]]"
420,100,0.1,50,10,gbdt,1.0,0.5246535181236673,0.4,"{'0': {'precision': 0.46551724137931033, 'recall': 0.5, 'f1-score': 0.48214285714285715, 'support': 54.0}, '1': {'precision': 0.5846153846153846, 'recall': 0.5507246376811594, 'f1-score': 0.5671641791044776, 'support': 69.0}, 'accuracy': 0.5284552845528455, 'macro avg': {'precision': 0.5250663129973475, 'recall': 0.5253623188405797, 'f1-score': 0.5246535181236673, 'support': 123.0}, 'weighted avg': {'precision': 0.5323283949019861, 'recall': 0.5284552845528455, 'f1-score': 0.5298377450725467, 'support': 123.0}}","[[27 27]
 [31 38]]"
421,100,0.1,50,10,gbdt,1.0,0.49429708222811675,0.5,"{'0': {'precision': 0.43548387096774194, 'recall': 0.5, 'f1-score': 0.46551724137931033, 'support': 54.0}, '1': {'precision': 0.5573770491803278, 'recall': 0.4927536231884058, 'f1-score': 0.5230769230769231, 'support': 69.0}, 'accuracy': 0.4959349593495935, 'macro avg': {'precision': 0.4964304600740349, 'recall': 0.4963768115942029, 'f1-score': 0.49429708222811675, 'support': 123.0}, 'weighted avg': {'precision': 0.5038629709406559, 'recall': 0.4959349593495935, 'f1-score': 0.4978068189169955, 'support': 123.0}}","[[27 27]
 [35 34]]"
422,100,0.1,50,10,gbdt,1.0,0.46646646646646645,0.6000000000000001,"{'0': {'precision': 0.43209876543209874, 'recall': 0.6481481481481481, 'f1-score': 0.5185185185185185, 'support': 54.0}, '1': {'precision': 0.5476190476190477, 'recall': 0.3333333333333333, 'f1-score': 0.4144144144144144, 'support': 69.0}, 'accuracy': 0.4715447154471545, 'macro avg': {'precision': 0.4898589065255732, 'recall': 0.4907407407407407, 'f1-score': 0.46646646646646645, 'support': 123.0}, 'weighted avg': {'precision': 0.49690282617111886, 'recall': 0.4715447154471545, 'f1-score': 0.46011865524060647, 'support': 123.0}}","[[35 19]
 [46 23]]"
423,100,0.1,50,10,dart,0.7,0.484436198721913,0.4,"{'0': {'precision': 0.4222222222222222, 'recall': 0.35185185185185186, 'f1-score': 0.3838383838383838, 'support': 54.0}, '1': {'precision': 0.5512820512820513, 'recall': 0.6231884057971014, 'f1-score': 0.5850340136054422, 'support': 69.0}, 'accuracy': 0.5040650406504065, 'macro avg': {'precision': 0.4867521367521368, 'recall': 0.48752012882447665, 'f1-score': 0.484436198721913, 'support': 123.0}, 'weighted avg': {'precision': 0.4946216385240776, 'recall': 0.5040650406504065, 'f1-score': 0.49670422492722144, 'support': 123.0}}","[[19 35]
 [26 43]]"
424,100,0.1,50,10,dart,0.7,0.5446853516657852,0.5,"{'0': {'precision': 0.4857142857142857, 'recall': 0.6296296296296297, 'f1-score': 0.5483870967741935, 'support': 54.0}, '1': {'precision': 0.6226415094339622, 'recall': 0.4782608695652174, 'f1-score': 0.5409836065573771, 'support': 69.0}, 'accuracy': 0.5447154471544715, 'macro avg': {'precision': 0.554177897574124, 'recall': 0.5539452495974235, 'f1-score': 0.5446853516657852, 'support': 123.0}, 'weighted avg': {'precision': 0.5625271185326408, 'recall': 0.5447154471544715, 'f1-score': 0.5442339193354916, 'support': 123.0}}","[[34 20]
 [36 33]]"
425,100,0.1,50,10,dart,0.7,0.4872626215840667,0.5,"{'0': {'precision': 0.4383561643835616, 'recall': 0.5925925925925926, 'f1-score': 0.5039370078740157, 'support': 54.0}, '1': {'precision': 0.56, 'recall': 0.4057971014492754, 'f1-score': 0.47058823529411764, 'support': 69.0}, 'accuracy': 0.4878048780487805, 'macro avg': {'precision': 0.49917808219178084, 'recall': 0.499194847020934, 'f1-score': 0.4872626215840667, 'support': 123.0}, 'weighted avg': {'precision': 0.5065953892415637, 'recall': 0.4878048780487805, 'f1-score': 0.48522915984139, 'support': 123.0}}","[[32 22]
 [41 28]]"
426,100,0.1,50,10,dart,0.8,0.484436198721913,0.4,"{'0': {'precision': 0.4222222222222222, 'recall': 0.35185185185185186, 'f1-score': 0.3838383838383838, 'support': 54.0}, '1': {'precision': 0.5512820512820513, 'recall': 0.6231884057971014, 'f1-score': 0.5850340136054422, 'support': 69.0}, 'accuracy': 0.5040650406504065, 'macro avg': {'precision': 0.4867521367521368, 'recall': 0.48752012882447665, 'f1-score': 0.484436198721913, 'support': 123.0}, 'weighted avg': {'precision': 0.4946216385240776, 'recall': 0.5040650406504065, 'f1-score': 0.49670422492722144, 'support': 123.0}}","[[19 35]
 [26 43]]"
427,100,0.1,50,10,dart,0.8,0.5446853516657852,0.5,"{'0': {'precision': 0.4857142857142857, 'recall': 0.6296296296296297, 'f1-score': 0.5483870967741935, 'support': 54.0}, '1': {'precision': 0.6226415094339622, 'recall': 0.4782608695652174, 'f1-score': 0.5409836065573771, 'support': 69.0}, 'accuracy': 0.5447154471544715, 'macro avg': {'precision': 0.554177897574124, 'recall': 0.5539452495974235, 'f1-score': 0.5446853516657852, 'support': 123.0}, 'weighted avg': {'precision': 0.5625271185326408, 'recall': 0.5447154471544715, 'f1-score': 0.5442339193354916, 'support': 123.0}}","[[34 20]
 [36 33]]"
428,100,0.1,50,10,dart,0.8,0.4872626215840667,0.5,"{'0': {'precision': 0.4383561643835616, 'recall': 0.5925925925925926, 'f1-score': 0.5039370078740157, 'support': 54.0}, '1': {'precision': 0.56, 'recall': 0.4057971014492754, 'f1-score': 0.47058823529411764, 'support': 69.0}, 'accuracy': 0.4878048780487805, 'macro avg': {'precision': 0.49917808219178084, 'recall': 0.499194847020934, 'f1-score': 0.4872626215840667, 'support': 123.0}, 'weighted avg': {'precision': 0.5065953892415637, 'recall': 0.4878048780487805, 'f1-score': 0.48522915984139, 'support': 123.0}}","[[32 22]
 [41 28]]"
429,100,0.1,50,10,dart,1.0,0.484436198721913,0.4,"{'0': {'precision': 0.4222222222222222, 'recall': 0.35185185185185186, 'f1-score': 0.3838383838383838, 'support': 54.0}, '1': {'precision': 0.5512820512820513, 'recall': 0.6231884057971014, 'f1-score': 0.5850340136054422, 'support': 69.0}, 'accuracy': 0.5040650406504065, 'macro avg': {'precision': 0.4867521367521368, 'recall': 0.48752012882447665, 'f1-score': 0.484436198721913, 'support': 123.0}, 'weighted avg': {'precision': 0.4946216385240776, 'recall': 0.5040650406504065, 'f1-score': 0.49670422492722144, 'support': 123.0}}","[[19 35]
 [26 43]]"
430,100,0.1,50,10,dart,1.0,0.5446853516657852,0.5,"{'0': {'precision': 0.4857142857142857, 'recall': 0.6296296296296297, 'f1-score': 0.5483870967741935, 'support': 54.0}, '1': {'precision': 0.6226415094339622, 'recall': 0.4782608695652174, 'f1-score': 0.5409836065573771, 'support': 69.0}, 'accuracy': 0.5447154471544715, 'macro avg': {'precision': 0.554177897574124, 'recall': 0.5539452495974235, 'f1-score': 0.5446853516657852, 'support': 123.0}, 'weighted avg': {'precision': 0.5625271185326408, 'recall': 0.5447154471544715, 'f1-score': 0.5442339193354916, 'support': 123.0}}","[[34 20]
 [36 33]]"
431,100,0.1,50,10,dart,1.0,0.4872626215840667,0.5,"{'0': {'precision': 0.4383561643835616, 'recall': 0.5925925925925926, 'f1-score': 0.5039370078740157, 'support': 54.0}, '1': {'precision': 0.56, 'recall': 0.4057971014492754, 'f1-score': 0.47058823529411764, 'support': 69.0}, 'accuracy': 0.4878048780487805, 'macro avg': {'precision': 0.49917808219178084, 'recall': 0.499194847020934, 'f1-score': 0.4872626215840667, 'support': 123.0}, 'weighted avg': {'precision': 0.5065953892415637, 'recall': 0.4878048780487805, 'f1-score': 0.48522915984139, 'support': 123.0}}","[[32 22]
 [41 28]]"
432,100,0.1,70,-1,gbdt,0.7,0.5246535181236673,0.4,"{'0': {'precision': 0.46551724137931033, 'recall': 0.5, 'f1-score': 0.48214285714285715, 'support': 54.0}, '1': {'precision': 0.5846153846153846, 'recall': 0.5507246376811594, 'f1-score': 0.5671641791044776, 'support': 69.0}, 'accuracy': 0.5284552845528455, 'macro avg': {'precision': 0.5250663129973475, 'recall': 0.5253623188405797, 'f1-score': 0.5246535181236673, 'support': 123.0}, 'weighted avg': {'precision': 0.5323283949019861, 'recall': 0.5284552845528455, 'f1-score': 0.5298377450725467, 'support': 123.0}}","[[27 27]
 [31 38]]"
433,100,0.1,70,-1,gbdt,0.7,0.49429708222811675,0.5,"{'0': {'precision': 0.43548387096774194, 'recall': 0.5, 'f1-score': 0.46551724137931033, 'support': 54.0}, '1': {'precision': 0.5573770491803278, 'recall': 0.4927536231884058, 'f1-score': 0.5230769230769231, 'support': 69.0}, 'accuracy': 0.4959349593495935, 'macro avg': {'precision': 0.4964304600740349, 'recall': 0.4963768115942029, 'f1-score': 0.49429708222811675, 'support': 123.0}, 'weighted avg': {'precision': 0.5038629709406559, 'recall': 0.4959349593495935, 'f1-score': 0.4978068189169955, 'support': 123.0}}","[[27 27]
 [35 34]]"
434,100,0.1,70,-1,gbdt,0.7,0.46646646646646645,0.6000000000000001,"{'0': {'precision': 0.43209876543209874, 'recall': 0.6481481481481481, 'f1-score': 0.5185185185185185, 'support': 54.0}, '1': {'precision': 0.5476190476190477, 'recall': 0.3333333333333333, 'f1-score': 0.4144144144144144, 'support': 69.0}, 'accuracy': 0.4715447154471545, 'macro avg': {'precision': 0.4898589065255732, 'recall': 0.4907407407407407, 'f1-score': 0.46646646646646645, 'support': 123.0}, 'weighted avg': {'precision': 0.49690282617111886, 'recall': 0.4715447154471545, 'f1-score': 0.46011865524060647, 'support': 123.0}}","[[35 19]
 [46 23]]"
435,100,0.1,70,-1,gbdt,0.8,0.5246535181236673,0.4,"{'0': {'precision': 0.46551724137931033, 'recall': 0.5, 'f1-score': 0.48214285714285715, 'support': 54.0}, '1': {'precision': 0.5846153846153846, 'recall': 0.5507246376811594, 'f1-score': 0.5671641791044776, 'support': 69.0}, 'accuracy': 0.5284552845528455, 'macro avg': {'precision': 0.5250663129973475, 'recall': 0.5253623188405797, 'f1-score': 0.5246535181236673, 'support': 123.0}, 'weighted avg': {'precision': 0.5323283949019861, 'recall': 0.5284552845528455, 'f1-score': 0.5298377450725467, 'support': 123.0}}","[[27 27]
 [31 38]]"
436,100,0.1,70,-1,gbdt,0.8,0.49429708222811675,0.5,"{'0': {'precision': 0.43548387096774194, 'recall': 0.5, 'f1-score': 0.46551724137931033, 'support': 54.0}, '1': {'precision': 0.5573770491803278, 'recall': 0.4927536231884058, 'f1-score': 0.5230769230769231, 'support': 69.0}, 'accuracy': 0.4959349593495935, 'macro avg': {'precision': 0.4964304600740349, 'recall': 0.4963768115942029, 'f1-score': 0.49429708222811675, 'support': 123.0}, 'weighted avg': {'precision': 0.5038629709406559, 'recall': 0.4959349593495935, 'f1-score': 0.4978068189169955, 'support': 123.0}}","[[27 27]
 [35 34]]"
437,100,0.1,70,-1,gbdt,0.8,0.46646646646646645,0.6000000000000001,"{'0': {'precision': 0.43209876543209874, 'recall': 0.6481481481481481, 'f1-score': 0.5185185185185185, 'support': 54.0}, '1': {'precision': 0.5476190476190477, 'recall': 0.3333333333333333, 'f1-score': 0.4144144144144144, 'support': 69.0}, 'accuracy': 0.4715447154471545, 'macro avg': {'precision': 0.4898589065255732, 'recall': 0.4907407407407407, 'f1-score': 0.46646646646646645, 'support': 123.0}, 'weighted avg': {'precision': 0.49690282617111886, 'recall': 0.4715447154471545, 'f1-score': 0.46011865524060647, 'support': 123.0}}","[[35 19]
 [46 23]]"
438,100,0.1,70,-1,gbdt,1.0,0.5246535181236673,0.4,"{'0': {'precision': 0.46551724137931033, 'recall': 0.5, 'f1-score': 0.48214285714285715, 'support': 54.0}, '1': {'precision': 0.5846153846153846, 'recall': 0.5507246376811594, 'f1-score': 0.5671641791044776, 'support': 69.0}, 'accuracy': 0.5284552845528455, 'macro avg': {'precision': 0.5250663129973475, 'recall': 0.5253623188405797, 'f1-score': 0.5246535181236673, 'support': 123.0}, 'weighted avg': {'precision': 0.5323283949019861, 'recall': 0.5284552845528455, 'f1-score': 0.5298377450725467, 'support': 123.0}}","[[27 27]
 [31 38]]"
439,100,0.1,70,-1,gbdt,1.0,0.49429708222811675,0.5,"{'0': {'precision': 0.43548387096774194, 'recall': 0.5, 'f1-score': 0.46551724137931033, 'support': 54.0}, '1': {'precision': 0.5573770491803278, 'recall': 0.4927536231884058, 'f1-score': 0.5230769230769231, 'support': 69.0}, 'accuracy': 0.4959349593495935, 'macro avg': {'precision': 0.4964304600740349, 'recall': 0.4963768115942029, 'f1-score': 0.49429708222811675, 'support': 123.0}, 'weighted avg': {'precision': 0.5038629709406559, 'recall': 0.4959349593495935, 'f1-score': 0.4978068189169955, 'support': 123.0}}","[[27 27]
 [35 34]]"
440,100,0.1,70,-1,gbdt,1.0,0.46646646646646645,0.6000000000000001,"{'0': {'precision': 0.43209876543209874, 'recall': 0.6481481481481481, 'f1-score': 0.5185185185185185, 'support': 54.0}, '1': {'precision': 0.5476190476190477, 'recall': 0.3333333333333333, 'f1-score': 0.4144144144144144, 'support': 69.0}, 'accuracy': 0.4715447154471545, 'macro avg': {'precision': 0.4898589065255732, 'recall': 0.4907407407407407, 'f1-score': 0.46646646646646645, 'support': 123.0}, 'weighted avg': {'precision': 0.49690282617111886, 'recall': 0.4715447154471545, 'f1-score': 0.46011865524060647, 'support': 123.0}}","[[35 19]
 [46 23]]"
441,100,0.1,70,-1,dart,0.7,0.484436198721913,0.4,"{'0': {'precision': 0.4222222222222222, 'recall': 0.35185185185185186, 'f1-score': 0.3838383838383838, 'support': 54.0}, '1': {'precision': 0.5512820512820513, 'recall': 0.6231884057971014, 'f1-score': 0.5850340136054422, 'support': 69.0}, 'accuracy': 0.5040650406504065, 'macro avg': {'precision': 0.4867521367521368, 'recall': 0.48752012882447665, 'f1-score': 0.484436198721913, 'support': 123.0}, 'weighted avg': {'precision': 0.4946216385240776, 'recall': 0.5040650406504065, 'f1-score': 0.49670422492722144, 'support': 123.0}}","[[19 35]
 [26 43]]"
442,100,0.1,70,-1,dart,0.7,0.4959016393442623,0.5,"{'0': {'precision': 0.44285714285714284, 'recall': 0.5740740740740741, 'f1-score': 0.5, 'support': 54.0}, '1': {'precision': 0.5660377358490566, 'recall': 0.43478260869565216, 'f1-score': 0.4918032786885246, 'support': 69.0}, 'accuracy': 0.4959349593495935, 'macro avg': {'precision': 0.5044474393530998, 'recall': 0.5044283413848631, 'f1-score': 0.4959016393442623, 'support': 123.0}, 'weighted avg': {'precision': 0.5119584511208993, 'recall': 0.4959349593495935, 'f1-score': 0.49540183926429426, 'support': 123.0}}","[[31 23]
 [39 30]]"
443,100,0.1,70,-1,dart,0.7,0.4872626215840667,0.5,"{'0': {'precision': 0.4383561643835616, 'recall': 0.5925925925925926, 'f1-score': 0.5039370078740157, 'support': 54.0}, '1': {'precision': 0.56, 'recall': 0.4057971014492754, 'f1-score': 0.47058823529411764, 'support': 69.0}, 'accuracy': 0.4878048780487805, 'macro avg': {'precision': 0.49917808219178084, 'recall': 0.499194847020934, 'f1-score': 0.4872626215840667, 'support': 123.0}, 'weighted avg': {'precision': 0.5065953892415637, 'recall': 0.4878048780487805, 'f1-score': 0.48522915984139, 'support': 123.0}}","[[32 22]
 [41 28]]"
444,100,0.1,70,-1,dart,0.8,0.484436198721913,0.4,"{'0': {'precision': 0.4222222222222222, 'recall': 0.35185185185185186, 'f1-score': 0.3838383838383838, 'support': 54.0}, '1': {'precision': 0.5512820512820513, 'recall': 0.6231884057971014, 'f1-score': 0.5850340136054422, 'support': 69.0}, 'accuracy': 0.5040650406504065, 'macro avg': {'precision': 0.4867521367521368, 'recall': 0.48752012882447665, 'f1-score': 0.484436198721913, 'support': 123.0}, 'weighted avg': {'precision': 0.4946216385240776, 'recall': 0.5040650406504065, 'f1-score': 0.49670422492722144, 'support': 123.0}}","[[19 35]
 [26 43]]"
445,100,0.1,70,-1,dart,0.8,0.4959016393442623,0.5,"{'0': {'precision': 0.44285714285714284, 'recall': 0.5740740740740741, 'f1-score': 0.5, 'support': 54.0}, '1': {'precision': 0.5660377358490566, 'recall': 0.43478260869565216, 'f1-score': 0.4918032786885246, 'support': 69.0}, 'accuracy': 0.4959349593495935, 'macro avg': {'precision': 0.5044474393530998, 'recall': 0.5044283413848631, 'f1-score': 0.4959016393442623, 'support': 123.0}, 'weighted avg': {'precision': 0.5119584511208993, 'recall': 0.4959349593495935, 'f1-score': 0.49540183926429426, 'support': 123.0}}","[[31 23]
 [39 30]]"
446,100,0.1,70,-1,dart,0.8,0.4872626215840667,0.5,"{'0': {'precision': 0.4383561643835616, 'recall': 0.5925925925925926, 'f1-score': 0.5039370078740157, 'support': 54.0}, '1': {'precision': 0.56, 'recall': 0.4057971014492754, 'f1-score': 0.47058823529411764, 'support': 69.0}, 'accuracy': 0.4878048780487805, 'macro avg': {'precision': 0.49917808219178084, 'recall': 0.499194847020934, 'f1-score': 0.4872626215840667, 'support': 123.0}, 'weighted avg': {'precision': 0.5065953892415637, 'recall': 0.4878048780487805, 'f1-score': 0.48522915984139, 'support': 123.0}}","[[32 22]
 [41 28]]"
447,100,0.1,70,-1,dart,1.0,0.484436198721913,0.4,"{'0': {'precision': 0.4222222222222222, 'recall': 0.35185185185185186, 'f1-score': 0.3838383838383838, 'support': 54.0}, '1': {'precision': 0.5512820512820513, 'recall': 0.6231884057971014, 'f1-score': 0.5850340136054422, 'support': 69.0}, 'accuracy': 0.5040650406504065, 'macro avg': {'precision': 0.4867521367521368, 'recall': 0.48752012882447665, 'f1-score': 0.484436198721913, 'support': 123.0}, 'weighted avg': {'precision': 0.4946216385240776, 'recall': 0.5040650406504065, 'f1-score': 0.49670422492722144, 'support': 123.0}}","[[19 35]
 [26 43]]"
448,100,0.1,70,-1,dart,1.0,0.4959016393442623,0.5,"{'0': {'precision': 0.44285714285714284, 'recall': 0.5740740740740741, 'f1-score': 0.5, 'support': 54.0}, '1': {'precision': 0.5660377358490566, 'recall': 0.43478260869565216, 'f1-score': 0.4918032786885246, 'support': 69.0}, 'accuracy': 0.4959349593495935, 'macro avg': {'precision': 0.5044474393530998, 'recall': 0.5044283413848631, 'f1-score': 0.4959016393442623, 'support': 123.0}, 'weighted avg': {'precision': 0.5119584511208993, 'recall': 0.4959349593495935, 'f1-score': 0.49540183926429426, 'support': 123.0}}","[[31 23]
 [39 30]]"
449,100,0.1,70,-1,dart,1.0,0.4872626215840667,0.5,"{'0': {'precision': 0.4383561643835616, 'recall': 0.5925925925925926, 'f1-score': 0.5039370078740157, 'support': 54.0}, '1': {'precision': 0.56, 'recall': 0.4057971014492754, 'f1-score': 0.47058823529411764, 'support': 69.0}, 'accuracy': 0.4878048780487805, 'macro avg': {'precision': 0.49917808219178084, 'recall': 0.499194847020934, 'f1-score': 0.4872626215840667, 'support': 123.0}, 'weighted avg': {'precision': 0.5065953892415637, 'recall': 0.4878048780487805, 'f1-score': 0.48522915984139, 'support': 123.0}}","[[32 22]
 [41 28]]"
450,100,0.1,70,5,gbdt,0.7,0.42551411641687,0.7000000000000001,"{'0': {'precision': 0.4329896907216495, 'recall': 0.7777777777777778, 'f1-score': 0.5562913907284768, 'support': 54.0}, '1': {'precision': 0.5384615384615384, 'recall': 0.2028985507246377, 'f1-score': 0.29473684210526313, 'support': 69.0}, 'accuracy': 0.45528455284552843, 'macro avg': {'precision': 0.48572561459159397, 'recall': 0.49033816425120774, 'f1-score': 0.42551411641687, 'support': 123.0}, 'weighted avg': {'precision': 0.492156824819636, 'recall': 0.45528455284552843, 'f1-score': 0.4095656683300887, 'support': 123.0}}","[[42 12]
 [55 14]]"
451,100,0.1,70,5,gbdt,0.7,0.4992992992992993,0.4,"{'0': {'precision': 0.43859649122807015, 'recall': 0.46296296296296297, 'f1-score': 0.45045045045045046, 'support': 54.0}, '1': {'precision': 0.5606060606060606, 'recall': 0.5362318840579711, 'f1-score': 0.5481481481481482, 'support': 69.0}, 'accuracy': 0.5040650406504065, 'macro avg': {'precision': 0.4996012759170654, 'recall': 0.499597423510467, 'f1-score': 0.4992992992992993, 'support': 123.0}, 'weighted avg': {'precision': 0.5070408838059672, 'recall': 0.5040650406504065, 'f1-score': 0.5052564759881834, 'support': 123.0}}","[[25 29]
 [32 37]]"
452,100,0.1,70,5,gbdt,0.7,0.46337916446324695,0.5,"{'0': {'precision': 0.4142857142857143, 'recall': 0.5370370370370371, 'f1-score': 0.46774193548387094, 'support': 54.0}, '1': {'precision': 0.5283018867924528, 'recall': 0.4057971014492754, 'f1-score': 0.45901639344262296, 'support': 69.0}, 'accuracy': 0.4634146341463415, 'macro avg': {'precision': 0.47129380053908354, 'recall': 0.47141706924315624, 'f1-score': 0.46337916446324695, 'support': 123.0}, 'weighted avg': {'precision': 0.47824600617973834, 'recall': 0.4634146341463415, 'f1-score': 0.4628471192168294, 'support': 123.0}}","[[29 25]
 [41 28]]"
453,100,0.1,70,5,gbdt,0.8,0.42551411641687,0.7000000000000001,"{'0': {'precision': 0.4329896907216495, 'recall': 0.7777777777777778, 'f1-score': 0.5562913907284768, 'support': 54.0}, '1': {'precision': 0.5384615384615384, 'recall': 0.2028985507246377, 'f1-score': 0.29473684210526313, 'support': 69.0}, 'accuracy': 0.45528455284552843, 'macro avg': {'precision': 0.48572561459159397, 'recall': 0.49033816425120774, 'f1-score': 0.42551411641687, 'support': 123.0}, 'weighted avg': {'precision': 0.492156824819636, 'recall': 0.45528455284552843, 'f1-score': 0.4095656683300887, 'support': 123.0}}","[[42 12]
 [55 14]]"
454,100,0.1,70,5,gbdt,0.8,0.4992992992992993,0.4,"{'0': {'precision': 0.43859649122807015, 'recall': 0.46296296296296297, 'f1-score': 0.45045045045045046, 'support': 54.0}, '1': {'precision': 0.5606060606060606, 'recall': 0.5362318840579711, 'f1-score': 0.5481481481481482, 'support': 69.0}, 'accuracy': 0.5040650406504065, 'macro avg': {'precision': 0.4996012759170654, 'recall': 0.499597423510467, 'f1-score': 0.4992992992992993, 'support': 123.0}, 'weighted avg': {'precision': 0.5070408838059672, 'recall': 0.5040650406504065, 'f1-score': 0.5052564759881834, 'support': 123.0}}","[[25 29]
 [32 37]]"
455,100,0.1,70,5,gbdt,0.8,0.46337916446324695,0.5,"{'0': {'precision': 0.4142857142857143, 'recall': 0.5370370370370371, 'f1-score': 0.46774193548387094, 'support': 54.0}, '1': {'precision': 0.5283018867924528, 'recall': 0.4057971014492754, 'f1-score': 0.45901639344262296, 'support': 69.0}, 'accuracy': 0.4634146341463415, 'macro avg': {'precision': 0.47129380053908354, 'recall': 0.47141706924315624, 'f1-score': 0.46337916446324695, 'support': 123.0}, 'weighted avg': {'precision': 0.47824600617973834, 'recall': 0.4634146341463415, 'f1-score': 0.4628471192168294, 'support': 123.0}}","[[29 25]
 [41 28]]"
456,100,0.1,70,5,gbdt,1.0,0.42551411641687,0.7000000000000001,"{'0': {'precision': 0.4329896907216495, 'recall': 0.7777777777777778, 'f1-score': 0.5562913907284768, 'support': 54.0}, '1': {'precision': 0.5384615384615384, 'recall': 0.2028985507246377, 'f1-score': 0.29473684210526313, 'support': 69.0}, 'accuracy': 0.45528455284552843, 'macro avg': {'precision': 0.48572561459159397, 'recall': 0.49033816425120774, 'f1-score': 0.42551411641687, 'support': 123.0}, 'weighted avg': {'precision': 0.492156824819636, 'recall': 0.45528455284552843, 'f1-score': 0.4095656683300887, 'support': 123.0}}","[[42 12]
 [55 14]]"
457,100,0.1,70,5,gbdt,1.0,0.4992992992992993,0.4,"{'0': {'precision': 0.43859649122807015, 'recall': 0.46296296296296297, 'f1-score': 0.45045045045045046, 'support': 54.0}, '1': {'precision': 0.5606060606060606, 'recall': 0.5362318840579711, 'f1-score': 0.5481481481481482, 'support': 69.0}, 'accuracy': 0.5040650406504065, 'macro avg': {'precision': 0.4996012759170654, 'recall': 0.499597423510467, 'f1-score': 0.4992992992992993, 'support': 123.0}, 'weighted avg': {'precision': 0.5070408838059672, 'recall': 0.5040650406504065, 'f1-score': 0.5052564759881834, 'support': 123.0}}","[[25 29]
 [32 37]]"
458,100,0.1,70,5,gbdt,1.0,0.46337916446324695,0.5,"{'0': {'precision': 0.4142857142857143, 'recall': 0.5370370370370371, 'f1-score': 0.46774193548387094, 'support': 54.0}, '1': {'precision': 0.5283018867924528, 'recall': 0.4057971014492754, 'f1-score': 0.45901639344262296, 'support': 69.0}, 'accuracy': 0.4634146341463415, 'macro avg': {'precision': 0.47129380053908354, 'recall': 0.47141706924315624, 'f1-score': 0.46337916446324695, 'support': 123.0}, 'weighted avg': {'precision': 0.47824600617973834, 'recall': 0.4634146341463415, 'f1-score': 0.4628471192168294, 'support': 123.0}}","[[29 25]
 [41 28]]"
459,100,0.1,70,5,dart,0.7,0.4959016393442623,0.5,"{'0': {'precision': 0.4411764705882353, 'recall': 0.5555555555555556, 'f1-score': 0.4918032786885246, 'support': 54.0}, '1': {'precision': 0.5636363636363636, 'recall': 0.4492753623188406, 'f1-score': 0.5, 'support': 69.0}, 'accuracy': 0.4959349593495935, 'macro avg': {'precision': 0.5024064171122995, 'recall': 0.5024154589371981, 'f1-score': 0.4959016393442623, 'support': 123.0}, 'weighted avg': {'precision': 0.5098734837615756, 'recall': 0.4959349593495935, 'f1-score': 0.4964014394242303, 'support': 123.0}}","[[30 24]
 [38 31]]"
460,100,0.1,70,5,dart,0.7,0.45407989074769545,0.4,"{'0': {'precision': 0.3829787234042553, 'recall': 0.3333333333333333, 'f1-score': 0.3564356435643564, 'support': 54.0}, '1': {'precision': 0.5263157894736842, 'recall': 0.5797101449275363, 'f1-score': 0.5517241379310345, 'support': 69.0}, 'accuracy': 0.4715447154471545, 'macro avg': {'precision': 0.45464725643896975, 'recall': 0.4565217391304348, 'f1-score': 0.45407989074769545, 'support': 123.0}, 'weighted avg': {'precision': 0.4633873214432032, 'recall': 0.4715447154471545, 'f1-score': 0.4659877257700539, 'support': 123.0}}","[[18 36]
 [29 40]]"
461,100,0.1,70,5,dart,0.7,0.4872626215840667,0.5,"{'0': {'precision': 0.4383561643835616, 'recall': 0.5925925925925926, 'f1-score': 0.5039370078740157, 'support': 54.0}, '1': {'precision': 0.56, 'recall': 0.4057971014492754, 'f1-score': 0.47058823529411764, 'support': 69.0}, 'accuracy': 0.4878048780487805, 'macro avg': {'precision': 0.49917808219178084, 'recall': 0.499194847020934, 'f1-score': 0.4872626215840667, 'support': 123.0}, 'weighted avg': {'precision': 0.5065953892415637, 'recall': 0.4878048780487805, 'f1-score': 0.48522915984139, 'support': 123.0}}","[[32 22]
 [41 28]]"
462,100,0.1,70,5,dart,0.8,0.4959016393442623,0.5,"{'0': {'precision': 0.4411764705882353, 'recall': 0.5555555555555556, 'f1-score': 0.4918032786885246, 'support': 54.0}, '1': {'precision': 0.5636363636363636, 'recall': 0.4492753623188406, 'f1-score': 0.5, 'support': 69.0}, 'accuracy': 0.4959349593495935, 'macro avg': {'precision': 0.5024064171122995, 'recall': 0.5024154589371981, 'f1-score': 0.4959016393442623, 'support': 123.0}, 'weighted avg': {'precision': 0.5098734837615756, 'recall': 0.4959349593495935, 'f1-score': 0.4964014394242303, 'support': 123.0}}","[[30 24]
 [38 31]]"
463,100,0.1,70,5,dart,0.8,0.45407989074769545,0.4,"{'0': {'precision': 0.3829787234042553, 'recall': 0.3333333333333333, 'f1-score': 0.3564356435643564, 'support': 54.0}, '1': {'precision': 0.5263157894736842, 'recall': 0.5797101449275363, 'f1-score': 0.5517241379310345, 'support': 69.0}, 'accuracy': 0.4715447154471545, 'macro avg': {'precision': 0.45464725643896975, 'recall': 0.4565217391304348, 'f1-score': 0.45407989074769545, 'support': 123.0}, 'weighted avg': {'precision': 0.4633873214432032, 'recall': 0.4715447154471545, 'f1-score': 0.4659877257700539, 'support': 123.0}}","[[18 36]
 [29 40]]"
464,100,0.1,70,5,dart,0.8,0.4872626215840667,0.5,"{'0': {'precision': 0.4383561643835616, 'recall': 0.5925925925925926, 'f1-score': 0.5039370078740157, 'support': 54.0}, '1': {'precision': 0.56, 'recall': 0.4057971014492754, 'f1-score': 0.47058823529411764, 'support': 69.0}, 'accuracy': 0.4878048780487805, 'macro avg': {'precision': 0.49917808219178084, 'recall': 0.499194847020934, 'f1-score': 0.4872626215840667, 'support': 123.0}, 'weighted avg': {'precision': 0.5065953892415637, 'recall': 0.4878048780487805, 'f1-score': 0.48522915984139, 'support': 123.0}}","[[32 22]
 [41 28]]"
465,100,0.1,70,5,dart,1.0,0.4959016393442623,0.5,"{'0': {'precision': 0.4411764705882353, 'recall': 0.5555555555555556, 'f1-score': 0.4918032786885246, 'support': 54.0}, '1': {'precision': 0.5636363636363636, 'recall': 0.4492753623188406, 'f1-score': 0.5, 'support': 69.0}, 'accuracy': 0.4959349593495935, 'macro avg': {'precision': 0.5024064171122995, 'recall': 0.5024154589371981, 'f1-score': 0.4959016393442623, 'support': 123.0}, 'weighted avg': {'precision': 0.5098734837615756, 'recall': 0.4959349593495935, 'f1-score': 0.4964014394242303, 'support': 123.0}}","[[30 24]
 [38 31]]"
466,100,0.1,70,5,dart,1.0,0.45407989074769545,0.4,"{'0': {'precision': 0.3829787234042553, 'recall': 0.3333333333333333, 'f1-score': 0.3564356435643564, 'support': 54.0}, '1': {'precision': 0.5263157894736842, 'recall': 0.5797101449275363, 'f1-score': 0.5517241379310345, 'support': 69.0}, 'accuracy': 0.4715447154471545, 'macro avg': {'precision': 0.45464725643896975, 'recall': 0.4565217391304348, 'f1-score': 0.45407989074769545, 'support': 123.0}, 'weighted avg': {'precision': 0.4633873214432032, 'recall': 0.4715447154471545, 'f1-score': 0.4659877257700539, 'support': 123.0}}","[[18 36]
 [29 40]]"
467,100,0.1,70,5,dart,1.0,0.4872626215840667,0.5,"{'0': {'precision': 0.4383561643835616, 'recall': 0.5925925925925926, 'f1-score': 0.5039370078740157, 'support': 54.0}, '1': {'precision': 0.56, 'recall': 0.4057971014492754, 'f1-score': 0.47058823529411764, 'support': 69.0}, 'accuracy': 0.4878048780487805, 'macro avg': {'precision': 0.49917808219178084, 'recall': 0.499194847020934, 'f1-score': 0.4872626215840667, 'support': 123.0}, 'weighted avg': {'precision': 0.5065953892415637, 'recall': 0.4878048780487805, 'f1-score': 0.48522915984139, 'support': 123.0}}","[[32 22]
 [41 28]]"
468,100,0.1,70,10,gbdt,0.7,0.5246535181236673,0.4,"{'0': {'precision': 0.46551724137931033, 'recall': 0.5, 'f1-score': 0.48214285714285715, 'support': 54.0}, '1': {'precision': 0.5846153846153846, 'recall': 0.5507246376811594, 'f1-score': 0.5671641791044776, 'support': 69.0}, 'accuracy': 0.5284552845528455, 'macro avg': {'precision': 0.5250663129973475, 'recall': 0.5253623188405797, 'f1-score': 0.5246535181236673, 'support': 123.0}, 'weighted avg': {'precision': 0.5323283949019861, 'recall': 0.5284552845528455, 'f1-score': 0.5298377450725467, 'support': 123.0}}","[[27 27]
 [31 38]]"
469,100,0.1,70,10,gbdt,0.7,0.49429708222811675,0.5,"{'0': {'precision': 0.43548387096774194, 'recall': 0.5, 'f1-score': 0.46551724137931033, 'support': 54.0}, '1': {'precision': 0.5573770491803278, 'recall': 0.4927536231884058, 'f1-score': 0.5230769230769231, 'support': 69.0}, 'accuracy': 0.4959349593495935, 'macro avg': {'precision': 0.4964304600740349, 'recall': 0.4963768115942029, 'f1-score': 0.49429708222811675, 'support': 123.0}, 'weighted avg': {'precision': 0.5038629709406559, 'recall': 0.4959349593495935, 'f1-score': 0.4978068189169955, 'support': 123.0}}","[[27 27]
 [35 34]]"
470,100,0.1,70,10,gbdt,0.7,0.46646646646646645,0.6000000000000001,"{'0': {'precision': 0.43209876543209874, 'recall': 0.6481481481481481, 'f1-score': 0.5185185185185185, 'support': 54.0}, '1': {'precision': 0.5476190476190477, 'recall': 0.3333333333333333, 'f1-score': 0.4144144144144144, 'support': 69.0}, 'accuracy': 0.4715447154471545, 'macro avg': {'precision': 0.4898589065255732, 'recall': 0.4907407407407407, 'f1-score': 0.46646646646646645, 'support': 123.0}, 'weighted avg': {'precision': 0.49690282617111886, 'recall': 0.4715447154471545, 'f1-score': 0.46011865524060647, 'support': 123.0}}","[[35 19]
 [46 23]]"
471,100,0.1,70,10,gbdt,0.8,0.5246535181236673,0.4,"{'0': {'precision': 0.46551724137931033, 'recall': 0.5, 'f1-score': 0.48214285714285715, 'support': 54.0}, '1': {'precision': 0.5846153846153846, 'recall': 0.5507246376811594, 'f1-score': 0.5671641791044776, 'support': 69.0}, 'accuracy': 0.5284552845528455, 'macro avg': {'precision': 0.5250663129973475, 'recall': 0.5253623188405797, 'f1-score': 0.5246535181236673, 'support': 123.0}, 'weighted avg': {'precision': 0.5323283949019861, 'recall': 0.5284552845528455, 'f1-score': 0.5298377450725467, 'support': 123.0}}","[[27 27]
 [31 38]]"
472,100,0.1,70,10,gbdt,0.8,0.49429708222811675,0.5,"{'0': {'precision': 0.43548387096774194, 'recall': 0.5, 'f1-score': 0.46551724137931033, 'support': 54.0}, '1': {'precision': 0.5573770491803278, 'recall': 0.4927536231884058, 'f1-score': 0.5230769230769231, 'support': 69.0}, 'accuracy': 0.4959349593495935, 'macro avg': {'precision': 0.4964304600740349, 'recall': 0.4963768115942029, 'f1-score': 0.49429708222811675, 'support': 123.0}, 'weighted avg': {'precision': 0.5038629709406559, 'recall': 0.4959349593495935, 'f1-score': 0.4978068189169955, 'support': 123.0}}","[[27 27]
 [35 34]]"
473,100,0.1,70,10,gbdt,0.8,0.46646646646646645,0.6000000000000001,"{'0': {'precision': 0.43209876543209874, 'recall': 0.6481481481481481, 'f1-score': 0.5185185185185185, 'support': 54.0}, '1': {'precision': 0.5476190476190477, 'recall': 0.3333333333333333, 'f1-score': 0.4144144144144144, 'support': 69.0}, 'accuracy': 0.4715447154471545, 'macro avg': {'precision': 0.4898589065255732, 'recall': 0.4907407407407407, 'f1-score': 0.46646646646646645, 'support': 123.0}, 'weighted avg': {'precision': 0.49690282617111886, 'recall': 0.4715447154471545, 'f1-score': 0.46011865524060647, 'support': 123.0}}","[[35 19]
 [46 23]]"
474,100,0.1,70,10,gbdt,1.0,0.5246535181236673,0.4,"{'0': {'precision': 0.46551724137931033, 'recall': 0.5, 'f1-score': 0.48214285714285715, 'support': 54.0}, '1': {'precision': 0.5846153846153846, 'recall': 0.5507246376811594, 'f1-score': 0.5671641791044776, 'support': 69.0}, 'accuracy': 0.5284552845528455, 'macro avg': {'precision': 0.5250663129973475, 'recall': 0.5253623188405797, 'f1-score': 0.5246535181236673, 'support': 123.0}, 'weighted avg': {'precision': 0.5323283949019861, 'recall': 0.5284552845528455, 'f1-score': 0.5298377450725467, 'support': 123.0}}","[[27 27]
 [31 38]]"
475,100,0.1,70,10,gbdt,1.0,0.49429708222811675,0.5,"{'0': {'precision': 0.43548387096774194, 'recall': 0.5, 'f1-score': 0.46551724137931033, 'support': 54.0}, '1': {'precision': 0.5573770491803278, 'recall': 0.4927536231884058, 'f1-score': 0.5230769230769231, 'support': 69.0}, 'accuracy': 0.4959349593495935, 'macro avg': {'precision': 0.4964304600740349, 'recall': 0.4963768115942029, 'f1-score': 0.49429708222811675, 'support': 123.0}, 'weighted avg': {'precision': 0.5038629709406559, 'recall': 0.4959349593495935, 'f1-score': 0.4978068189169955, 'support': 123.0}}","[[27 27]
 [35 34]]"
476,100,0.1,70,10,gbdt,1.0,0.46646646646646645,0.6000000000000001,"{'0': {'precision': 0.43209876543209874, 'recall': 0.6481481481481481, 'f1-score': 0.5185185185185185, 'support': 54.0}, '1': {'precision': 0.5476190476190477, 'recall': 0.3333333333333333, 'f1-score': 0.4144144144144144, 'support': 69.0}, 'accuracy': 0.4715447154471545, 'macro avg': {'precision': 0.4898589065255732, 'recall': 0.4907407407407407, 'f1-score': 0.46646646646646645, 'support': 123.0}, 'weighted avg': {'precision': 0.49690282617111886, 'recall': 0.4715447154471545, 'f1-score': 0.46011865524060647, 'support': 123.0}}","[[35 19]
 [46 23]]"
477,100,0.1,70,10,dart,0.7,0.484436198721913,0.4,"{'0': {'precision': 0.4222222222222222, 'recall': 0.35185185185185186, 'f1-score': 0.3838383838383838, 'support': 54.0}, '1': {'precision': 0.5512820512820513, 'recall': 0.6231884057971014, 'f1-score': 0.5850340136054422, 'support': 69.0}, 'accuracy': 0.5040650406504065, 'macro avg': {'precision': 0.4867521367521368, 'recall': 0.48752012882447665, 'f1-score': 0.484436198721913, 'support': 123.0}, 'weighted avg': {'precision': 0.4946216385240776, 'recall': 0.5040650406504065, 'f1-score': 0.49670422492722144, 'support': 123.0}}","[[19 35]
 [26 43]]"
478,100,0.1,70,10,dart,0.7,0.5446853516657852,0.5,"{'0': {'precision': 0.4857142857142857, 'recall': 0.6296296296296297, 'f1-score': 0.5483870967741935, 'support': 54.0}, '1': {'precision': 0.6226415094339622, 'recall': 0.4782608695652174, 'f1-score': 0.5409836065573771, 'support': 69.0}, 'accuracy': 0.5447154471544715, 'macro avg': {'precision': 0.554177897574124, 'recall': 0.5539452495974235, 'f1-score': 0.5446853516657852, 'support': 123.0}, 'weighted avg': {'precision': 0.5625271185326408, 'recall': 0.5447154471544715, 'f1-score': 0.5442339193354916, 'support': 123.0}}","[[34 20]
 [36 33]]"
479,100,0.1,70,10,dart,0.7,0.4872626215840667,0.5,"{'0': {'precision': 0.4383561643835616, 'recall': 0.5925925925925926, 'f1-score': 0.5039370078740157, 'support': 54.0}, '1': {'precision': 0.56, 'recall': 0.4057971014492754, 'f1-score': 0.47058823529411764, 'support': 69.0}, 'accuracy': 0.4878048780487805, 'macro avg': {'precision': 0.49917808219178084, 'recall': 0.499194847020934, 'f1-score': 0.4872626215840667, 'support': 123.0}, 'weighted avg': {'precision': 0.5065953892415637, 'recall': 0.4878048780487805, 'f1-score': 0.48522915984139, 'support': 123.0}}","[[32 22]
 [41 28]]"
480,100,0.1,70,10,dart,0.8,0.484436198721913,0.4,"{'0': {'precision': 0.4222222222222222, 'recall': 0.35185185185185186, 'f1-score': 0.3838383838383838, 'support': 54.0}, '1': {'precision': 0.5512820512820513, 'recall': 0.6231884057971014, 'f1-score': 0.5850340136054422, 'support': 69.0}, 'accuracy': 0.5040650406504065, 'macro avg': {'precision': 0.4867521367521368, 'recall': 0.48752012882447665, 'f1-score': 0.484436198721913, 'support': 123.0}, 'weighted avg': {'precision': 0.4946216385240776, 'recall': 0.5040650406504065, 'f1-score': 0.49670422492722144, 'support': 123.0}}","[[19 35]
 [26 43]]"
481,100,0.1,70,10,dart,0.8,0.5446853516657852,0.5,"{'0': {'precision': 0.4857142857142857, 'recall': 0.6296296296296297, 'f1-score': 0.5483870967741935, 'support': 54.0}, '1': {'precision': 0.6226415094339622, 'recall': 0.4782608695652174, 'f1-score': 0.5409836065573771, 'support': 69.0}, 'accuracy': 0.5447154471544715, 'macro avg': {'precision': 0.554177897574124, 'recall': 0.5539452495974235, 'f1-score': 0.5446853516657852, 'support': 123.0}, 'weighted avg': {'precision': 0.5625271185326408, 'recall': 0.5447154471544715, 'f1-score': 0.5442339193354916, 'support': 123.0}}","[[34 20]
 [36 33]]"
482,100,0.1,70,10,dart,0.8,0.4872626215840667,0.5,"{'0': {'precision': 0.4383561643835616, 'recall': 0.5925925925925926, 'f1-score': 0.5039370078740157, 'support': 54.0}, '1': {'precision': 0.56, 'recall': 0.4057971014492754, 'f1-score': 0.47058823529411764, 'support': 69.0}, 'accuracy': 0.4878048780487805, 'macro avg': {'precision': 0.49917808219178084, 'recall': 0.499194847020934, 'f1-score': 0.4872626215840667, 'support': 123.0}, 'weighted avg': {'precision': 0.5065953892415637, 'recall': 0.4878048780487805, 'f1-score': 0.48522915984139, 'support': 123.0}}","[[32 22]
 [41 28]]"
483,100,0.1,70,10,dart,1.0,0.484436198721913,0.4,"{'0': {'precision': 0.4222222222222222, 'recall': 0.35185185185185186, 'f1-score': 0.3838383838383838, 'support': 54.0}, '1': {'precision': 0.5512820512820513, 'recall': 0.6231884057971014, 'f1-score': 0.5850340136054422, 'support': 69.0}, 'accuracy': 0.5040650406504065, 'macro avg': {'precision': 0.4867521367521368, 'recall': 0.48752012882447665, 'f1-score': 0.484436198721913, 'support': 123.0}, 'weighted avg': {'precision': 0.4946216385240776, 'recall': 0.5040650406504065, 'f1-score': 0.49670422492722144, 'support': 123.0}}","[[19 35]
 [26 43]]"
484,100,0.1,70,10,dart,1.0,0.5446853516657852,0.5,"{'0': {'precision': 0.4857142857142857, 'recall': 0.6296296296296297, 'f1-score': 0.5483870967741935, 'support': 54.0}, '1': {'precision': 0.6226415094339622, 'recall': 0.4782608695652174, 'f1-score': 0.5409836065573771, 'support': 69.0}, 'accuracy': 0.5447154471544715, 'macro avg': {'precision': 0.554177897574124, 'recall': 0.5539452495974235, 'f1-score': 0.5446853516657852, 'support': 123.0}, 'weighted avg': {'precision': 0.5625271185326408, 'recall': 0.5447154471544715, 'f1-score': 0.5442339193354916, 'support': 123.0}}","[[34 20]
 [36 33]]"
485,100,0.1,70,10,dart,1.0,0.4872626215840667,0.5,"{'0': {'precision': 0.4383561643835616, 'recall': 0.5925925925925926, 'f1-score': 0.5039370078740157, 'support': 54.0}, '1': {'precision': 0.56, 'recall': 0.4057971014492754, 'f1-score': 0.47058823529411764, 'support': 69.0}, 'accuracy': 0.4878048780487805, 'macro avg': {'precision': 0.49917808219178084, 'recall': 0.499194847020934, 'f1-score': 0.4872626215840667, 'support': 123.0}, 'weighted avg': {'precision': 0.5065953892415637, 'recall': 0.4878048780487805, 'f1-score': 0.48522915984139, 'support': 123.0}}","[[32 22]
 [41 28]]"
486,200,0.01,31,-1,gbdt,0.7,0.48998524140839134,0.4,"{'0': {'precision': 0.4358974358974359, 'recall': 0.3148148148148148, 'f1-score': 0.3655913978494624, 'support': 54.0}, '1': {'precision': 0.5595238095238095, 'recall': 0.6811594202898551, 'f1-score': 0.6143790849673203, 'support': 69.0}, 'accuracy': 0.5203252032520326, 'macro avg': {'precision': 0.4977106227106227, 'recall': 0.49798711755233493, 'f1-score': 0.48998524140839134, 'support': 123.0}, 'weighted avg': {'precision': 0.5052488162244261, 'recall': 0.5203252032520326, 'f1-score': 0.5051552223302119, 'support': 123.0}}","[[17 37]
 [22 47]]"
487,200,0.01,31,-1,gbdt,0.7,0.46174477696216826,0.4,"{'0': {'precision': 0.39473684210526316, 'recall': 0.2777777777777778, 'f1-score': 0.32608695652173914, 'support': 54.0}, '1': {'precision': 0.5411764705882353, 'recall': 0.6666666666666666, 'f1-score': 0.5974025974025974, 'support': 69.0}, 'accuracy': 0.4959349593495935, 'macro avg': {'precision': 0.4679566563467492, 'recall': 0.4722222222222222, 'f1-score': 0.46174477696216826, 'support': 123.0}, 'weighted avg': {'precision': 0.4768859019859548, 'recall': 0.4959349593495935, 'f1-score': 0.478288413601245, 'support': 123.0}}","[[15 39]
 [23 46]]"
488,200,0.01,31,-1,gbdt,0.7,0.37492941840767924,0.6000000000000001,"{'0': {'precision': 0.41, 'recall': 0.7592592592592593, 'f1-score': 0.5324675324675324, 'support': 54.0}, '1': {'precision': 0.43478260869565216, 'recall': 0.14492753623188406, 'f1-score': 0.21739130434782608, 'support': 69.0}, 'accuracy': 0.4146341463414634, 'macro avg': {'precision': 0.42239130434782607, 'recall': 0.45209339774557167, 'f1-score': 0.37492941840767924, 'support': 123.0}, 'weighted avg': {'precision': 0.42390243902439023, 'recall': 0.4146341463414634, 'f1-score': 0.35571745327842885, 'support': 123.0}}","[[41 13]
 [59 10]]"
489,200,0.01,31,-1,gbdt,0.8,0.48998524140839134,0.4,"{'0': {'precision': 0.4358974358974359, 'recall': 0.3148148148148148, 'f1-score': 0.3655913978494624, 'support': 54.0}, '1': {'precision': 0.5595238095238095, 'recall': 0.6811594202898551, 'f1-score': 0.6143790849673203, 'support': 69.0}, 'accuracy': 0.5203252032520326, 'macro avg': {'precision': 0.4977106227106227, 'recall': 0.49798711755233493, 'f1-score': 0.48998524140839134, 'support': 123.0}, 'weighted avg': {'precision': 0.5052488162244261, 'recall': 0.5203252032520326, 'f1-score': 0.5051552223302119, 'support': 123.0}}","[[17 37]
 [22 47]]"
490,200,0.01,31,-1,gbdt,0.8,0.46174477696216826,0.4,"{'0': {'precision': 0.39473684210526316, 'recall': 0.2777777777777778, 'f1-score': 0.32608695652173914, 'support': 54.0}, '1': {'precision': 0.5411764705882353, 'recall': 0.6666666666666666, 'f1-score': 0.5974025974025974, 'support': 69.0}, 'accuracy': 0.4959349593495935, 'macro avg': {'precision': 0.4679566563467492, 'recall': 0.4722222222222222, 'f1-score': 0.46174477696216826, 'support': 123.0}, 'weighted avg': {'precision': 0.4768859019859548, 'recall': 0.4959349593495935, 'f1-score': 0.478288413601245, 'support': 123.0}}","[[15 39]
 [23 46]]"
491,200,0.01,31,-1,gbdt,0.8,0.37492941840767924,0.6000000000000001,"{'0': {'precision': 0.41, 'recall': 0.7592592592592593, 'f1-score': 0.5324675324675324, 'support': 54.0}, '1': {'precision': 0.43478260869565216, 'recall': 0.14492753623188406, 'f1-score': 0.21739130434782608, 'support': 69.0}, 'accuracy': 0.4146341463414634, 'macro avg': {'precision': 0.42239130434782607, 'recall': 0.45209339774557167, 'f1-score': 0.37492941840767924, 'support': 123.0}, 'weighted avg': {'precision': 0.42390243902439023, 'recall': 0.4146341463414634, 'f1-score': 0.35571745327842885, 'support': 123.0}}","[[41 13]
 [59 10]]"
492,200,0.01,31,-1,gbdt,1.0,0.48998524140839134,0.4,"{'0': {'precision': 0.4358974358974359, 'recall': 0.3148148148148148, 'f1-score': 0.3655913978494624, 'support': 54.0}, '1': {'precision': 0.5595238095238095, 'recall': 0.6811594202898551, 'f1-score': 0.6143790849673203, 'support': 69.0}, 'accuracy': 0.5203252032520326, 'macro avg': {'precision': 0.4977106227106227, 'recall': 0.49798711755233493, 'f1-score': 0.48998524140839134, 'support': 123.0}, 'weighted avg': {'precision': 0.5052488162244261, 'recall': 0.5203252032520326, 'f1-score': 0.5051552223302119, 'support': 123.0}}","[[17 37]
 [22 47]]"
493,200,0.01,31,-1,gbdt,1.0,0.46174477696216826,0.4,"{'0': {'precision': 0.39473684210526316, 'recall': 0.2777777777777778, 'f1-score': 0.32608695652173914, 'support': 54.0}, '1': {'precision': 0.5411764705882353, 'recall': 0.6666666666666666, 'f1-score': 0.5974025974025974, 'support': 69.0}, 'accuracy': 0.4959349593495935, 'macro avg': {'precision': 0.4679566563467492, 'recall': 0.4722222222222222, 'f1-score': 0.46174477696216826, 'support': 123.0}, 'weighted avg': {'precision': 0.4768859019859548, 'recall': 0.4959349593495935, 'f1-score': 0.478288413601245, 'support': 123.0}}","[[15 39]
 [23 46]]"
494,200,0.01,31,-1,gbdt,1.0,0.37492941840767924,0.6000000000000001,"{'0': {'precision': 0.41, 'recall': 0.7592592592592593, 'f1-score': 0.5324675324675324, 'support': 54.0}, '1': {'precision': 0.43478260869565216, 'recall': 0.14492753623188406, 'f1-score': 0.21739130434782608, 'support': 69.0}, 'accuracy': 0.4146341463414634, 'macro avg': {'precision': 0.42239130434782607, 'recall': 0.45209339774557167, 'f1-score': 0.37492941840767924, 'support': 123.0}, 'weighted avg': {'precision': 0.42390243902439023, 'recall': 0.4146341463414634, 'f1-score': 0.35571745327842885, 'support': 123.0}}","[[41 13]
 [59 10]]"
495,200,0.01,31,-1,dart,0.7,0.4796404019037546,0.5,"{'0': {'precision': 0.4264705882352941, 'recall': 0.5370370370370371, 'f1-score': 0.47540983606557374, 'support': 54.0}, '1': {'precision': 0.5454545454545454, 'recall': 0.43478260869565216, 'f1-score': 0.4838709677419355, 'support': 69.0}, 'accuracy': 0.4796747967479675, 'macro avg': {'precision': 0.4859625668449198, 'recall': 0.48590982286634465, 'f1-score': 0.4796404019037546, 'support': 123.0}, 'weighted avg': {'precision': 0.493217686187557, 'recall': 0.4796747967479675, 'f1-score': 0.4801563245669474, 'support': 123.0}}","[[29 25]
 [39 30]]"
496,200,0.01,31,-1,dart,0.7,0.4959016393442623,0.5,"{'0': {'precision': 0.4411764705882353, 'recall': 0.5555555555555556, 'f1-score': 0.4918032786885246, 'support': 54.0}, '1': {'precision': 0.5636363636363636, 'recall': 0.4492753623188406, 'f1-score': 0.5, 'support': 69.0}, 'accuracy': 0.4959349593495935, 'macro avg': {'precision': 0.5024064171122995, 'recall': 0.5024154589371981, 'f1-score': 0.4959016393442623, 'support': 123.0}, 'weighted avg': {'precision': 0.5098734837615756, 'recall': 0.4959349593495935, 'f1-score': 0.4964014394242303, 'support': 123.0}}","[[30 24]
 [38 31]]"
497,200,0.01,31,-1,dart,0.7,0.5039338842975207,0.5,"{'0': {'precision': 0.44776119402985076, 'recall': 0.5555555555555556, 'f1-score': 0.49586776859504134, 'support': 54.0}, '1': {'precision': 0.5714285714285714, 'recall': 0.463768115942029, 'f1-score': 0.512, 'support': 69.0}, 'accuracy': 0.5040650406504065, 'macro avg': {'precision': 0.509594882729211, 'recall': 0.5096618357487923, 'f1-score': 0.5039338842975207, 'support': 123.0}, 'weighted avg': {'precision': 0.5171355764730354, 'recall': 0.5040650406504065, 'f1-score': 0.5049175569441645, 'support': 123.0}}","[[30 24]
 [37 32]]"
498,200,0.01,31,-1,dart,0.8,0.4796404019037546,0.5,"{'0': {'precision': 0.4264705882352941, 'recall': 0.5370370370370371, 'f1-score': 0.47540983606557374, 'support': 54.0}, '1': {'precision': 0.5454545454545454, 'recall': 0.43478260869565216, 'f1-score': 0.4838709677419355, 'support': 69.0}, 'accuracy': 0.4796747967479675, 'macro avg': {'precision': 0.4859625668449198, 'recall': 0.48590982286634465, 'f1-score': 0.4796404019037546, 'support': 123.0}, 'weighted avg': {'precision': 0.493217686187557, 'recall': 0.4796747967479675, 'f1-score': 0.4801563245669474, 'support': 123.0}}","[[29 25]
 [39 30]]"
499,200,0.01,31,-1,dart,0.8,0.4959016393442623,0.5,"{'0': {'precision': 0.4411764705882353, 'recall': 0.5555555555555556, 'f1-score': 0.4918032786885246, 'support': 54.0}, '1': {'precision': 0.5636363636363636, 'recall': 0.4492753623188406, 'f1-score': 0.5, 'support': 69.0}, 'accuracy': 0.4959349593495935, 'macro avg': {'precision': 0.5024064171122995, 'recall': 0.5024154589371981, 'f1-score': 0.4959016393442623, 'support': 123.0}, 'weighted avg': {'precision': 0.5098734837615756, 'recall': 0.4959349593495935, 'f1-score': 0.4964014394242303, 'support': 123.0}}","[[30 24]
 [38 31]]"
500,200,0.01,31,-1,dart,0.8,0.5039338842975207,0.5,"{'0': {'precision': 0.44776119402985076, 'recall': 0.5555555555555556, 'f1-score': 0.49586776859504134, 'support': 54.0}, '1': {'precision': 0.5714285714285714, 'recall': 0.463768115942029, 'f1-score': 0.512, 'support': 69.0}, 'accuracy': 0.5040650406504065, 'macro avg': {'precision': 0.509594882729211, 'recall': 0.5096618357487923, 'f1-score': 0.5039338842975207, 'support': 123.0}, 'weighted avg': {'precision': 0.5171355764730354, 'recall': 0.5040650406504065, 'f1-score': 0.5049175569441645, 'support': 123.0}}","[[30 24]
 [37 32]]"
501,200,0.01,31,-1,dart,1.0,0.4796404019037546,0.5,"{'0': {'precision': 0.4264705882352941, 'recall': 0.5370370370370371, 'f1-score': 0.47540983606557374, 'support': 54.0}, '1': {'precision': 0.5454545454545454, 'recall': 0.43478260869565216, 'f1-score': 0.4838709677419355, 'support': 69.0}, 'accuracy': 0.4796747967479675, 'macro avg': {'precision': 0.4859625668449198, 'recall': 0.48590982286634465, 'f1-score': 0.4796404019037546, 'support': 123.0}, 'weighted avg': {'precision': 0.493217686187557, 'recall': 0.4796747967479675, 'f1-score': 0.4801563245669474, 'support': 123.0}}","[[29 25]
 [39 30]]"
502,200,0.01,31,-1,dart,1.0,0.4959016393442623,0.5,"{'0': {'precision': 0.4411764705882353, 'recall': 0.5555555555555556, 'f1-score': 0.4918032786885246, 'support': 54.0}, '1': {'precision': 0.5636363636363636, 'recall': 0.4492753623188406, 'f1-score': 0.5, 'support': 69.0}, 'accuracy': 0.4959349593495935, 'macro avg': {'precision': 0.5024064171122995, 'recall': 0.5024154589371981, 'f1-score': 0.4959016393442623, 'support': 123.0}, 'weighted avg': {'precision': 0.5098734837615756, 'recall': 0.4959349593495935, 'f1-score': 0.4964014394242303, 'support': 123.0}}","[[30 24]
 [38 31]]"
503,200,0.01,31,-1,dart,1.0,0.5039338842975207,0.5,"{'0': {'precision': 0.44776119402985076, 'recall': 0.5555555555555556, 'f1-score': 0.49586776859504134, 'support': 54.0}, '1': {'precision': 0.5714285714285714, 'recall': 0.463768115942029, 'f1-score': 0.512, 'support': 69.0}, 'accuracy': 0.5040650406504065, 'macro avg': {'precision': 0.509594882729211, 'recall': 0.5096618357487923, 'f1-score': 0.5039338842975207, 'support': 123.0}, 'weighted avg': {'precision': 0.5171355764730354, 'recall': 0.5040650406504065, 'f1-score': 0.5049175569441645, 'support': 123.0}}","[[30 24]
 [37 32]]"
504,200,0.01,31,5,gbdt,0.7,0.4876694214876033,0.5,"{'0': {'precision': 0.43661971830985913, 'recall': 0.5740740740740741, 'f1-score': 0.496, 'support': 54.0}, '1': {'precision': 0.5576923076923077, 'recall': 0.42028985507246375, 'f1-score': 0.4793388429752066, 'support': 69.0}, 'accuracy': 0.4878048780487805, 'macro avg': {'precision': 0.4971560130010834, 'recall': 0.4971819645732689, 'f1-score': 0.4876694214876033, 'support': 123.0}, 'weighted avg': {'precision': 0.5045384879634278, 'recall': 0.4878048780487805, 'f1-score': 0.48665349727877444, 'support': 123.0}}","[[31 23]
 [40 29]]"
505,200,0.01,31,5,gbdt,0.7,0.45981178110840015,0.4,"{'0': {'precision': 0.3902439024390244, 'recall': 0.2962962962962963, 'f1-score': 0.3368421052631579, 'support': 54.0}, '1': {'precision': 0.5365853658536586, 'recall': 0.6376811594202898, 'f1-score': 0.5827814569536424, 'support': 69.0}, 'accuracy': 0.4878048780487805, 'macro avg': {'precision': 0.4634146341463415, 'recall': 0.46698872785829304, 'f1-score': 0.45981178110840015, 'support': 123.0}, 'weighted avg': {'precision': 0.4723378941106484, 'recall': 0.4878048780487804, 'f1-score': 0.4748080830407468, 'support': 123.0}}","[[16 38]
 [25 44]]"
506,200,0.01,31,5,gbdt,0.7,0.4951006355932204,0.5,"{'0': {'precision': 0.44594594594594594, 'recall': 0.6111111111111112, 'f1-score': 0.515625, 'support': 54.0}, '1': {'precision': 0.5714285714285714, 'recall': 0.4057971014492754, 'f1-score': 0.4745762711864407, 'support': 69.0}, 'accuracy': 0.4959349593495935, 'macro avg': {'precision': 0.5086872586872586, 'recall': 0.5084541062801933, 'f1-score': 0.4951006355932204, 'support': 123.0}, 'weighted avg': {'precision': 0.5163386382898577, 'recall': 0.4959349593495935, 'f1-score': 0.4925976643241009, 'support': 123.0}}","[[33 21]
 [41 28]]"
507,200,0.01,31,5,gbdt,0.8,0.4876694214876033,0.5,"{'0': {'precision': 0.43661971830985913, 'recall': 0.5740740740740741, 'f1-score': 0.496, 'support': 54.0}, '1': {'precision': 0.5576923076923077, 'recall': 0.42028985507246375, 'f1-score': 0.4793388429752066, 'support': 69.0}, 'accuracy': 0.4878048780487805, 'macro avg': {'precision': 0.4971560130010834, 'recall': 0.4971819645732689, 'f1-score': 0.4876694214876033, 'support': 123.0}, 'weighted avg': {'precision': 0.5045384879634278, 'recall': 0.4878048780487805, 'f1-score': 0.48665349727877444, 'support': 123.0}}","[[31 23]
 [40 29]]"
508,200,0.01,31,5,gbdt,0.8,0.45981178110840015,0.4,"{'0': {'precision': 0.3902439024390244, 'recall': 0.2962962962962963, 'f1-score': 0.3368421052631579, 'support': 54.0}, '1': {'precision': 0.5365853658536586, 'recall': 0.6376811594202898, 'f1-score': 0.5827814569536424, 'support': 69.0}, 'accuracy': 0.4878048780487805, 'macro avg': {'precision': 0.4634146341463415, 'recall': 0.46698872785829304, 'f1-score': 0.45981178110840015, 'support': 123.0}, 'weighted avg': {'precision': 0.4723378941106484, 'recall': 0.4878048780487804, 'f1-score': 0.4748080830407468, 'support': 123.0}}","[[16 38]
 [25 44]]"
509,200,0.01,31,5,gbdt,0.8,0.4951006355932204,0.5,"{'0': {'precision': 0.44594594594594594, 'recall': 0.6111111111111112, 'f1-score': 0.515625, 'support': 54.0}, '1': {'precision': 0.5714285714285714, 'recall': 0.4057971014492754, 'f1-score': 0.4745762711864407, 'support': 69.0}, 'accuracy': 0.4959349593495935, 'macro avg': {'precision': 0.5086872586872586, 'recall': 0.5084541062801933, 'f1-score': 0.4951006355932204, 'support': 123.0}, 'weighted avg': {'precision': 0.5163386382898577, 'recall': 0.4959349593495935, 'f1-score': 0.4925976643241009, 'support': 123.0}}","[[33 21]
 [41 28]]"
510,200,0.01,31,5,gbdt,1.0,0.4876694214876033,0.5,"{'0': {'precision': 0.43661971830985913, 'recall': 0.5740740740740741, 'f1-score': 0.496, 'support': 54.0}, '1': {'precision': 0.5576923076923077, 'recall': 0.42028985507246375, 'f1-score': 0.4793388429752066, 'support': 69.0}, 'accuracy': 0.4878048780487805, 'macro avg': {'precision': 0.4971560130010834, 'recall': 0.4971819645732689, 'f1-score': 0.4876694214876033, 'support': 123.0}, 'weighted avg': {'precision': 0.5045384879634278, 'recall': 0.4878048780487805, 'f1-score': 0.48665349727877444, 'support': 123.0}}","[[31 23]
 [40 29]]"
511,200,0.01,31,5,gbdt,1.0,0.45981178110840015,0.4,"{'0': {'precision': 0.3902439024390244, 'recall': 0.2962962962962963, 'f1-score': 0.3368421052631579, 'support': 54.0}, '1': {'precision': 0.5365853658536586, 'recall': 0.6376811594202898, 'f1-score': 0.5827814569536424, 'support': 69.0}, 'accuracy': 0.4878048780487805, 'macro avg': {'precision': 0.4634146341463415, 'recall': 0.46698872785829304, 'f1-score': 0.45981178110840015, 'support': 123.0}, 'weighted avg': {'precision': 0.4723378941106484, 'recall': 0.4878048780487804, 'f1-score': 0.4748080830407468, 'support': 123.0}}","[[16 38]
 [25 44]]"
512,200,0.01,31,5,gbdt,1.0,0.4951006355932204,0.5,"{'0': {'precision': 0.44594594594594594, 'recall': 0.6111111111111112, 'f1-score': 0.515625, 'support': 54.0}, '1': {'precision': 0.5714285714285714, 'recall': 0.4057971014492754, 'f1-score': 0.4745762711864407, 'support': 69.0}, 'accuracy': 0.4959349593495935, 'macro avg': {'precision': 0.5086872586872586, 'recall': 0.5084541062801933, 'f1-score': 0.4951006355932204, 'support': 123.0}, 'weighted avg': {'precision': 0.5163386382898577, 'recall': 0.4959349593495935, 'f1-score': 0.4925976643241009, 'support': 123.0}}","[[33 21]
 [41 28]]"
513,200,0.01,31,5,dart,0.7,0.49563492063492065,0.5,"{'0': {'precision': 0.4393939393939394, 'recall': 0.5370370370370371, 'f1-score': 0.48333333333333334, 'support': 54.0}, '1': {'precision': 0.5614035087719298, 'recall': 0.463768115942029, 'f1-score': 0.5079365079365079, 'support': 69.0}, 'accuracy': 0.4959349593495935, 'macro avg': {'precision': 0.5003987240829346, 'recall': 0.500402576489533, 'f1-score': 0.49563492063492065, 'support': 123.0}, 'weighted avg': {'precision': 0.5078383319718365, 'recall': 0.4959349593495935, 'f1-score': 0.49713511420828493, 'support': 123.0}}","[[29 25]
 [37 32]]"
514,200,0.01,31,5,dart,0.7,0.5201983471074381,0.5,"{'0': {'precision': 0.4626865671641791, 'recall': 0.5740740740740741, 'f1-score': 0.512396694214876, 'support': 54.0}, '1': {'precision': 0.5892857142857143, 'recall': 0.4782608695652174, 'f1-score': 0.528, 'support': 69.0}, 'accuracy': 0.5203252032520326, 'macro avg': {'precision': 0.5259861407249466, 'recall': 0.5261674718196457, 'f1-score': 0.5201983471074381, 'support': 123.0}, 'weighted avg': {'precision': 0.5337056009152842, 'recall': 0.5203252032520326, 'f1-score': 0.5211497681918967, 'support': 123.0}}","[[31 23]
 [36 33]]"
515,200,0.01,31,5,dart,0.7,0.5121628767847699,0.5,"{'0': {'precision': 0.45714285714285713, 'recall': 0.5925925925925926, 'f1-score': 0.5161290322580645, 'support': 54.0}, '1': {'precision': 0.5849056603773585, 'recall': 0.4492753623188406, 'f1-score': 0.5081967213114754, 'support': 69.0}, 'accuracy': 0.5121951219512195, 'macro avg': {'precision': 0.5210242587601078, 'recall': 0.5209339774557166, 'f1-score': 0.5121628767847699, 'support': 123.0}, 'weighted avg': {'precision': 0.5288146735914799, 'recall': 0.5121951219512195, 'f1-score': 0.5116791992880267, 'support': 123.0}}","[[32 22]
 [38 31]]"
516,200,0.01,31,5,dart,0.8,0.49563492063492065,0.5,"{'0': {'precision': 0.4393939393939394, 'recall': 0.5370370370370371, 'f1-score': 0.48333333333333334, 'support': 54.0}, '1': {'precision': 0.5614035087719298, 'recall': 0.463768115942029, 'f1-score': 0.5079365079365079, 'support': 69.0}, 'accuracy': 0.4959349593495935, 'macro avg': {'precision': 0.5003987240829346, 'recall': 0.500402576489533, 'f1-score': 0.49563492063492065, 'support': 123.0}, 'weighted avg': {'precision': 0.5078383319718365, 'recall': 0.4959349593495935, 'f1-score': 0.49713511420828493, 'support': 123.0}}","[[29 25]
 [37 32]]"
517,200,0.01,31,5,dart,0.8,0.5201983471074381,0.5,"{'0': {'precision': 0.4626865671641791, 'recall': 0.5740740740740741, 'f1-score': 0.512396694214876, 'support': 54.0}, '1': {'precision': 0.5892857142857143, 'recall': 0.4782608695652174, 'f1-score': 0.528, 'support': 69.0}, 'accuracy': 0.5203252032520326, 'macro avg': {'precision': 0.5259861407249466, 'recall': 0.5261674718196457, 'f1-score': 0.5201983471074381, 'support': 123.0}, 'weighted avg': {'precision': 0.5337056009152842, 'recall': 0.5203252032520326, 'f1-score': 0.5211497681918967, 'support': 123.0}}","[[31 23]
 [36 33]]"
518,200,0.01,31,5,dart,0.8,0.5121628767847699,0.5,"{'0': {'precision': 0.45714285714285713, 'recall': 0.5925925925925926, 'f1-score': 0.5161290322580645, 'support': 54.0}, '1': {'precision': 0.5849056603773585, 'recall': 0.4492753623188406, 'f1-score': 0.5081967213114754, 'support': 69.0}, 'accuracy': 0.5121951219512195, 'macro avg': {'precision': 0.5210242587601078, 'recall': 0.5209339774557166, 'f1-score': 0.5121628767847699, 'support': 123.0}, 'weighted avg': {'precision': 0.5288146735914799, 'recall': 0.5121951219512195, 'f1-score': 0.5116791992880267, 'support': 123.0}}","[[32 22]
 [38 31]]"
519,200,0.01,31,5,dart,1.0,0.49563492063492065,0.5,"{'0': {'precision': 0.4393939393939394, 'recall': 0.5370370370370371, 'f1-score': 0.48333333333333334, 'support': 54.0}, '1': {'precision': 0.5614035087719298, 'recall': 0.463768115942029, 'f1-score': 0.5079365079365079, 'support': 69.0}, 'accuracy': 0.4959349593495935, 'macro avg': {'precision': 0.5003987240829346, 'recall': 0.500402576489533, 'f1-score': 0.49563492063492065, 'support': 123.0}, 'weighted avg': {'precision': 0.5078383319718365, 'recall': 0.4959349593495935, 'f1-score': 0.49713511420828493, 'support': 123.0}}","[[29 25]
 [37 32]]"
520,200,0.01,31,5,dart,1.0,0.5201983471074381,0.5,"{'0': {'precision': 0.4626865671641791, 'recall': 0.5740740740740741, 'f1-score': 0.512396694214876, 'support': 54.0}, '1': {'precision': 0.5892857142857143, 'recall': 0.4782608695652174, 'f1-score': 0.528, 'support': 69.0}, 'accuracy': 0.5203252032520326, 'macro avg': {'precision': 0.5259861407249466, 'recall': 0.5261674718196457, 'f1-score': 0.5201983471074381, 'support': 123.0}, 'weighted avg': {'precision': 0.5337056009152842, 'recall': 0.5203252032520326, 'f1-score': 0.5211497681918967, 'support': 123.0}}","[[31 23]
 [36 33]]"
521,200,0.01,31,5,dart,1.0,0.5121628767847699,0.5,"{'0': {'precision': 0.45714285714285713, 'recall': 0.5925925925925926, 'f1-score': 0.5161290322580645, 'support': 54.0}, '1': {'precision': 0.5849056603773585, 'recall': 0.4492753623188406, 'f1-score': 0.5081967213114754, 'support': 69.0}, 'accuracy': 0.5121951219512195, 'macro avg': {'precision': 0.5210242587601078, 'recall': 0.5209339774557166, 'f1-score': 0.5121628767847699, 'support': 123.0}, 'weighted avg': {'precision': 0.5288146735914799, 'recall': 0.5121951219512195, 'f1-score': 0.5116791992880267, 'support': 123.0}}","[[32 22]
 [38 31]]"
522,200,0.01,31,10,gbdt,0.7,0.48998524140839134,0.4,"{'0': {'precision': 0.4358974358974359, 'recall': 0.3148148148148148, 'f1-score': 0.3655913978494624, 'support': 54.0}, '1': {'precision': 0.5595238095238095, 'recall': 0.6811594202898551, 'f1-score': 0.6143790849673203, 'support': 69.0}, 'accuracy': 0.5203252032520326, 'macro avg': {'precision': 0.4977106227106227, 'recall': 0.49798711755233493, 'f1-score': 0.48998524140839134, 'support': 123.0}, 'weighted avg': {'precision': 0.5052488162244261, 'recall': 0.5203252032520326, 'f1-score': 0.5051552223302119, 'support': 123.0}}","[[17 37]
 [22 47]]"
523,200,0.01,31,10,gbdt,0.7,0.46174477696216826,0.4,"{'0': {'precision': 0.39473684210526316, 'recall': 0.2777777777777778, 'f1-score': 0.32608695652173914, 'support': 54.0}, '1': {'precision': 0.5411764705882353, 'recall': 0.6666666666666666, 'f1-score': 0.5974025974025974, 'support': 69.0}, 'accuracy': 0.4959349593495935, 'macro avg': {'precision': 0.4679566563467492, 'recall': 0.4722222222222222, 'f1-score': 0.46174477696216826, 'support': 123.0}, 'weighted avg': {'precision': 0.4768859019859548, 'recall': 0.4959349593495935, 'f1-score': 0.478288413601245, 'support': 123.0}}","[[15 39]
 [23 46]]"
524,200,0.01,31,10,gbdt,0.7,0.37492941840767924,0.6000000000000001,"{'0': {'precision': 0.41, 'recall': 0.7592592592592593, 'f1-score': 0.5324675324675324, 'support': 54.0}, '1': {'precision': 0.43478260869565216, 'recall': 0.14492753623188406, 'f1-score': 0.21739130434782608, 'support': 69.0}, 'accuracy': 0.4146341463414634, 'macro avg': {'precision': 0.42239130434782607, 'recall': 0.45209339774557167, 'f1-score': 0.37492941840767924, 'support': 123.0}, 'weighted avg': {'precision': 0.42390243902439023, 'recall': 0.4146341463414634, 'f1-score': 0.35571745327842885, 'support': 123.0}}","[[41 13]
 [59 10]]"
525,200,0.01,31,10,gbdt,0.8,0.48998524140839134,0.4,"{'0': {'precision': 0.4358974358974359, 'recall': 0.3148148148148148, 'f1-score': 0.3655913978494624, 'support': 54.0}, '1': {'precision': 0.5595238095238095, 'recall': 0.6811594202898551, 'f1-score': 0.6143790849673203, 'support': 69.0}, 'accuracy': 0.5203252032520326, 'macro avg': {'precision': 0.4977106227106227, 'recall': 0.49798711755233493, 'f1-score': 0.48998524140839134, 'support': 123.0}, 'weighted avg': {'precision': 0.5052488162244261, 'recall': 0.5203252032520326, 'f1-score': 0.5051552223302119, 'support': 123.0}}","[[17 37]
 [22 47]]"
526,200,0.01,31,10,gbdt,0.8,0.46174477696216826,0.4,"{'0': {'precision': 0.39473684210526316, 'recall': 0.2777777777777778, 'f1-score': 0.32608695652173914, 'support': 54.0}, '1': {'precision': 0.5411764705882353, 'recall': 0.6666666666666666, 'f1-score': 0.5974025974025974, 'support': 69.0}, 'accuracy': 0.4959349593495935, 'macro avg': {'precision': 0.4679566563467492, 'recall': 0.4722222222222222, 'f1-score': 0.46174477696216826, 'support': 123.0}, 'weighted avg': {'precision': 0.4768859019859548, 'recall': 0.4959349593495935, 'f1-score': 0.478288413601245, 'support': 123.0}}","[[15 39]
 [23 46]]"
527,200,0.01,31,10,gbdt,0.8,0.37492941840767924,0.6000000000000001,"{'0': {'precision': 0.41, 'recall': 0.7592592592592593, 'f1-score': 0.5324675324675324, 'support': 54.0}, '1': {'precision': 0.43478260869565216, 'recall': 0.14492753623188406, 'f1-score': 0.21739130434782608, 'support': 69.0}, 'accuracy': 0.4146341463414634, 'macro avg': {'precision': 0.42239130434782607, 'recall': 0.45209339774557167, 'f1-score': 0.37492941840767924, 'support': 123.0}, 'weighted avg': {'precision': 0.42390243902439023, 'recall': 0.4146341463414634, 'f1-score': 0.35571745327842885, 'support': 123.0}}","[[41 13]
 [59 10]]"
528,200,0.01,31,10,gbdt,1.0,0.48998524140839134,0.4,"{'0': {'precision': 0.4358974358974359, 'recall': 0.3148148148148148, 'f1-score': 0.3655913978494624, 'support': 54.0}, '1': {'precision': 0.5595238095238095, 'recall': 0.6811594202898551, 'f1-score': 0.6143790849673203, 'support': 69.0}, 'accuracy': 0.5203252032520326, 'macro avg': {'precision': 0.4977106227106227, 'recall': 0.49798711755233493, 'f1-score': 0.48998524140839134, 'support': 123.0}, 'weighted avg': {'precision': 0.5052488162244261, 'recall': 0.5203252032520326, 'f1-score': 0.5051552223302119, 'support': 123.0}}","[[17 37]
 [22 47]]"
529,200,0.01,31,10,gbdt,1.0,0.46174477696216826,0.4,"{'0': {'precision': 0.39473684210526316, 'recall': 0.2777777777777778, 'f1-score': 0.32608695652173914, 'support': 54.0}, '1': {'precision': 0.5411764705882353, 'recall': 0.6666666666666666, 'f1-score': 0.5974025974025974, 'support': 69.0}, 'accuracy': 0.4959349593495935, 'macro avg': {'precision': 0.4679566563467492, 'recall': 0.4722222222222222, 'f1-score': 0.46174477696216826, 'support': 123.0}, 'weighted avg': {'precision': 0.4768859019859548, 'recall': 0.4959349593495935, 'f1-score': 0.478288413601245, 'support': 123.0}}","[[15 39]
 [23 46]]"
530,200,0.01,31,10,gbdt,1.0,0.37492941840767924,0.6000000000000001,"{'0': {'precision': 0.41, 'recall': 0.7592592592592593, 'f1-score': 0.5324675324675324, 'support': 54.0}, '1': {'precision': 0.43478260869565216, 'recall': 0.14492753623188406, 'f1-score': 0.21739130434782608, 'support': 69.0}, 'accuracy': 0.4146341463414634, 'macro avg': {'precision': 0.42239130434782607, 'recall': 0.45209339774557167, 'f1-score': 0.37492941840767924, 'support': 123.0}, 'weighted avg': {'precision': 0.42390243902439023, 'recall': 0.4146341463414634, 'f1-score': 0.35571745327842885, 'support': 123.0}}","[[41 13]
 [59 10]]"
531,200,0.01,31,10,dart,0.7,0.4796404019037546,0.5,"{'0': {'precision': 0.4264705882352941, 'recall': 0.5370370370370371, 'f1-score': 0.47540983606557374, 'support': 54.0}, '1': {'precision': 0.5454545454545454, 'recall': 0.43478260869565216, 'f1-score': 0.4838709677419355, 'support': 69.0}, 'accuracy': 0.4796747967479675, 'macro avg': {'precision': 0.4859625668449198, 'recall': 0.48590982286634465, 'f1-score': 0.4796404019037546, 'support': 123.0}, 'weighted avg': {'precision': 0.493217686187557, 'recall': 0.4796747967479675, 'f1-score': 0.4801563245669474, 'support': 123.0}}","[[29 25]
 [39 30]]"
532,200,0.01,31,10,dart,0.7,0.4959016393442623,0.5,"{'0': {'precision': 0.4411764705882353, 'recall': 0.5555555555555556, 'f1-score': 0.4918032786885246, 'support': 54.0}, '1': {'precision': 0.5636363636363636, 'recall': 0.4492753623188406, 'f1-score': 0.5, 'support': 69.0}, 'accuracy': 0.4959349593495935, 'macro avg': {'precision': 0.5024064171122995, 'recall': 0.5024154589371981, 'f1-score': 0.4959016393442623, 'support': 123.0}, 'weighted avg': {'precision': 0.5098734837615756, 'recall': 0.4959349593495935, 'f1-score': 0.4964014394242303, 'support': 123.0}}","[[30 24]
 [38 31]]"
533,200,0.01,31,10,dart,0.7,0.5039338842975207,0.5,"{'0': {'precision': 0.44776119402985076, 'recall': 0.5555555555555556, 'f1-score': 0.49586776859504134, 'support': 54.0}, '1': {'precision': 0.5714285714285714, 'recall': 0.463768115942029, 'f1-score': 0.512, 'support': 69.0}, 'accuracy': 0.5040650406504065, 'macro avg': {'precision': 0.509594882729211, 'recall': 0.5096618357487923, 'f1-score': 0.5039338842975207, 'support': 123.0}, 'weighted avg': {'precision': 0.5171355764730354, 'recall': 0.5040650406504065, 'f1-score': 0.5049175569441645, 'support': 123.0}}","[[30 24]
 [37 32]]"
534,200,0.01,31,10,dart,0.8,0.4796404019037546,0.5,"{'0': {'precision': 0.4264705882352941, 'recall': 0.5370370370370371, 'f1-score': 0.47540983606557374, 'support': 54.0}, '1': {'precision': 0.5454545454545454, 'recall': 0.43478260869565216, 'f1-score': 0.4838709677419355, 'support': 69.0}, 'accuracy': 0.4796747967479675, 'macro avg': {'precision': 0.4859625668449198, 'recall': 0.48590982286634465, 'f1-score': 0.4796404019037546, 'support': 123.0}, 'weighted avg': {'precision': 0.493217686187557, 'recall': 0.4796747967479675, 'f1-score': 0.4801563245669474, 'support': 123.0}}","[[29 25]
 [39 30]]"
535,200,0.01,31,10,dart,0.8,0.4959016393442623,0.5,"{'0': {'precision': 0.4411764705882353, 'recall': 0.5555555555555556, 'f1-score': 0.4918032786885246, 'support': 54.0}, '1': {'precision': 0.5636363636363636, 'recall': 0.4492753623188406, 'f1-score': 0.5, 'support': 69.0}, 'accuracy': 0.4959349593495935, 'macro avg': {'precision': 0.5024064171122995, 'recall': 0.5024154589371981, 'f1-score': 0.4959016393442623, 'support': 123.0}, 'weighted avg': {'precision': 0.5098734837615756, 'recall': 0.4959349593495935, 'f1-score': 0.4964014394242303, 'support': 123.0}}","[[30 24]
 [38 31]]"
536,200,0.01,31,10,dart,0.8,0.5039338842975207,0.5,"{'0': {'precision': 0.44776119402985076, 'recall': 0.5555555555555556, 'f1-score': 0.49586776859504134, 'support': 54.0}, '1': {'precision': 0.5714285714285714, 'recall': 0.463768115942029, 'f1-score': 0.512, 'support': 69.0}, 'accuracy': 0.5040650406504065, 'macro avg': {'precision': 0.509594882729211, 'recall': 0.5096618357487923, 'f1-score': 0.5039338842975207, 'support': 123.0}, 'weighted avg': {'precision': 0.5171355764730354, 'recall': 0.5040650406504065, 'f1-score': 0.5049175569441645, 'support': 123.0}}","[[30 24]
 [37 32]]"
537,200,0.01,31,10,dart,1.0,0.4796404019037546,0.5,"{'0': {'precision': 0.4264705882352941, 'recall': 0.5370370370370371, 'f1-score': 0.47540983606557374, 'support': 54.0}, '1': {'precision': 0.5454545454545454, 'recall': 0.43478260869565216, 'f1-score': 0.4838709677419355, 'support': 69.0}, 'accuracy': 0.4796747967479675, 'macro avg': {'precision': 0.4859625668449198, 'recall': 0.48590982286634465, 'f1-score': 0.4796404019037546, 'support': 123.0}, 'weighted avg': {'precision': 0.493217686187557, 'recall': 0.4796747967479675, 'f1-score': 0.4801563245669474, 'support': 123.0}}","[[29 25]
 [39 30]]"
538,200,0.01,31,10,dart,1.0,0.4959016393442623,0.5,"{'0': {'precision': 0.4411764705882353, 'recall': 0.5555555555555556, 'f1-score': 0.4918032786885246, 'support': 54.0}, '1': {'precision': 0.5636363636363636, 'recall': 0.4492753623188406, 'f1-score': 0.5, 'support': 69.0}, 'accuracy': 0.4959349593495935, 'macro avg': {'precision': 0.5024064171122995, 'recall': 0.5024154589371981, 'f1-score': 0.4959016393442623, 'support': 123.0}, 'weighted avg': {'precision': 0.5098734837615756, 'recall': 0.4959349593495935, 'f1-score': 0.4964014394242303, 'support': 123.0}}","[[30 24]
 [38 31]]"
539,200,0.01,31,10,dart,1.0,0.5039338842975207,0.5,"{'0': {'precision': 0.44776119402985076, 'recall': 0.5555555555555556, 'f1-score': 0.49586776859504134, 'support': 54.0}, '1': {'precision': 0.5714285714285714, 'recall': 0.463768115942029, 'f1-score': 0.512, 'support': 69.0}, 'accuracy': 0.5040650406504065, 'macro avg': {'precision': 0.509594882729211, 'recall': 0.5096618357487923, 'f1-score': 0.5039338842975207, 'support': 123.0}, 'weighted avg': {'precision': 0.5171355764730354, 'recall': 0.5040650406504065, 'f1-score': 0.5049175569441645, 'support': 123.0}}","[[30 24]
 [37 32]]"
540,200,0.01,50,-1,gbdt,0.7,0.48998524140839134,0.4,"{'0': {'precision': 0.4358974358974359, 'recall': 0.3148148148148148, 'f1-score': 0.3655913978494624, 'support': 54.0}, '1': {'precision': 0.5595238095238095, 'recall': 0.6811594202898551, 'f1-score': 0.6143790849673203, 'support': 69.0}, 'accuracy': 0.5203252032520326, 'macro avg': {'precision': 0.4977106227106227, 'recall': 0.49798711755233493, 'f1-score': 0.48998524140839134, 'support': 123.0}, 'weighted avg': {'precision': 0.5052488162244261, 'recall': 0.5203252032520326, 'f1-score': 0.5051552223302119, 'support': 123.0}}","[[17 37]
 [22 47]]"
541,200,0.01,50,-1,gbdt,0.7,0.46174477696216826,0.4,"{'0': {'precision': 0.39473684210526316, 'recall': 0.2777777777777778, 'f1-score': 0.32608695652173914, 'support': 54.0}, '1': {'precision': 0.5411764705882353, 'recall': 0.6666666666666666, 'f1-score': 0.5974025974025974, 'support': 69.0}, 'accuracy': 0.4959349593495935, 'macro avg': {'precision': 0.4679566563467492, 'recall': 0.4722222222222222, 'f1-score': 0.46174477696216826, 'support': 123.0}, 'weighted avg': {'precision': 0.4768859019859548, 'recall': 0.4959349593495935, 'f1-score': 0.478288413601245, 'support': 123.0}}","[[15 39]
 [23 46]]"
542,200,0.01,50,-1,gbdt,0.7,0.37492941840767924,0.6000000000000001,"{'0': {'precision': 0.41, 'recall': 0.7592592592592593, 'f1-score': 0.5324675324675324, 'support': 54.0}, '1': {'precision': 0.43478260869565216, 'recall': 0.14492753623188406, 'f1-score': 0.21739130434782608, 'support': 69.0}, 'accuracy': 0.4146341463414634, 'macro avg': {'precision': 0.42239130434782607, 'recall': 0.45209339774557167, 'f1-score': 0.37492941840767924, 'support': 123.0}, 'weighted avg': {'precision': 0.42390243902439023, 'recall': 0.4146341463414634, 'f1-score': 0.35571745327842885, 'support': 123.0}}","[[41 13]
 [59 10]]"
543,200,0.01,50,-1,gbdt,0.8,0.48998524140839134,0.4,"{'0': {'precision': 0.4358974358974359, 'recall': 0.3148148148148148, 'f1-score': 0.3655913978494624, 'support': 54.0}, '1': {'precision': 0.5595238095238095, 'recall': 0.6811594202898551, 'f1-score': 0.6143790849673203, 'support': 69.0}, 'accuracy': 0.5203252032520326, 'macro avg': {'precision': 0.4977106227106227, 'recall': 0.49798711755233493, 'f1-score': 0.48998524140839134, 'support': 123.0}, 'weighted avg': {'precision': 0.5052488162244261, 'recall': 0.5203252032520326, 'f1-score': 0.5051552223302119, 'support': 123.0}}","[[17 37]
 [22 47]]"
544,200,0.01,50,-1,gbdt,0.8,0.46174477696216826,0.4,"{'0': {'precision': 0.39473684210526316, 'recall': 0.2777777777777778, 'f1-score': 0.32608695652173914, 'support': 54.0}, '1': {'precision': 0.5411764705882353, 'recall': 0.6666666666666666, 'f1-score': 0.5974025974025974, 'support': 69.0}, 'accuracy': 0.4959349593495935, 'macro avg': {'precision': 0.4679566563467492, 'recall': 0.4722222222222222, 'f1-score': 0.46174477696216826, 'support': 123.0}, 'weighted avg': {'precision': 0.4768859019859548, 'recall': 0.4959349593495935, 'f1-score': 0.478288413601245, 'support': 123.0}}","[[15 39]
 [23 46]]"
545,200,0.01,50,-1,gbdt,0.8,0.37492941840767924,0.6000000000000001,"{'0': {'precision': 0.41, 'recall': 0.7592592592592593, 'f1-score': 0.5324675324675324, 'support': 54.0}, '1': {'precision': 0.43478260869565216, 'recall': 0.14492753623188406, 'f1-score': 0.21739130434782608, 'support': 69.0}, 'accuracy': 0.4146341463414634, 'macro avg': {'precision': 0.42239130434782607, 'recall': 0.45209339774557167, 'f1-score': 0.37492941840767924, 'support': 123.0}, 'weighted avg': {'precision': 0.42390243902439023, 'recall': 0.4146341463414634, 'f1-score': 0.35571745327842885, 'support': 123.0}}","[[41 13]
 [59 10]]"
546,200,0.01,50,-1,gbdt,1.0,0.48998524140839134,0.4,"{'0': {'precision': 0.4358974358974359, 'recall': 0.3148148148148148, 'f1-score': 0.3655913978494624, 'support': 54.0}, '1': {'precision': 0.5595238095238095, 'recall': 0.6811594202898551, 'f1-score': 0.6143790849673203, 'support': 69.0}, 'accuracy': 0.5203252032520326, 'macro avg': {'precision': 0.4977106227106227, 'recall': 0.49798711755233493, 'f1-score': 0.48998524140839134, 'support': 123.0}, 'weighted avg': {'precision': 0.5052488162244261, 'recall': 0.5203252032520326, 'f1-score': 0.5051552223302119, 'support': 123.0}}","[[17 37]
 [22 47]]"
547,200,0.01,50,-1,gbdt,1.0,0.46174477696216826,0.4,"{'0': {'precision': 0.39473684210526316, 'recall': 0.2777777777777778, 'f1-score': 0.32608695652173914, 'support': 54.0}, '1': {'precision': 0.5411764705882353, 'recall': 0.6666666666666666, 'f1-score': 0.5974025974025974, 'support': 69.0}, 'accuracy': 0.4959349593495935, 'macro avg': {'precision': 0.4679566563467492, 'recall': 0.4722222222222222, 'f1-score': 0.46174477696216826, 'support': 123.0}, 'weighted avg': {'precision': 0.4768859019859548, 'recall': 0.4959349593495935, 'f1-score': 0.478288413601245, 'support': 123.0}}","[[15 39]
 [23 46]]"
548,200,0.01,50,-1,gbdt,1.0,0.37492941840767924,0.6000000000000001,"{'0': {'precision': 0.41, 'recall': 0.7592592592592593, 'f1-score': 0.5324675324675324, 'support': 54.0}, '1': {'precision': 0.43478260869565216, 'recall': 0.14492753623188406, 'f1-score': 0.21739130434782608, 'support': 69.0}, 'accuracy': 0.4146341463414634, 'macro avg': {'precision': 0.42239130434782607, 'recall': 0.45209339774557167, 'f1-score': 0.37492941840767924, 'support': 123.0}, 'weighted avg': {'precision': 0.42390243902439023, 'recall': 0.4146341463414634, 'f1-score': 0.35571745327842885, 'support': 123.0}}","[[41 13]
 [59 10]]"
549,200,0.01,50,-1,dart,0.7,0.4796404019037546,0.5,"{'0': {'precision': 0.4264705882352941, 'recall': 0.5370370370370371, 'f1-score': 0.47540983606557374, 'support': 54.0}, '1': {'precision': 0.5454545454545454, 'recall': 0.43478260869565216, 'f1-score': 0.4838709677419355, 'support': 69.0}, 'accuracy': 0.4796747967479675, 'macro avg': {'precision': 0.4859625668449198, 'recall': 0.48590982286634465, 'f1-score': 0.4796404019037546, 'support': 123.0}, 'weighted avg': {'precision': 0.493217686187557, 'recall': 0.4796747967479675, 'f1-score': 0.4801563245669474, 'support': 123.0}}","[[29 25]
 [39 30]]"
550,200,0.01,50,-1,dart,0.7,0.4959016393442623,0.5,"{'0': {'precision': 0.4411764705882353, 'recall': 0.5555555555555556, 'f1-score': 0.4918032786885246, 'support': 54.0}, '1': {'precision': 0.5636363636363636, 'recall': 0.4492753623188406, 'f1-score': 0.5, 'support': 69.0}, 'accuracy': 0.4959349593495935, 'macro avg': {'precision': 0.5024064171122995, 'recall': 0.5024154589371981, 'f1-score': 0.4959016393442623, 'support': 123.0}, 'weighted avg': {'precision': 0.5098734837615756, 'recall': 0.4959349593495935, 'f1-score': 0.4964014394242303, 'support': 123.0}}","[[30 24]
 [38 31]]"
551,200,0.01,50,-1,dart,0.7,0.5039338842975207,0.5,"{'0': {'precision': 0.44776119402985076, 'recall': 0.5555555555555556, 'f1-score': 0.49586776859504134, 'support': 54.0}, '1': {'precision': 0.5714285714285714, 'recall': 0.463768115942029, 'f1-score': 0.512, 'support': 69.0}, 'accuracy': 0.5040650406504065, 'macro avg': {'precision': 0.509594882729211, 'recall': 0.5096618357487923, 'f1-score': 0.5039338842975207, 'support': 123.0}, 'weighted avg': {'precision': 0.5171355764730354, 'recall': 0.5040650406504065, 'f1-score': 0.5049175569441645, 'support': 123.0}}","[[30 24]
 [37 32]]"
552,200,0.01,50,-1,dart,0.8,0.4796404019037546,0.5,"{'0': {'precision': 0.4264705882352941, 'recall': 0.5370370370370371, 'f1-score': 0.47540983606557374, 'support': 54.0}, '1': {'precision': 0.5454545454545454, 'recall': 0.43478260869565216, 'f1-score': 0.4838709677419355, 'support': 69.0}, 'accuracy': 0.4796747967479675, 'macro avg': {'precision': 0.4859625668449198, 'recall': 0.48590982286634465, 'f1-score': 0.4796404019037546, 'support': 123.0}, 'weighted avg': {'precision': 0.493217686187557, 'recall': 0.4796747967479675, 'f1-score': 0.4801563245669474, 'support': 123.0}}","[[29 25]
 [39 30]]"
553,200,0.01,50,-1,dart,0.8,0.4959016393442623,0.5,"{'0': {'precision': 0.4411764705882353, 'recall': 0.5555555555555556, 'f1-score': 0.4918032786885246, 'support': 54.0}, '1': {'precision': 0.5636363636363636, 'recall': 0.4492753623188406, 'f1-score': 0.5, 'support': 69.0}, 'accuracy': 0.4959349593495935, 'macro avg': {'precision': 0.5024064171122995, 'recall': 0.5024154589371981, 'f1-score': 0.4959016393442623, 'support': 123.0}, 'weighted avg': {'precision': 0.5098734837615756, 'recall': 0.4959349593495935, 'f1-score': 0.4964014394242303, 'support': 123.0}}","[[30 24]
 [38 31]]"
554,200,0.01,50,-1,dart,0.8,0.5039338842975207,0.5,"{'0': {'precision': 0.44776119402985076, 'recall': 0.5555555555555556, 'f1-score': 0.49586776859504134, 'support': 54.0}, '1': {'precision': 0.5714285714285714, 'recall': 0.463768115942029, 'f1-score': 0.512, 'support': 69.0}, 'accuracy': 0.5040650406504065, 'macro avg': {'precision': 0.509594882729211, 'recall': 0.5096618357487923, 'f1-score': 0.5039338842975207, 'support': 123.0}, 'weighted avg': {'precision': 0.5171355764730354, 'recall': 0.5040650406504065, 'f1-score': 0.5049175569441645, 'support': 123.0}}","[[30 24]
 [37 32]]"
555,200,0.01,50,-1,dart,1.0,0.4796404019037546,0.5,"{'0': {'precision': 0.4264705882352941, 'recall': 0.5370370370370371, 'f1-score': 0.47540983606557374, 'support': 54.0}, '1': {'precision': 0.5454545454545454, 'recall': 0.43478260869565216, 'f1-score': 0.4838709677419355, 'support': 69.0}, 'accuracy': 0.4796747967479675, 'macro avg': {'precision': 0.4859625668449198, 'recall': 0.48590982286634465, 'f1-score': 0.4796404019037546, 'support': 123.0}, 'weighted avg': {'precision': 0.493217686187557, 'recall': 0.4796747967479675, 'f1-score': 0.4801563245669474, 'support': 123.0}}","[[29 25]
 [39 30]]"
556,200,0.01,50,-1,dart,1.0,0.4959016393442623,0.5,"{'0': {'precision': 0.4411764705882353, 'recall': 0.5555555555555556, 'f1-score': 0.4918032786885246, 'support': 54.0}, '1': {'precision': 0.5636363636363636, 'recall': 0.4492753623188406, 'f1-score': 0.5, 'support': 69.0}, 'accuracy': 0.4959349593495935, 'macro avg': {'precision': 0.5024064171122995, 'recall': 0.5024154589371981, 'f1-score': 0.4959016393442623, 'support': 123.0}, 'weighted avg': {'precision': 0.5098734837615756, 'recall': 0.4959349593495935, 'f1-score': 0.4964014394242303, 'support': 123.0}}","[[30 24]
 [38 31]]"
557,200,0.01,50,-1,dart,1.0,0.5039338842975207,0.5,"{'0': {'precision': 0.44776119402985076, 'recall': 0.5555555555555556, 'f1-score': 0.49586776859504134, 'support': 54.0}, '1': {'precision': 0.5714285714285714, 'recall': 0.463768115942029, 'f1-score': 0.512, 'support': 69.0}, 'accuracy': 0.5040650406504065, 'macro avg': {'precision': 0.509594882729211, 'recall': 0.5096618357487923, 'f1-score': 0.5039338842975207, 'support': 123.0}, 'weighted avg': {'precision': 0.5171355764730354, 'recall': 0.5040650406504065, 'f1-score': 0.5049175569441645, 'support': 123.0}}","[[30 24]
 [37 32]]"
558,200,0.01,50,5,gbdt,0.7,0.4876694214876033,0.5,"{'0': {'precision': 0.43661971830985913, 'recall': 0.5740740740740741, 'f1-score': 0.496, 'support': 54.0}, '1': {'precision': 0.5576923076923077, 'recall': 0.42028985507246375, 'f1-score': 0.4793388429752066, 'support': 69.0}, 'accuracy': 0.4878048780487805, 'macro avg': {'precision': 0.4971560130010834, 'recall': 0.4971819645732689, 'f1-score': 0.4876694214876033, 'support': 123.0}, 'weighted avg': {'precision': 0.5045384879634278, 'recall': 0.4878048780487805, 'f1-score': 0.48665349727877444, 'support': 123.0}}","[[31 23]
 [40 29]]"
559,200,0.01,50,5,gbdt,0.7,0.45981178110840015,0.4,"{'0': {'precision': 0.3902439024390244, 'recall': 0.2962962962962963, 'f1-score': 0.3368421052631579, 'support': 54.0}, '1': {'precision': 0.5365853658536586, 'recall': 0.6376811594202898, 'f1-score': 0.5827814569536424, 'support': 69.0}, 'accuracy': 0.4878048780487805, 'macro avg': {'precision': 0.4634146341463415, 'recall': 0.46698872785829304, 'f1-score': 0.45981178110840015, 'support': 123.0}, 'weighted avg': {'precision': 0.4723378941106484, 'recall': 0.4878048780487804, 'f1-score': 0.4748080830407468, 'support': 123.0}}","[[16 38]
 [25 44]]"
560,200,0.01,50,5,gbdt,0.7,0.4951006355932204,0.5,"{'0': {'precision': 0.44594594594594594, 'recall': 0.6111111111111112, 'f1-score': 0.515625, 'support': 54.0}, '1': {'precision': 0.5714285714285714, 'recall': 0.4057971014492754, 'f1-score': 0.4745762711864407, 'support': 69.0}, 'accuracy': 0.4959349593495935, 'macro avg': {'precision': 0.5086872586872586, 'recall': 0.5084541062801933, 'f1-score': 0.4951006355932204, 'support': 123.0}, 'weighted avg': {'precision': 0.5163386382898577, 'recall': 0.4959349593495935, 'f1-score': 0.4925976643241009, 'support': 123.0}}","[[33 21]
 [41 28]]"
561,200,0.01,50,5,gbdt,0.8,0.4876694214876033,0.5,"{'0': {'precision': 0.43661971830985913, 'recall': 0.5740740740740741, 'f1-score': 0.496, 'support': 54.0}, '1': {'precision': 0.5576923076923077, 'recall': 0.42028985507246375, 'f1-score': 0.4793388429752066, 'support': 69.0}, 'accuracy': 0.4878048780487805, 'macro avg': {'precision': 0.4971560130010834, 'recall': 0.4971819645732689, 'f1-score': 0.4876694214876033, 'support': 123.0}, 'weighted avg': {'precision': 0.5045384879634278, 'recall': 0.4878048780487805, 'f1-score': 0.48665349727877444, 'support': 123.0}}","[[31 23]
 [40 29]]"
562,200,0.01,50,5,gbdt,0.8,0.45981178110840015,0.4,"{'0': {'precision': 0.3902439024390244, 'recall': 0.2962962962962963, 'f1-score': 0.3368421052631579, 'support': 54.0}, '1': {'precision': 0.5365853658536586, 'recall': 0.6376811594202898, 'f1-score': 0.5827814569536424, 'support': 69.0}, 'accuracy': 0.4878048780487805, 'macro avg': {'precision': 0.4634146341463415, 'recall': 0.46698872785829304, 'f1-score': 0.45981178110840015, 'support': 123.0}, 'weighted avg': {'precision': 0.4723378941106484, 'recall': 0.4878048780487804, 'f1-score': 0.4748080830407468, 'support': 123.0}}","[[16 38]
 [25 44]]"
563,200,0.01,50,5,gbdt,0.8,0.4951006355932204,0.5,"{'0': {'precision': 0.44594594594594594, 'recall': 0.6111111111111112, 'f1-score': 0.515625, 'support': 54.0}, '1': {'precision': 0.5714285714285714, 'recall': 0.4057971014492754, 'f1-score': 0.4745762711864407, 'support': 69.0}, 'accuracy': 0.4959349593495935, 'macro avg': {'precision': 0.5086872586872586, 'recall': 0.5084541062801933, 'f1-score': 0.4951006355932204, 'support': 123.0}, 'weighted avg': {'precision': 0.5163386382898577, 'recall': 0.4959349593495935, 'f1-score': 0.4925976643241009, 'support': 123.0}}","[[33 21]
 [41 28]]"
564,200,0.01,50,5,gbdt,1.0,0.4876694214876033,0.5,"{'0': {'precision': 0.43661971830985913, 'recall': 0.5740740740740741, 'f1-score': 0.496, 'support': 54.0}, '1': {'precision': 0.5576923076923077, 'recall': 0.42028985507246375, 'f1-score': 0.4793388429752066, 'support': 69.0}, 'accuracy': 0.4878048780487805, 'macro avg': {'precision': 0.4971560130010834, 'recall': 0.4971819645732689, 'f1-score': 0.4876694214876033, 'support': 123.0}, 'weighted avg': {'precision': 0.5045384879634278, 'recall': 0.4878048780487805, 'f1-score': 0.48665349727877444, 'support': 123.0}}","[[31 23]
 [40 29]]"
565,200,0.01,50,5,gbdt,1.0,0.45981178110840015,0.4,"{'0': {'precision': 0.3902439024390244, 'recall': 0.2962962962962963, 'f1-score': 0.3368421052631579, 'support': 54.0}, '1': {'precision': 0.5365853658536586, 'recall': 0.6376811594202898, 'f1-score': 0.5827814569536424, 'support': 69.0}, 'accuracy': 0.4878048780487805, 'macro avg': {'precision': 0.4634146341463415, 'recall': 0.46698872785829304, 'f1-score': 0.45981178110840015, 'support': 123.0}, 'weighted avg': {'precision': 0.4723378941106484, 'recall': 0.4878048780487804, 'f1-score': 0.4748080830407468, 'support': 123.0}}","[[16 38]
 [25 44]]"
566,200,0.01,50,5,gbdt,1.0,0.4951006355932204,0.5,"{'0': {'precision': 0.44594594594594594, 'recall': 0.6111111111111112, 'f1-score': 0.515625, 'support': 54.0}, '1': {'precision': 0.5714285714285714, 'recall': 0.4057971014492754, 'f1-score': 0.4745762711864407, 'support': 69.0}, 'accuracy': 0.4959349593495935, 'macro avg': {'precision': 0.5086872586872586, 'recall': 0.5084541062801933, 'f1-score': 0.4951006355932204, 'support': 123.0}, 'weighted avg': {'precision': 0.5163386382898577, 'recall': 0.4959349593495935, 'f1-score': 0.4925976643241009, 'support': 123.0}}","[[33 21]
 [41 28]]"
567,200,0.01,50,5,dart,0.7,0.49563492063492065,0.5,"{'0': {'precision': 0.4393939393939394, 'recall': 0.5370370370370371, 'f1-score': 0.48333333333333334, 'support': 54.0}, '1': {'precision': 0.5614035087719298, 'recall': 0.463768115942029, 'f1-score': 0.5079365079365079, 'support': 69.0}, 'accuracy': 0.4959349593495935, 'macro avg': {'precision': 0.5003987240829346, 'recall': 0.500402576489533, 'f1-score': 0.49563492063492065, 'support': 123.0}, 'weighted avg': {'precision': 0.5078383319718365, 'recall': 0.4959349593495935, 'f1-score': 0.49713511420828493, 'support': 123.0}}","[[29 25]
 [37 32]]"
568,200,0.01,50,5,dart,0.7,0.5201983471074381,0.5,"{'0': {'precision': 0.4626865671641791, 'recall': 0.5740740740740741, 'f1-score': 0.512396694214876, 'support': 54.0}, '1': {'precision': 0.5892857142857143, 'recall': 0.4782608695652174, 'f1-score': 0.528, 'support': 69.0}, 'accuracy': 0.5203252032520326, 'macro avg': {'precision': 0.5259861407249466, 'recall': 0.5261674718196457, 'f1-score': 0.5201983471074381, 'support': 123.0}, 'weighted avg': {'precision': 0.5337056009152842, 'recall': 0.5203252032520326, 'f1-score': 0.5211497681918967, 'support': 123.0}}","[[31 23]
 [36 33]]"
569,200,0.01,50,5,dart,0.7,0.5121628767847699,0.5,"{'0': {'precision': 0.45714285714285713, 'recall': 0.5925925925925926, 'f1-score': 0.5161290322580645, 'support': 54.0}, '1': {'precision': 0.5849056603773585, 'recall': 0.4492753623188406, 'f1-score': 0.5081967213114754, 'support': 69.0}, 'accuracy': 0.5121951219512195, 'macro avg': {'precision': 0.5210242587601078, 'recall': 0.5209339774557166, 'f1-score': 0.5121628767847699, 'support': 123.0}, 'weighted avg': {'precision': 0.5288146735914799, 'recall': 0.5121951219512195, 'f1-score': 0.5116791992880267, 'support': 123.0}}","[[32 22]
 [38 31]]"
570,200,0.01,50,5,dart,0.8,0.49563492063492065,0.5,"{'0': {'precision': 0.4393939393939394, 'recall': 0.5370370370370371, 'f1-score': 0.48333333333333334, 'support': 54.0}, '1': {'precision': 0.5614035087719298, 'recall': 0.463768115942029, 'f1-score': 0.5079365079365079, 'support': 69.0}, 'accuracy': 0.4959349593495935, 'macro avg': {'precision': 0.5003987240829346, 'recall': 0.500402576489533, 'f1-score': 0.49563492063492065, 'support': 123.0}, 'weighted avg': {'precision': 0.5078383319718365, 'recall': 0.4959349593495935, 'f1-score': 0.49713511420828493, 'support': 123.0}}","[[29 25]
 [37 32]]"
571,200,0.01,50,5,dart,0.8,0.5201983471074381,0.5,"{'0': {'precision': 0.4626865671641791, 'recall': 0.5740740740740741, 'f1-score': 0.512396694214876, 'support': 54.0}, '1': {'precision': 0.5892857142857143, 'recall': 0.4782608695652174, 'f1-score': 0.528, 'support': 69.0}, 'accuracy': 0.5203252032520326, 'macro avg': {'precision': 0.5259861407249466, 'recall': 0.5261674718196457, 'f1-score': 0.5201983471074381, 'support': 123.0}, 'weighted avg': {'precision': 0.5337056009152842, 'recall': 0.5203252032520326, 'f1-score': 0.5211497681918967, 'support': 123.0}}","[[31 23]
 [36 33]]"
572,200,0.01,50,5,dart,0.8,0.5121628767847699,0.5,"{'0': {'precision': 0.45714285714285713, 'recall': 0.5925925925925926, 'f1-score': 0.5161290322580645, 'support': 54.0}, '1': {'precision': 0.5849056603773585, 'recall': 0.4492753623188406, 'f1-score': 0.5081967213114754, 'support': 69.0}, 'accuracy': 0.5121951219512195, 'macro avg': {'precision': 0.5210242587601078, 'recall': 0.5209339774557166, 'f1-score': 0.5121628767847699, 'support': 123.0}, 'weighted avg': {'precision': 0.5288146735914799, 'recall': 0.5121951219512195, 'f1-score': 0.5116791992880267, 'support': 123.0}}","[[32 22]
 [38 31]]"
573,200,0.01,50,5,dart,1.0,0.49563492063492065,0.5,"{'0': {'precision': 0.4393939393939394, 'recall': 0.5370370370370371, 'f1-score': 0.48333333333333334, 'support': 54.0}, '1': {'precision': 0.5614035087719298, 'recall': 0.463768115942029, 'f1-score': 0.5079365079365079, 'support': 69.0}, 'accuracy': 0.4959349593495935, 'macro avg': {'precision': 0.5003987240829346, 'recall': 0.500402576489533, 'f1-score': 0.49563492063492065, 'support': 123.0}, 'weighted avg': {'precision': 0.5078383319718365, 'recall': 0.4959349593495935, 'f1-score': 0.49713511420828493, 'support': 123.0}}","[[29 25]
 [37 32]]"
574,200,0.01,50,5,dart,1.0,0.5201983471074381,0.5,"{'0': {'precision': 0.4626865671641791, 'recall': 0.5740740740740741, 'f1-score': 0.512396694214876, 'support': 54.0}, '1': {'precision': 0.5892857142857143, 'recall': 0.4782608695652174, 'f1-score': 0.528, 'support': 69.0}, 'accuracy': 0.5203252032520326, 'macro avg': {'precision': 0.5259861407249466, 'recall': 0.5261674718196457, 'f1-score': 0.5201983471074381, 'support': 123.0}, 'weighted avg': {'precision': 0.5337056009152842, 'recall': 0.5203252032520326, 'f1-score': 0.5211497681918967, 'support': 123.0}}","[[31 23]
 [36 33]]"
575,200,0.01,50,5,dart,1.0,0.5121628767847699,0.5,"{'0': {'precision': 0.45714285714285713, 'recall': 0.5925925925925926, 'f1-score': 0.5161290322580645, 'support': 54.0}, '1': {'precision': 0.5849056603773585, 'recall': 0.4492753623188406, 'f1-score': 0.5081967213114754, 'support': 69.0}, 'accuracy': 0.5121951219512195, 'macro avg': {'precision': 0.5210242587601078, 'recall': 0.5209339774557166, 'f1-score': 0.5121628767847699, 'support': 123.0}, 'weighted avg': {'precision': 0.5288146735914799, 'recall': 0.5121951219512195, 'f1-score': 0.5116791992880267, 'support': 123.0}}","[[32 22]
 [38 31]]"
576,200,0.01,50,10,gbdt,0.7,0.48998524140839134,0.4,"{'0': {'precision': 0.4358974358974359, 'recall': 0.3148148148148148, 'f1-score': 0.3655913978494624, 'support': 54.0}, '1': {'precision': 0.5595238095238095, 'recall': 0.6811594202898551, 'f1-score': 0.6143790849673203, 'support': 69.0}, 'accuracy': 0.5203252032520326, 'macro avg': {'precision': 0.4977106227106227, 'recall': 0.49798711755233493, 'f1-score': 0.48998524140839134, 'support': 123.0}, 'weighted avg': {'precision': 0.5052488162244261, 'recall': 0.5203252032520326, 'f1-score': 0.5051552223302119, 'support': 123.0}}","[[17 37]
 [22 47]]"
577,200,0.01,50,10,gbdt,0.7,0.46174477696216826,0.4,"{'0': {'precision': 0.39473684210526316, 'recall': 0.2777777777777778, 'f1-score': 0.32608695652173914, 'support': 54.0}, '1': {'precision': 0.5411764705882353, 'recall': 0.6666666666666666, 'f1-score': 0.5974025974025974, 'support': 69.0}, 'accuracy': 0.4959349593495935, 'macro avg': {'precision': 0.4679566563467492, 'recall': 0.4722222222222222, 'f1-score': 0.46174477696216826, 'support': 123.0}, 'weighted avg': {'precision': 0.4768859019859548, 'recall': 0.4959349593495935, 'f1-score': 0.478288413601245, 'support': 123.0}}","[[15 39]
 [23 46]]"
578,200,0.01,50,10,gbdt,0.7,0.37492941840767924,0.6000000000000001,"{'0': {'precision': 0.41, 'recall': 0.7592592592592593, 'f1-score': 0.5324675324675324, 'support': 54.0}, '1': {'precision': 0.43478260869565216, 'recall': 0.14492753623188406, 'f1-score': 0.21739130434782608, 'support': 69.0}, 'accuracy': 0.4146341463414634, 'macro avg': {'precision': 0.42239130434782607, 'recall': 0.45209339774557167, 'f1-score': 0.37492941840767924, 'support': 123.0}, 'weighted avg': {'precision': 0.42390243902439023, 'recall': 0.4146341463414634, 'f1-score': 0.35571745327842885, 'support': 123.0}}","[[41 13]
 [59 10]]"
579,200,0.01,50,10,gbdt,0.8,0.48998524140839134,0.4,"{'0': {'precision': 0.4358974358974359, 'recall': 0.3148148148148148, 'f1-score': 0.3655913978494624, 'support': 54.0}, '1': {'precision': 0.5595238095238095, 'recall': 0.6811594202898551, 'f1-score': 0.6143790849673203, 'support': 69.0}, 'accuracy': 0.5203252032520326, 'macro avg': {'precision': 0.4977106227106227, 'recall': 0.49798711755233493, 'f1-score': 0.48998524140839134, 'support': 123.0}, 'weighted avg': {'precision': 0.5052488162244261, 'recall': 0.5203252032520326, 'f1-score': 0.5051552223302119, 'support': 123.0}}","[[17 37]
 [22 47]]"
580,200,0.01,50,10,gbdt,0.8,0.46174477696216826,0.4,"{'0': {'precision': 0.39473684210526316, 'recall': 0.2777777777777778, 'f1-score': 0.32608695652173914, 'support': 54.0}, '1': {'precision': 0.5411764705882353, 'recall': 0.6666666666666666, 'f1-score': 0.5974025974025974, 'support': 69.0}, 'accuracy': 0.4959349593495935, 'macro avg': {'precision': 0.4679566563467492, 'recall': 0.4722222222222222, 'f1-score': 0.46174477696216826, 'support': 123.0}, 'weighted avg': {'precision': 0.4768859019859548, 'recall': 0.4959349593495935, 'f1-score': 0.478288413601245, 'support': 123.0}}","[[15 39]
 [23 46]]"
581,200,0.01,50,10,gbdt,0.8,0.37492941840767924,0.6000000000000001,"{'0': {'precision': 0.41, 'recall': 0.7592592592592593, 'f1-score': 0.5324675324675324, 'support': 54.0}, '1': {'precision': 0.43478260869565216, 'recall': 0.14492753623188406, 'f1-score': 0.21739130434782608, 'support': 69.0}, 'accuracy': 0.4146341463414634, 'macro avg': {'precision': 0.42239130434782607, 'recall': 0.45209339774557167, 'f1-score': 0.37492941840767924, 'support': 123.0}, 'weighted avg': {'precision': 0.42390243902439023, 'recall': 0.4146341463414634, 'f1-score': 0.35571745327842885, 'support': 123.0}}","[[41 13]
 [59 10]]"
582,200,0.01,50,10,gbdt,1.0,0.48998524140839134,0.4,"{'0': {'precision': 0.4358974358974359, 'recall': 0.3148148148148148, 'f1-score': 0.3655913978494624, 'support': 54.0}, '1': {'precision': 0.5595238095238095, 'recall': 0.6811594202898551, 'f1-score': 0.6143790849673203, 'support': 69.0}, 'accuracy': 0.5203252032520326, 'macro avg': {'precision': 0.4977106227106227, 'recall': 0.49798711755233493, 'f1-score': 0.48998524140839134, 'support': 123.0}, 'weighted avg': {'precision': 0.5052488162244261, 'recall': 0.5203252032520326, 'f1-score': 0.5051552223302119, 'support': 123.0}}","[[17 37]
 [22 47]]"
583,200,0.01,50,10,gbdt,1.0,0.46174477696216826,0.4,"{'0': {'precision': 0.39473684210526316, 'recall': 0.2777777777777778, 'f1-score': 0.32608695652173914, 'support': 54.0}, '1': {'precision': 0.5411764705882353, 'recall': 0.6666666666666666, 'f1-score': 0.5974025974025974, 'support': 69.0}, 'accuracy': 0.4959349593495935, 'macro avg': {'precision': 0.4679566563467492, 'recall': 0.4722222222222222, 'f1-score': 0.46174477696216826, 'support': 123.0}, 'weighted avg': {'precision': 0.4768859019859548, 'recall': 0.4959349593495935, 'f1-score': 0.478288413601245, 'support': 123.0}}","[[15 39]
 [23 46]]"
584,200,0.01,50,10,gbdt,1.0,0.37492941840767924,0.6000000000000001,"{'0': {'precision': 0.41, 'recall': 0.7592592592592593, 'f1-score': 0.5324675324675324, 'support': 54.0}, '1': {'precision': 0.43478260869565216, 'recall': 0.14492753623188406, 'f1-score': 0.21739130434782608, 'support': 69.0}, 'accuracy': 0.4146341463414634, 'macro avg': {'precision': 0.42239130434782607, 'recall': 0.45209339774557167, 'f1-score': 0.37492941840767924, 'support': 123.0}, 'weighted avg': {'precision': 0.42390243902439023, 'recall': 0.4146341463414634, 'f1-score': 0.35571745327842885, 'support': 123.0}}","[[41 13]
 [59 10]]"
585,200,0.01,50,10,dart,0.7,0.4796404019037546,0.5,"{'0': {'precision': 0.4264705882352941, 'recall': 0.5370370370370371, 'f1-score': 0.47540983606557374, 'support': 54.0}, '1': {'precision': 0.5454545454545454, 'recall': 0.43478260869565216, 'f1-score': 0.4838709677419355, 'support': 69.0}, 'accuracy': 0.4796747967479675, 'macro avg': {'precision': 0.4859625668449198, 'recall': 0.48590982286634465, 'f1-score': 0.4796404019037546, 'support': 123.0}, 'weighted avg': {'precision': 0.493217686187557, 'recall': 0.4796747967479675, 'f1-score': 0.4801563245669474, 'support': 123.0}}","[[29 25]
 [39 30]]"
586,200,0.01,50,10,dart,0.7,0.4959016393442623,0.5,"{'0': {'precision': 0.4411764705882353, 'recall': 0.5555555555555556, 'f1-score': 0.4918032786885246, 'support': 54.0}, '1': {'precision': 0.5636363636363636, 'recall': 0.4492753623188406, 'f1-score': 0.5, 'support': 69.0}, 'accuracy': 0.4959349593495935, 'macro avg': {'precision': 0.5024064171122995, 'recall': 0.5024154589371981, 'f1-score': 0.4959016393442623, 'support': 123.0}, 'weighted avg': {'precision': 0.5098734837615756, 'recall': 0.4959349593495935, 'f1-score': 0.4964014394242303, 'support': 123.0}}","[[30 24]
 [38 31]]"
587,200,0.01,50,10,dart,0.7,0.5039338842975207,0.5,"{'0': {'precision': 0.44776119402985076, 'recall': 0.5555555555555556, 'f1-score': 0.49586776859504134, 'support': 54.0}, '1': {'precision': 0.5714285714285714, 'recall': 0.463768115942029, 'f1-score': 0.512, 'support': 69.0}, 'accuracy': 0.5040650406504065, 'macro avg': {'precision': 0.509594882729211, 'recall': 0.5096618357487923, 'f1-score': 0.5039338842975207, 'support': 123.0}, 'weighted avg': {'precision': 0.5171355764730354, 'recall': 0.5040650406504065, 'f1-score': 0.5049175569441645, 'support': 123.0}}","[[30 24]
 [37 32]]"
588,200,0.01,50,10,dart,0.8,0.4796404019037546,0.5,"{'0': {'precision': 0.4264705882352941, 'recall': 0.5370370370370371, 'f1-score': 0.47540983606557374, 'support': 54.0}, '1': {'precision': 0.5454545454545454, 'recall': 0.43478260869565216, 'f1-score': 0.4838709677419355, 'support': 69.0}, 'accuracy': 0.4796747967479675, 'macro avg': {'precision': 0.4859625668449198, 'recall': 0.48590982286634465, 'f1-score': 0.4796404019037546, 'support': 123.0}, 'weighted avg': {'precision': 0.493217686187557, 'recall': 0.4796747967479675, 'f1-score': 0.4801563245669474, 'support': 123.0}}","[[29 25]
 [39 30]]"
589,200,0.01,50,10,dart,0.8,0.4959016393442623,0.5,"{'0': {'precision': 0.4411764705882353, 'recall': 0.5555555555555556, 'f1-score': 0.4918032786885246, 'support': 54.0}, '1': {'precision': 0.5636363636363636, 'recall': 0.4492753623188406, 'f1-score': 0.5, 'support': 69.0}, 'accuracy': 0.4959349593495935, 'macro avg': {'precision': 0.5024064171122995, 'recall': 0.5024154589371981, 'f1-score': 0.4959016393442623, 'support': 123.0}, 'weighted avg': {'precision': 0.5098734837615756, 'recall': 0.4959349593495935, 'f1-score': 0.4964014394242303, 'support': 123.0}}","[[30 24]
 [38 31]]"
590,200,0.01,50,10,dart,0.8,0.5039338842975207,0.5,"{'0': {'precision': 0.44776119402985076, 'recall': 0.5555555555555556, 'f1-score': 0.49586776859504134, 'support': 54.0}, '1': {'precision': 0.5714285714285714, 'recall': 0.463768115942029, 'f1-score': 0.512, 'support': 69.0}, 'accuracy': 0.5040650406504065, 'macro avg': {'precision': 0.509594882729211, 'recall': 0.5096618357487923, 'f1-score': 0.5039338842975207, 'support': 123.0}, 'weighted avg': {'precision': 0.5171355764730354, 'recall': 0.5040650406504065, 'f1-score': 0.5049175569441645, 'support': 123.0}}","[[30 24]
 [37 32]]"
591,200,0.01,50,10,dart,1.0,0.4796404019037546,0.5,"{'0': {'precision': 0.4264705882352941, 'recall': 0.5370370370370371, 'f1-score': 0.47540983606557374, 'support': 54.0}, '1': {'precision': 0.5454545454545454, 'recall': 0.43478260869565216, 'f1-score': 0.4838709677419355, 'support': 69.0}, 'accuracy': 0.4796747967479675, 'macro avg': {'precision': 0.4859625668449198, 'recall': 0.48590982286634465, 'f1-score': 0.4796404019037546, 'support': 123.0}, 'weighted avg': {'precision': 0.493217686187557, 'recall': 0.4796747967479675, 'f1-score': 0.4801563245669474, 'support': 123.0}}","[[29 25]
 [39 30]]"
592,200,0.01,50,10,dart,1.0,0.4959016393442623,0.5,"{'0': {'precision': 0.4411764705882353, 'recall': 0.5555555555555556, 'f1-score': 0.4918032786885246, 'support': 54.0}, '1': {'precision': 0.5636363636363636, 'recall': 0.4492753623188406, 'f1-score': 0.5, 'support': 69.0}, 'accuracy': 0.4959349593495935, 'macro avg': {'precision': 0.5024064171122995, 'recall': 0.5024154589371981, 'f1-score': 0.4959016393442623, 'support': 123.0}, 'weighted avg': {'precision': 0.5098734837615756, 'recall': 0.4959349593495935, 'f1-score': 0.4964014394242303, 'support': 123.0}}","[[30 24]
 [38 31]]"
593,200,0.01,50,10,dart,1.0,0.5039338842975207,0.5,"{'0': {'precision': 0.44776119402985076, 'recall': 0.5555555555555556, 'f1-score': 0.49586776859504134, 'support': 54.0}, '1': {'precision': 0.5714285714285714, 'recall': 0.463768115942029, 'f1-score': 0.512, 'support': 69.0}, 'accuracy': 0.5040650406504065, 'macro avg': {'precision': 0.509594882729211, 'recall': 0.5096618357487923, 'f1-score': 0.5039338842975207, 'support': 123.0}, 'weighted avg': {'precision': 0.5171355764730354, 'recall': 0.5040650406504065, 'f1-score': 0.5049175569441645, 'support': 123.0}}","[[30 24]
 [37 32]]"
594,200,0.01,70,-1,gbdt,0.7,0.48998524140839134,0.4,"{'0': {'precision': 0.4358974358974359, 'recall': 0.3148148148148148, 'f1-score': 0.3655913978494624, 'support': 54.0}, '1': {'precision': 0.5595238095238095, 'recall': 0.6811594202898551, 'f1-score': 0.6143790849673203, 'support': 69.0}, 'accuracy': 0.5203252032520326, 'macro avg': {'precision': 0.4977106227106227, 'recall': 0.49798711755233493, 'f1-score': 0.48998524140839134, 'support': 123.0}, 'weighted avg': {'precision': 0.5052488162244261, 'recall': 0.5203252032520326, 'f1-score': 0.5051552223302119, 'support': 123.0}}","[[17 37]
 [22 47]]"
595,200,0.01,70,-1,gbdt,0.7,0.46174477696216826,0.4,"{'0': {'precision': 0.39473684210526316, 'recall': 0.2777777777777778, 'f1-score': 0.32608695652173914, 'support': 54.0}, '1': {'precision': 0.5411764705882353, 'recall': 0.6666666666666666, 'f1-score': 0.5974025974025974, 'support': 69.0}, 'accuracy': 0.4959349593495935, 'macro avg': {'precision': 0.4679566563467492, 'recall': 0.4722222222222222, 'f1-score': 0.46174477696216826, 'support': 123.0}, 'weighted avg': {'precision': 0.4768859019859548, 'recall': 0.4959349593495935, 'f1-score': 0.478288413601245, 'support': 123.0}}","[[15 39]
 [23 46]]"
596,200,0.01,70,-1,gbdt,0.7,0.37492941840767924,0.6000000000000001,"{'0': {'precision': 0.41, 'recall': 0.7592592592592593, 'f1-score': 0.5324675324675324, 'support': 54.0}, '1': {'precision': 0.43478260869565216, 'recall': 0.14492753623188406, 'f1-score': 0.21739130434782608, 'support': 69.0}, 'accuracy': 0.4146341463414634, 'macro avg': {'precision': 0.42239130434782607, 'recall': 0.45209339774557167, 'f1-score': 0.37492941840767924, 'support': 123.0}, 'weighted avg': {'precision': 0.42390243902439023, 'recall': 0.4146341463414634, 'f1-score': 0.35571745327842885, 'support': 123.0}}","[[41 13]
 [59 10]]"
597,200,0.01,70,-1,gbdt,0.8,0.48998524140839134,0.4,"{'0': {'precision': 0.4358974358974359, 'recall': 0.3148148148148148, 'f1-score': 0.3655913978494624, 'support': 54.0}, '1': {'precision': 0.5595238095238095, 'recall': 0.6811594202898551, 'f1-score': 0.6143790849673203, 'support': 69.0}, 'accuracy': 0.5203252032520326, 'macro avg': {'precision': 0.4977106227106227, 'recall': 0.49798711755233493, 'f1-score': 0.48998524140839134, 'support': 123.0}, 'weighted avg': {'precision': 0.5052488162244261, 'recall': 0.5203252032520326, 'f1-score': 0.5051552223302119, 'support': 123.0}}","[[17 37]
 [22 47]]"
598,200,0.01,70,-1,gbdt,0.8,0.46174477696216826,0.4,"{'0': {'precision': 0.39473684210526316, 'recall': 0.2777777777777778, 'f1-score': 0.32608695652173914, 'support': 54.0}, '1': {'precision': 0.5411764705882353, 'recall': 0.6666666666666666, 'f1-score': 0.5974025974025974, 'support': 69.0}, 'accuracy': 0.4959349593495935, 'macro avg': {'precision': 0.4679566563467492, 'recall': 0.4722222222222222, 'f1-score': 0.46174477696216826, 'support': 123.0}, 'weighted avg': {'precision': 0.4768859019859548, 'recall': 0.4959349593495935, 'f1-score': 0.478288413601245, 'support': 123.0}}","[[15 39]
 [23 46]]"
599,200,0.01,70,-1,gbdt,0.8,0.37492941840767924,0.6000000000000001,"{'0': {'precision': 0.41, 'recall': 0.7592592592592593, 'f1-score': 0.5324675324675324, 'support': 54.0}, '1': {'precision': 0.43478260869565216, 'recall': 0.14492753623188406, 'f1-score': 0.21739130434782608, 'support': 69.0}, 'accuracy': 0.4146341463414634, 'macro avg': {'precision': 0.42239130434782607, 'recall': 0.45209339774557167, 'f1-score': 0.37492941840767924, 'support': 123.0}, 'weighted avg': {'precision': 0.42390243902439023, 'recall': 0.4146341463414634, 'f1-score': 0.35571745327842885, 'support': 123.0}}","[[41 13]
 [59 10]]"
600,200,0.01,70,-1,gbdt,1.0,0.48998524140839134,0.4,"{'0': {'precision': 0.4358974358974359, 'recall': 0.3148148148148148, 'f1-score': 0.3655913978494624, 'support': 54.0}, '1': {'precision': 0.5595238095238095, 'recall': 0.6811594202898551, 'f1-score': 0.6143790849673203, 'support': 69.0}, 'accuracy': 0.5203252032520326, 'macro avg': {'precision': 0.4977106227106227, 'recall': 0.49798711755233493, 'f1-score': 0.48998524140839134, 'support': 123.0}, 'weighted avg': {'precision': 0.5052488162244261, 'recall': 0.5203252032520326, 'f1-score': 0.5051552223302119, 'support': 123.0}}","[[17 37]
 [22 47]]"
601,200,0.01,70,-1,gbdt,1.0,0.46174477696216826,0.4,"{'0': {'precision': 0.39473684210526316, 'recall': 0.2777777777777778, 'f1-score': 0.32608695652173914, 'support': 54.0}, '1': {'precision': 0.5411764705882353, 'recall': 0.6666666666666666, 'f1-score': 0.5974025974025974, 'support': 69.0}, 'accuracy': 0.4959349593495935, 'macro avg': {'precision': 0.4679566563467492, 'recall': 0.4722222222222222, 'f1-score': 0.46174477696216826, 'support': 123.0}, 'weighted avg': {'precision': 0.4768859019859548, 'recall': 0.4959349593495935, 'f1-score': 0.478288413601245, 'support': 123.0}}","[[15 39]
 [23 46]]"
602,200,0.01,70,-1,gbdt,1.0,0.37492941840767924,0.6000000000000001,"{'0': {'precision': 0.41, 'recall': 0.7592592592592593, 'f1-score': 0.5324675324675324, 'support': 54.0}, '1': {'precision': 0.43478260869565216, 'recall': 0.14492753623188406, 'f1-score': 0.21739130434782608, 'support': 69.0}, 'accuracy': 0.4146341463414634, 'macro avg': {'precision': 0.42239130434782607, 'recall': 0.45209339774557167, 'f1-score': 0.37492941840767924, 'support': 123.0}, 'weighted avg': {'precision': 0.42390243902439023, 'recall': 0.4146341463414634, 'f1-score': 0.35571745327842885, 'support': 123.0}}","[[41 13]
 [59 10]]"
603,200,0.01,70,-1,dart,0.7,0.4796404019037546,0.5,"{'0': {'precision': 0.4264705882352941, 'recall': 0.5370370370370371, 'f1-score': 0.47540983606557374, 'support': 54.0}, '1': {'precision': 0.5454545454545454, 'recall': 0.43478260869565216, 'f1-score': 0.4838709677419355, 'support': 69.0}, 'accuracy': 0.4796747967479675, 'macro avg': {'precision': 0.4859625668449198, 'recall': 0.48590982286634465, 'f1-score': 0.4796404019037546, 'support': 123.0}, 'weighted avg': {'precision': 0.493217686187557, 'recall': 0.4796747967479675, 'f1-score': 0.4801563245669474, 'support': 123.0}}","[[29 25]
 [39 30]]"
604,200,0.01,70,-1,dart,0.7,0.4959016393442623,0.5,"{'0': {'precision': 0.4411764705882353, 'recall': 0.5555555555555556, 'f1-score': 0.4918032786885246, 'support': 54.0}, '1': {'precision': 0.5636363636363636, 'recall': 0.4492753623188406, 'f1-score': 0.5, 'support': 69.0}, 'accuracy': 0.4959349593495935, 'macro avg': {'precision': 0.5024064171122995, 'recall': 0.5024154589371981, 'f1-score': 0.4959016393442623, 'support': 123.0}, 'weighted avg': {'precision': 0.5098734837615756, 'recall': 0.4959349593495935, 'f1-score': 0.4964014394242303, 'support': 123.0}}","[[30 24]
 [38 31]]"
605,200,0.01,70,-1,dart,0.7,0.5039338842975207,0.5,"{'0': {'precision': 0.44776119402985076, 'recall': 0.5555555555555556, 'f1-score': 0.49586776859504134, 'support': 54.0}, '1': {'precision': 0.5714285714285714, 'recall': 0.463768115942029, 'f1-score': 0.512, 'support': 69.0}, 'accuracy': 0.5040650406504065, 'macro avg': {'precision': 0.509594882729211, 'recall': 0.5096618357487923, 'f1-score': 0.5039338842975207, 'support': 123.0}, 'weighted avg': {'precision': 0.5171355764730354, 'recall': 0.5040650406504065, 'f1-score': 0.5049175569441645, 'support': 123.0}}","[[30 24]
 [37 32]]"
606,200,0.01,70,-1,dart,0.8,0.4796404019037546,0.5,"{'0': {'precision': 0.4264705882352941, 'recall': 0.5370370370370371, 'f1-score': 0.47540983606557374, 'support': 54.0}, '1': {'precision': 0.5454545454545454, 'recall': 0.43478260869565216, 'f1-score': 0.4838709677419355, 'support': 69.0}, 'accuracy': 0.4796747967479675, 'macro avg': {'precision': 0.4859625668449198, 'recall': 0.48590982286634465, 'f1-score': 0.4796404019037546, 'support': 123.0}, 'weighted avg': {'precision': 0.493217686187557, 'recall': 0.4796747967479675, 'f1-score': 0.4801563245669474, 'support': 123.0}}","[[29 25]
 [39 30]]"
607,200,0.01,70,-1,dart,0.8,0.4959016393442623,0.5,"{'0': {'precision': 0.4411764705882353, 'recall': 0.5555555555555556, 'f1-score': 0.4918032786885246, 'support': 54.0}, '1': {'precision': 0.5636363636363636, 'recall': 0.4492753623188406, 'f1-score': 0.5, 'support': 69.0}, 'accuracy': 0.4959349593495935, 'macro avg': {'precision': 0.5024064171122995, 'recall': 0.5024154589371981, 'f1-score': 0.4959016393442623, 'support': 123.0}, 'weighted avg': {'precision': 0.5098734837615756, 'recall': 0.4959349593495935, 'f1-score': 0.4964014394242303, 'support': 123.0}}","[[30 24]
 [38 31]]"
608,200,0.01,70,-1,dart,0.8,0.5039338842975207,0.5,"{'0': {'precision': 0.44776119402985076, 'recall': 0.5555555555555556, 'f1-score': 0.49586776859504134, 'support': 54.0}, '1': {'precision': 0.5714285714285714, 'recall': 0.463768115942029, 'f1-score': 0.512, 'support': 69.0}, 'accuracy': 0.5040650406504065, 'macro avg': {'precision': 0.509594882729211, 'recall': 0.5096618357487923, 'f1-score': 0.5039338842975207, 'support': 123.0}, 'weighted avg': {'precision': 0.5171355764730354, 'recall': 0.5040650406504065, 'f1-score': 0.5049175569441645, 'support': 123.0}}","[[30 24]
 [37 32]]"
609,200,0.01,70,-1,dart,1.0,0.4796404019037546,0.5,"{'0': {'precision': 0.4264705882352941, 'recall': 0.5370370370370371, 'f1-score': 0.47540983606557374, 'support': 54.0}, '1': {'precision': 0.5454545454545454, 'recall': 0.43478260869565216, 'f1-score': 0.4838709677419355, 'support': 69.0}, 'accuracy': 0.4796747967479675, 'macro avg': {'precision': 0.4859625668449198, 'recall': 0.48590982286634465, 'f1-score': 0.4796404019037546, 'support': 123.0}, 'weighted avg': {'precision': 0.493217686187557, 'recall': 0.4796747967479675, 'f1-score': 0.4801563245669474, 'support': 123.0}}","[[29 25]
 [39 30]]"
610,200,0.01,70,-1,dart,1.0,0.4959016393442623,0.5,"{'0': {'precision': 0.4411764705882353, 'recall': 0.5555555555555556, 'f1-score': 0.4918032786885246, 'support': 54.0}, '1': {'precision': 0.5636363636363636, 'recall': 0.4492753623188406, 'f1-score': 0.5, 'support': 69.0}, 'accuracy': 0.4959349593495935, 'macro avg': {'precision': 0.5024064171122995, 'recall': 0.5024154589371981, 'f1-score': 0.4959016393442623, 'support': 123.0}, 'weighted avg': {'precision': 0.5098734837615756, 'recall': 0.4959349593495935, 'f1-score': 0.4964014394242303, 'support': 123.0}}","[[30 24]
 [38 31]]"
611,200,0.01,70,-1,dart,1.0,0.5039338842975207,0.5,"{'0': {'precision': 0.44776119402985076, 'recall': 0.5555555555555556, 'f1-score': 0.49586776859504134, 'support': 54.0}, '1': {'precision': 0.5714285714285714, 'recall': 0.463768115942029, 'f1-score': 0.512, 'support': 69.0}, 'accuracy': 0.5040650406504065, 'macro avg': {'precision': 0.509594882729211, 'recall': 0.5096618357487923, 'f1-score': 0.5039338842975207, 'support': 123.0}, 'weighted avg': {'precision': 0.5171355764730354, 'recall': 0.5040650406504065, 'f1-score': 0.5049175569441645, 'support': 123.0}}","[[30 24]
 [37 32]]"
612,200,0.01,70,5,gbdt,0.7,0.4876694214876033,0.5,"{'0': {'precision': 0.43661971830985913, 'recall': 0.5740740740740741, 'f1-score': 0.496, 'support': 54.0}, '1': {'precision': 0.5576923076923077, 'recall': 0.42028985507246375, 'f1-score': 0.4793388429752066, 'support': 69.0}, 'accuracy': 0.4878048780487805, 'macro avg': {'precision': 0.4971560130010834, 'recall': 0.4971819645732689, 'f1-score': 0.4876694214876033, 'support': 123.0}, 'weighted avg': {'precision': 0.5045384879634278, 'recall': 0.4878048780487805, 'f1-score': 0.48665349727877444, 'support': 123.0}}","[[31 23]
 [40 29]]"
613,200,0.01,70,5,gbdt,0.7,0.45981178110840015,0.4,"{'0': {'precision': 0.3902439024390244, 'recall': 0.2962962962962963, 'f1-score': 0.3368421052631579, 'support': 54.0}, '1': {'precision': 0.5365853658536586, 'recall': 0.6376811594202898, 'f1-score': 0.5827814569536424, 'support': 69.0}, 'accuracy': 0.4878048780487805, 'macro avg': {'precision': 0.4634146341463415, 'recall': 0.46698872785829304, 'f1-score': 0.45981178110840015, 'support': 123.0}, 'weighted avg': {'precision': 0.4723378941106484, 'recall': 0.4878048780487804, 'f1-score': 0.4748080830407468, 'support': 123.0}}","[[16 38]
 [25 44]]"
614,200,0.01,70,5,gbdt,0.7,0.4951006355932204,0.5,"{'0': {'precision': 0.44594594594594594, 'recall': 0.6111111111111112, 'f1-score': 0.515625, 'support': 54.0}, '1': {'precision': 0.5714285714285714, 'recall': 0.4057971014492754, 'f1-score': 0.4745762711864407, 'support': 69.0}, 'accuracy': 0.4959349593495935, 'macro avg': {'precision': 0.5086872586872586, 'recall': 0.5084541062801933, 'f1-score': 0.4951006355932204, 'support': 123.0}, 'weighted avg': {'precision': 0.5163386382898577, 'recall': 0.4959349593495935, 'f1-score': 0.4925976643241009, 'support': 123.0}}","[[33 21]
 [41 28]]"
615,200,0.01,70,5,gbdt,0.8,0.4876694214876033,0.5,"{'0': {'precision': 0.43661971830985913, 'recall': 0.5740740740740741, 'f1-score': 0.496, 'support': 54.0}, '1': {'precision': 0.5576923076923077, 'recall': 0.42028985507246375, 'f1-score': 0.4793388429752066, 'support': 69.0}, 'accuracy': 0.4878048780487805, 'macro avg': {'precision': 0.4971560130010834, 'recall': 0.4971819645732689, 'f1-score': 0.4876694214876033, 'support': 123.0}, 'weighted avg': {'precision': 0.5045384879634278, 'recall': 0.4878048780487805, 'f1-score': 0.48665349727877444, 'support': 123.0}}","[[31 23]
 [40 29]]"
616,200,0.01,70,5,gbdt,0.8,0.45981178110840015,0.4,"{'0': {'precision': 0.3902439024390244, 'recall': 0.2962962962962963, 'f1-score': 0.3368421052631579, 'support': 54.0}, '1': {'precision': 0.5365853658536586, 'recall': 0.6376811594202898, 'f1-score': 0.5827814569536424, 'support': 69.0}, 'accuracy': 0.4878048780487805, 'macro avg': {'precision': 0.4634146341463415, 'recall': 0.46698872785829304, 'f1-score': 0.45981178110840015, 'support': 123.0}, 'weighted avg': {'precision': 0.4723378941106484, 'recall': 0.4878048780487804, 'f1-score': 0.4748080830407468, 'support': 123.0}}","[[16 38]
 [25 44]]"
617,200,0.01,70,5,gbdt,0.8,0.4951006355932204,0.5,"{'0': {'precision': 0.44594594594594594, 'recall': 0.6111111111111112, 'f1-score': 0.515625, 'support': 54.0}, '1': {'precision': 0.5714285714285714, 'recall': 0.4057971014492754, 'f1-score': 0.4745762711864407, 'support': 69.0}, 'accuracy': 0.4959349593495935, 'macro avg': {'precision': 0.5086872586872586, 'recall': 0.5084541062801933, 'f1-score': 0.4951006355932204, 'support': 123.0}, 'weighted avg': {'precision': 0.5163386382898577, 'recall': 0.4959349593495935, 'f1-score': 0.4925976643241009, 'support': 123.0}}","[[33 21]
 [41 28]]"
618,200,0.01,70,5,gbdt,1.0,0.4876694214876033,0.5,"{'0': {'precision': 0.43661971830985913, 'recall': 0.5740740740740741, 'f1-score': 0.496, 'support': 54.0}, '1': {'precision': 0.5576923076923077, 'recall': 0.42028985507246375, 'f1-score': 0.4793388429752066, 'support': 69.0}, 'accuracy': 0.4878048780487805, 'macro avg': {'precision': 0.4971560130010834, 'recall': 0.4971819645732689, 'f1-score': 0.4876694214876033, 'support': 123.0}, 'weighted avg': {'precision': 0.5045384879634278, 'recall': 0.4878048780487805, 'f1-score': 0.48665349727877444, 'support': 123.0}}","[[31 23]
 [40 29]]"
619,200,0.01,70,5,gbdt,1.0,0.45981178110840015,0.4,"{'0': {'precision': 0.3902439024390244, 'recall': 0.2962962962962963, 'f1-score': 0.3368421052631579, 'support': 54.0}, '1': {'precision': 0.5365853658536586, 'recall': 0.6376811594202898, 'f1-score': 0.5827814569536424, 'support': 69.0}, 'accuracy': 0.4878048780487805, 'macro avg': {'precision': 0.4634146341463415, 'recall': 0.46698872785829304, 'f1-score': 0.45981178110840015, 'support': 123.0}, 'weighted avg': {'precision': 0.4723378941106484, 'recall': 0.4878048780487804, 'f1-score': 0.4748080830407468, 'support': 123.0}}","[[16 38]
 [25 44]]"
620,200,0.01,70,5,gbdt,1.0,0.4951006355932204,0.5,"{'0': {'precision': 0.44594594594594594, 'recall': 0.6111111111111112, 'f1-score': 0.515625, 'support': 54.0}, '1': {'precision': 0.5714285714285714, 'recall': 0.4057971014492754, 'f1-score': 0.4745762711864407, 'support': 69.0}, 'accuracy': 0.4959349593495935, 'macro avg': {'precision': 0.5086872586872586, 'recall': 0.5084541062801933, 'f1-score': 0.4951006355932204, 'support': 123.0}, 'weighted avg': {'precision': 0.5163386382898577, 'recall': 0.4959349593495935, 'f1-score': 0.4925976643241009, 'support': 123.0}}","[[33 21]
 [41 28]]"
621,200,0.01,70,5,dart,0.7,0.49563492063492065,0.5,"{'0': {'precision': 0.4393939393939394, 'recall': 0.5370370370370371, 'f1-score': 0.48333333333333334, 'support': 54.0}, '1': {'precision': 0.5614035087719298, 'recall': 0.463768115942029, 'f1-score': 0.5079365079365079, 'support': 69.0}, 'accuracy': 0.4959349593495935, 'macro avg': {'precision': 0.5003987240829346, 'recall': 0.500402576489533, 'f1-score': 0.49563492063492065, 'support': 123.0}, 'weighted avg': {'precision': 0.5078383319718365, 'recall': 0.4959349593495935, 'f1-score': 0.49713511420828493, 'support': 123.0}}","[[29 25]
 [37 32]]"
622,200,0.01,70,5,dart,0.7,0.5201983471074381,0.5,"{'0': {'precision': 0.4626865671641791, 'recall': 0.5740740740740741, 'f1-score': 0.512396694214876, 'support': 54.0}, '1': {'precision': 0.5892857142857143, 'recall': 0.4782608695652174, 'f1-score': 0.528, 'support': 69.0}, 'accuracy': 0.5203252032520326, 'macro avg': {'precision': 0.5259861407249466, 'recall': 0.5261674718196457, 'f1-score': 0.5201983471074381, 'support': 123.0}, 'weighted avg': {'precision': 0.5337056009152842, 'recall': 0.5203252032520326, 'f1-score': 0.5211497681918967, 'support': 123.0}}","[[31 23]
 [36 33]]"
623,200,0.01,70,5,dart,0.7,0.5121628767847699,0.5,"{'0': {'precision': 0.45714285714285713, 'recall': 0.5925925925925926, 'f1-score': 0.5161290322580645, 'support': 54.0}, '1': {'precision': 0.5849056603773585, 'recall': 0.4492753623188406, 'f1-score': 0.5081967213114754, 'support': 69.0}, 'accuracy': 0.5121951219512195, 'macro avg': {'precision': 0.5210242587601078, 'recall': 0.5209339774557166, 'f1-score': 0.5121628767847699, 'support': 123.0}, 'weighted avg': {'precision': 0.5288146735914799, 'recall': 0.5121951219512195, 'f1-score': 0.5116791992880267, 'support': 123.0}}","[[32 22]
 [38 31]]"
624,200,0.01,70,5,dart,0.8,0.49563492063492065,0.5,"{'0': {'precision': 0.4393939393939394, 'recall': 0.5370370370370371, 'f1-score': 0.48333333333333334, 'support': 54.0}, '1': {'precision': 0.5614035087719298, 'recall': 0.463768115942029, 'f1-score': 0.5079365079365079, 'support': 69.0}, 'accuracy': 0.4959349593495935, 'macro avg': {'precision': 0.5003987240829346, 'recall': 0.500402576489533, 'f1-score': 0.49563492063492065, 'support': 123.0}, 'weighted avg': {'precision': 0.5078383319718365, 'recall': 0.4959349593495935, 'f1-score': 0.49713511420828493, 'support': 123.0}}","[[29 25]
 [37 32]]"
625,200,0.01,70,5,dart,0.8,0.5201983471074381,0.5,"{'0': {'precision': 0.4626865671641791, 'recall': 0.5740740740740741, 'f1-score': 0.512396694214876, 'support': 54.0}, '1': {'precision': 0.5892857142857143, 'recall': 0.4782608695652174, 'f1-score': 0.528, 'support': 69.0}, 'accuracy': 0.5203252032520326, 'macro avg': {'precision': 0.5259861407249466, 'recall': 0.5261674718196457, 'f1-score': 0.5201983471074381, 'support': 123.0}, 'weighted avg': {'precision': 0.5337056009152842, 'recall': 0.5203252032520326, 'f1-score': 0.5211497681918967, 'support': 123.0}}","[[31 23]
 [36 33]]"
626,200,0.01,70,5,dart,0.8,0.5121628767847699,0.5,"{'0': {'precision': 0.45714285714285713, 'recall': 0.5925925925925926, 'f1-score': 0.5161290322580645, 'support': 54.0}, '1': {'precision': 0.5849056603773585, 'recall': 0.4492753623188406, 'f1-score': 0.5081967213114754, 'support': 69.0}, 'accuracy': 0.5121951219512195, 'macro avg': {'precision': 0.5210242587601078, 'recall': 0.5209339774557166, 'f1-score': 0.5121628767847699, 'support': 123.0}, 'weighted avg': {'precision': 0.5288146735914799, 'recall': 0.5121951219512195, 'f1-score': 0.5116791992880267, 'support': 123.0}}","[[32 22]
 [38 31]]"
627,200,0.01,70,5,dart,1.0,0.49563492063492065,0.5,"{'0': {'precision': 0.4393939393939394, 'recall': 0.5370370370370371, 'f1-score': 0.48333333333333334, 'support': 54.0}, '1': {'precision': 0.5614035087719298, 'recall': 0.463768115942029, 'f1-score': 0.5079365079365079, 'support': 69.0}, 'accuracy': 0.4959349593495935, 'macro avg': {'precision': 0.5003987240829346, 'recall': 0.500402576489533, 'f1-score': 0.49563492063492065, 'support': 123.0}, 'weighted avg': {'precision': 0.5078383319718365, 'recall': 0.4959349593495935, 'f1-score': 0.49713511420828493, 'support': 123.0}}","[[29 25]
 [37 32]]"
628,200,0.01,70,5,dart,1.0,0.5201983471074381,0.5,"{'0': {'precision': 0.4626865671641791, 'recall': 0.5740740740740741, 'f1-score': 0.512396694214876, 'support': 54.0}, '1': {'precision': 0.5892857142857143, 'recall': 0.4782608695652174, 'f1-score': 0.528, 'support': 69.0}, 'accuracy': 0.5203252032520326, 'macro avg': {'precision': 0.5259861407249466, 'recall': 0.5261674718196457, 'f1-score': 0.5201983471074381, 'support': 123.0}, 'weighted avg': {'precision': 0.5337056009152842, 'recall': 0.5203252032520326, 'f1-score': 0.5211497681918967, 'support': 123.0}}","[[31 23]
 [36 33]]"
629,200,0.01,70,5,dart,1.0,0.5121628767847699,0.5,"{'0': {'precision': 0.45714285714285713, 'recall': 0.5925925925925926, 'f1-score': 0.5161290322580645, 'support': 54.0}, '1': {'precision': 0.5849056603773585, 'recall': 0.4492753623188406, 'f1-score': 0.5081967213114754, 'support': 69.0}, 'accuracy': 0.5121951219512195, 'macro avg': {'precision': 0.5210242587601078, 'recall': 0.5209339774557166, 'f1-score': 0.5121628767847699, 'support': 123.0}, 'weighted avg': {'precision': 0.5288146735914799, 'recall': 0.5121951219512195, 'f1-score': 0.5116791992880267, 'support': 123.0}}","[[32 22]
 [38 31]]"
630,200,0.01,70,10,gbdt,0.7,0.48998524140839134,0.4,"{'0': {'precision': 0.4358974358974359, 'recall': 0.3148148148148148, 'f1-score': 0.3655913978494624, 'support': 54.0}, '1': {'precision': 0.5595238095238095, 'recall': 0.6811594202898551, 'f1-score': 0.6143790849673203, 'support': 69.0}, 'accuracy': 0.5203252032520326, 'macro avg': {'precision': 0.4977106227106227, 'recall': 0.49798711755233493, 'f1-score': 0.48998524140839134, 'support': 123.0}, 'weighted avg': {'precision': 0.5052488162244261, 'recall': 0.5203252032520326, 'f1-score': 0.5051552223302119, 'support': 123.0}}","[[17 37]
 [22 47]]"
631,200,0.01,70,10,gbdt,0.7,0.46174477696216826,0.4,"{'0': {'precision': 0.39473684210526316, 'recall': 0.2777777777777778, 'f1-score': 0.32608695652173914, 'support': 54.0}, '1': {'precision': 0.5411764705882353, 'recall': 0.6666666666666666, 'f1-score': 0.5974025974025974, 'support': 69.0}, 'accuracy': 0.4959349593495935, 'macro avg': {'precision': 0.4679566563467492, 'recall': 0.4722222222222222, 'f1-score': 0.46174477696216826, 'support': 123.0}, 'weighted avg': {'precision': 0.4768859019859548, 'recall': 0.4959349593495935, 'f1-score': 0.478288413601245, 'support': 123.0}}","[[15 39]
 [23 46]]"
632,200,0.01,70,10,gbdt,0.7,0.37492941840767924,0.6000000000000001,"{'0': {'precision': 0.41, 'recall': 0.7592592592592593, 'f1-score': 0.5324675324675324, 'support': 54.0}, '1': {'precision': 0.43478260869565216, 'recall': 0.14492753623188406, 'f1-score': 0.21739130434782608, 'support': 69.0}, 'accuracy': 0.4146341463414634, 'macro avg': {'precision': 0.42239130434782607, 'recall': 0.45209339774557167, 'f1-score': 0.37492941840767924, 'support': 123.0}, 'weighted avg': {'precision': 0.42390243902439023, 'recall': 0.4146341463414634, 'f1-score': 0.35571745327842885, 'support': 123.0}}","[[41 13]
 [59 10]]"
633,200,0.01,70,10,gbdt,0.8,0.48998524140839134,0.4,"{'0': {'precision': 0.4358974358974359, 'recall': 0.3148148148148148, 'f1-score': 0.3655913978494624, 'support': 54.0}, '1': {'precision': 0.5595238095238095, 'recall': 0.6811594202898551, 'f1-score': 0.6143790849673203, 'support': 69.0}, 'accuracy': 0.5203252032520326, 'macro avg': {'precision': 0.4977106227106227, 'recall': 0.49798711755233493, 'f1-score': 0.48998524140839134, 'support': 123.0}, 'weighted avg': {'precision': 0.5052488162244261, 'recall': 0.5203252032520326, 'f1-score': 0.5051552223302119, 'support': 123.0}}","[[17 37]
 [22 47]]"
634,200,0.01,70,10,gbdt,0.8,0.46174477696216826,0.4,"{'0': {'precision': 0.39473684210526316, 'recall': 0.2777777777777778, 'f1-score': 0.32608695652173914, 'support': 54.0}, '1': {'precision': 0.5411764705882353, 'recall': 0.6666666666666666, 'f1-score': 0.5974025974025974, 'support': 69.0}, 'accuracy': 0.4959349593495935, 'macro avg': {'precision': 0.4679566563467492, 'recall': 0.4722222222222222, 'f1-score': 0.46174477696216826, 'support': 123.0}, 'weighted avg': {'precision': 0.4768859019859548, 'recall': 0.4959349593495935, 'f1-score': 0.478288413601245, 'support': 123.0}}","[[15 39]
 [23 46]]"
635,200,0.01,70,10,gbdt,0.8,0.37492941840767924,0.6000000000000001,"{'0': {'precision': 0.41, 'recall': 0.7592592592592593, 'f1-score': 0.5324675324675324, 'support': 54.0}, '1': {'precision': 0.43478260869565216, 'recall': 0.14492753623188406, 'f1-score': 0.21739130434782608, 'support': 69.0}, 'accuracy': 0.4146341463414634, 'macro avg': {'precision': 0.42239130434782607, 'recall': 0.45209339774557167, 'f1-score': 0.37492941840767924, 'support': 123.0}, 'weighted avg': {'precision': 0.42390243902439023, 'recall': 0.4146341463414634, 'f1-score': 0.35571745327842885, 'support': 123.0}}","[[41 13]
 [59 10]]"
636,200,0.01,70,10,gbdt,1.0,0.48998524140839134,0.4,"{'0': {'precision': 0.4358974358974359, 'recall': 0.3148148148148148, 'f1-score': 0.3655913978494624, 'support': 54.0}, '1': {'precision': 0.5595238095238095, 'recall': 0.6811594202898551, 'f1-score': 0.6143790849673203, 'support': 69.0}, 'accuracy': 0.5203252032520326, 'macro avg': {'precision': 0.4977106227106227, 'recall': 0.49798711755233493, 'f1-score': 0.48998524140839134, 'support': 123.0}, 'weighted avg': {'precision': 0.5052488162244261, 'recall': 0.5203252032520326, 'f1-score': 0.5051552223302119, 'support': 123.0}}","[[17 37]
 [22 47]]"
637,200,0.01,70,10,gbdt,1.0,0.46174477696216826,0.4,"{'0': {'precision': 0.39473684210526316, 'recall': 0.2777777777777778, 'f1-score': 0.32608695652173914, 'support': 54.0}, '1': {'precision': 0.5411764705882353, 'recall': 0.6666666666666666, 'f1-score': 0.5974025974025974, 'support': 69.0}, 'accuracy': 0.4959349593495935, 'macro avg': {'precision': 0.4679566563467492, 'recall': 0.4722222222222222, 'f1-score': 0.46174477696216826, 'support': 123.0}, 'weighted avg': {'precision': 0.4768859019859548, 'recall': 0.4959349593495935, 'f1-score': 0.478288413601245, 'support': 123.0}}","[[15 39]
 [23 46]]"
638,200,0.01,70,10,gbdt,1.0,0.37492941840767924,0.6000000000000001,"{'0': {'precision': 0.41, 'recall': 0.7592592592592593, 'f1-score': 0.5324675324675324, 'support': 54.0}, '1': {'precision': 0.43478260869565216, 'recall': 0.14492753623188406, 'f1-score': 0.21739130434782608, 'support': 69.0}, 'accuracy': 0.4146341463414634, 'macro avg': {'precision': 0.42239130434782607, 'recall': 0.45209339774557167, 'f1-score': 0.37492941840767924, 'support': 123.0}, 'weighted avg': {'precision': 0.42390243902439023, 'recall': 0.4146341463414634, 'f1-score': 0.35571745327842885, 'support': 123.0}}","[[41 13]
 [59 10]]"
639,200,0.01,70,10,dart,0.7,0.4796404019037546,0.5,"{'0': {'precision': 0.4264705882352941, 'recall': 0.5370370370370371, 'f1-score': 0.47540983606557374, 'support': 54.0}, '1': {'precision': 0.5454545454545454, 'recall': 0.43478260869565216, 'f1-score': 0.4838709677419355, 'support': 69.0}, 'accuracy': 0.4796747967479675, 'macro avg': {'precision': 0.4859625668449198, 'recall': 0.48590982286634465, 'f1-score': 0.4796404019037546, 'support': 123.0}, 'weighted avg': {'precision': 0.493217686187557, 'recall': 0.4796747967479675, 'f1-score': 0.4801563245669474, 'support': 123.0}}","[[29 25]
 [39 30]]"
640,200,0.01,70,10,dart,0.7,0.4959016393442623,0.5,"{'0': {'precision': 0.4411764705882353, 'recall': 0.5555555555555556, 'f1-score': 0.4918032786885246, 'support': 54.0}, '1': {'precision': 0.5636363636363636, 'recall': 0.4492753623188406, 'f1-score': 0.5, 'support': 69.0}, 'accuracy': 0.4959349593495935, 'macro avg': {'precision': 0.5024064171122995, 'recall': 0.5024154589371981, 'f1-score': 0.4959016393442623, 'support': 123.0}, 'weighted avg': {'precision': 0.5098734837615756, 'recall': 0.4959349593495935, 'f1-score': 0.4964014394242303, 'support': 123.0}}","[[30 24]
 [38 31]]"
641,200,0.01,70,10,dart,0.7,0.5039338842975207,0.5,"{'0': {'precision': 0.44776119402985076, 'recall': 0.5555555555555556, 'f1-score': 0.49586776859504134, 'support': 54.0}, '1': {'precision': 0.5714285714285714, 'recall': 0.463768115942029, 'f1-score': 0.512, 'support': 69.0}, 'accuracy': 0.5040650406504065, 'macro avg': {'precision': 0.509594882729211, 'recall': 0.5096618357487923, 'f1-score': 0.5039338842975207, 'support': 123.0}, 'weighted avg': {'precision': 0.5171355764730354, 'recall': 0.5040650406504065, 'f1-score': 0.5049175569441645, 'support': 123.0}}","[[30 24]
 [37 32]]"
642,200,0.01,70,10,dart,0.8,0.4796404019037546,0.5,"{'0': {'precision': 0.4264705882352941, 'recall': 0.5370370370370371, 'f1-score': 0.47540983606557374, 'support': 54.0}, '1': {'precision': 0.5454545454545454, 'recall': 0.43478260869565216, 'f1-score': 0.4838709677419355, 'support': 69.0}, 'accuracy': 0.4796747967479675, 'macro avg': {'precision': 0.4859625668449198, 'recall': 0.48590982286634465, 'f1-score': 0.4796404019037546, 'support': 123.0}, 'weighted avg': {'precision': 0.493217686187557, 'recall': 0.4796747967479675, 'f1-score': 0.4801563245669474, 'support': 123.0}}","[[29 25]
 [39 30]]"
643,200,0.01,70,10,dart,0.8,0.4959016393442623,0.5,"{'0': {'precision': 0.4411764705882353, 'recall': 0.5555555555555556, 'f1-score': 0.4918032786885246, 'support': 54.0}, '1': {'precision': 0.5636363636363636, 'recall': 0.4492753623188406, 'f1-score': 0.5, 'support': 69.0}, 'accuracy': 0.4959349593495935, 'macro avg': {'precision': 0.5024064171122995, 'recall': 0.5024154589371981, 'f1-score': 0.4959016393442623, 'support': 123.0}, 'weighted avg': {'precision': 0.5098734837615756, 'recall': 0.4959349593495935, 'f1-score': 0.4964014394242303, 'support': 123.0}}","[[30 24]
 [38 31]]"
644,200,0.01,70,10,dart,0.8,0.5039338842975207,0.5,"{'0': {'precision': 0.44776119402985076, 'recall': 0.5555555555555556, 'f1-score': 0.49586776859504134, 'support': 54.0}, '1': {'precision': 0.5714285714285714, 'recall': 0.463768115942029, 'f1-score': 0.512, 'support': 69.0}, 'accuracy': 0.5040650406504065, 'macro avg': {'precision': 0.509594882729211, 'recall': 0.5096618357487923, 'f1-score': 0.5039338842975207, 'support': 123.0}, 'weighted avg': {'precision': 0.5171355764730354, 'recall': 0.5040650406504065, 'f1-score': 0.5049175569441645, 'support': 123.0}}","[[30 24]
 [37 32]]"
645,200,0.01,70,10,dart,1.0,0.4796404019037546,0.5,"{'0': {'precision': 0.4264705882352941, 'recall': 0.5370370370370371, 'f1-score': 0.47540983606557374, 'support': 54.0}, '1': {'precision': 0.5454545454545454, 'recall': 0.43478260869565216, 'f1-score': 0.4838709677419355, 'support': 69.0}, 'accuracy': 0.4796747967479675, 'macro avg': {'precision': 0.4859625668449198, 'recall': 0.48590982286634465, 'f1-score': 0.4796404019037546, 'support': 123.0}, 'weighted avg': {'precision': 0.493217686187557, 'recall': 0.4796747967479675, 'f1-score': 0.4801563245669474, 'support': 123.0}}","[[29 25]
 [39 30]]"
646,200,0.01,70,10,dart,1.0,0.4959016393442623,0.5,"{'0': {'precision': 0.4411764705882353, 'recall': 0.5555555555555556, 'f1-score': 0.4918032786885246, 'support': 54.0}, '1': {'precision': 0.5636363636363636, 'recall': 0.4492753623188406, 'f1-score': 0.5, 'support': 69.0}, 'accuracy': 0.4959349593495935, 'macro avg': {'precision': 0.5024064171122995, 'recall': 0.5024154589371981, 'f1-score': 0.4959016393442623, 'support': 123.0}, 'weighted avg': {'precision': 0.5098734837615756, 'recall': 0.4959349593495935, 'f1-score': 0.4964014394242303, 'support': 123.0}}","[[30 24]
 [38 31]]"
647,200,0.01,70,10,dart,1.0,0.5039338842975207,0.5,"{'0': {'precision': 0.44776119402985076, 'recall': 0.5555555555555556, 'f1-score': 0.49586776859504134, 'support': 54.0}, '1': {'precision': 0.5714285714285714, 'recall': 0.463768115942029, 'f1-score': 0.512, 'support': 69.0}, 'accuracy': 0.5040650406504065, 'macro avg': {'precision': 0.509594882729211, 'recall': 0.5096618357487923, 'f1-score': 0.5039338842975207, 'support': 123.0}, 'weighted avg': {'precision': 0.5171355764730354, 'recall': 0.5040650406504065, 'f1-score': 0.5049175569441645, 'support': 123.0}}","[[30 24]
 [37 32]]"
648,200,0.05,31,-1,gbdt,0.7,0.4796404019037546,0.5,"{'0': {'precision': 0.42857142857142855, 'recall': 0.5555555555555556, 'f1-score': 0.4838709677419355, 'support': 54.0}, '1': {'precision': 0.5471698113207547, 'recall': 0.42028985507246375, 'f1-score': 0.47540983606557374, 'support': 69.0}, 'accuracy': 0.4796747967479675, 'macro avg': {'precision': 0.4878706199460916, 'recall': 0.48792270531400966, 'f1-score': 0.4796404019037546, 'support': 123.0}, 'weighted avg': {'precision': 0.49510222865031883, 'recall': 0.4796747967479675, 'f1-score': 0.4791244792405618, 'support': 123.0}}","[[30 24]
 [40 29]]"
649,200,0.05,31,-1,gbdt,0.7,0.5231283422459893,0.4,"{'0': {'precision': 0.4642857142857143, 'recall': 0.48148148148148145, 'f1-score': 0.4727272727272727, 'support': 54.0}, '1': {'precision': 0.582089552238806, 'recall': 0.5652173913043478, 'f1-score': 0.5735294117647058, 'support': 69.0}, 'accuracy': 0.5284552845528455, 'macro avg': {'precision': 0.5231876332622601, 'recall': 0.5233494363929146, 'f1-score': 0.5231283422459893, 'support': 123.0}, 'weighted avg': {'precision': 0.5303707941130584, 'recall': 0.5284552845528455, 'f1-score': 0.5292748141385156, 'support': 123.0}}","[[26 28]
 [30 39]]"
650,200,0.05,31,-1,gbdt,0.7,0.4708774325708433,0.7000000000000001,"{'0': {'precision': 0.45054945054945056, 'recall': 0.7592592592592593, 'f1-score': 0.5655172413793104, 'support': 54.0}, '1': {'precision': 0.59375, 'recall': 0.2753623188405797, 'f1-score': 0.37623762376237624, 'support': 69.0}, 'accuracy': 0.4878048780487805, 'macro avg': {'precision': 0.5221497252747253, 'recall': 0.5173107890499196, 'f1-score': 0.4708774325708433, 'support': 123.0}, 'weighted avg': {'precision': 0.5308814660948807, 'recall': 0.4878048780487805, 'f1-score': 0.4593359924722497, 'support': 123.0}}","[[41 13]
 [50 19]]"
651,200,0.05,31,-1,gbdt,0.8,0.4796404019037546,0.5,"{'0': {'precision': 0.42857142857142855, 'recall': 0.5555555555555556, 'f1-score': 0.4838709677419355, 'support': 54.0}, '1': {'precision': 0.5471698113207547, 'recall': 0.42028985507246375, 'f1-score': 0.47540983606557374, 'support': 69.0}, 'accuracy': 0.4796747967479675, 'macro avg': {'precision': 0.4878706199460916, 'recall': 0.48792270531400966, 'f1-score': 0.4796404019037546, 'support': 123.0}, 'weighted avg': {'precision': 0.49510222865031883, 'recall': 0.4796747967479675, 'f1-score': 0.4791244792405618, 'support': 123.0}}","[[30 24]
 [40 29]]"
652,200,0.05,31,-1,gbdt,0.8,0.5231283422459893,0.4,"{'0': {'precision': 0.4642857142857143, 'recall': 0.48148148148148145, 'f1-score': 0.4727272727272727, 'support': 54.0}, '1': {'precision': 0.582089552238806, 'recall': 0.5652173913043478, 'f1-score': 0.5735294117647058, 'support': 69.0}, 'accuracy': 0.5284552845528455, 'macro avg': {'precision': 0.5231876332622601, 'recall': 0.5233494363929146, 'f1-score': 0.5231283422459893, 'support': 123.0}, 'weighted avg': {'precision': 0.5303707941130584, 'recall': 0.5284552845528455, 'f1-score': 0.5292748141385156, 'support': 123.0}}","[[26 28]
 [30 39]]"
653,200,0.05,31,-1,gbdt,0.8,0.4708774325708433,0.7000000000000001,"{'0': {'precision': 0.45054945054945056, 'recall': 0.7592592592592593, 'f1-score': 0.5655172413793104, 'support': 54.0}, '1': {'precision': 0.59375, 'recall': 0.2753623188405797, 'f1-score': 0.37623762376237624, 'support': 69.0}, 'accuracy': 0.4878048780487805, 'macro avg': {'precision': 0.5221497252747253, 'recall': 0.5173107890499196, 'f1-score': 0.4708774325708433, 'support': 123.0}, 'weighted avg': {'precision': 0.5308814660948807, 'recall': 0.4878048780487805, 'f1-score': 0.4593359924722497, 'support': 123.0}}","[[41 13]
 [50 19]]"
654,200,0.05,31,-1,gbdt,1.0,0.4796404019037546,0.5,"{'0': {'precision': 0.42857142857142855, 'recall': 0.5555555555555556, 'f1-score': 0.4838709677419355, 'support': 54.0}, '1': {'precision': 0.5471698113207547, 'recall': 0.42028985507246375, 'f1-score': 0.47540983606557374, 'support': 69.0}, 'accuracy': 0.4796747967479675, 'macro avg': {'precision': 0.4878706199460916, 'recall': 0.48792270531400966, 'f1-score': 0.4796404019037546, 'support': 123.0}, 'weighted avg': {'precision': 0.49510222865031883, 'recall': 0.4796747967479675, 'f1-score': 0.4791244792405618, 'support': 123.0}}","[[30 24]
 [40 29]]"
655,200,0.05,31,-1,gbdt,1.0,0.5231283422459893,0.4,"{'0': {'precision': 0.4642857142857143, 'recall': 0.48148148148148145, 'f1-score': 0.4727272727272727, 'support': 54.0}, '1': {'precision': 0.582089552238806, 'recall': 0.5652173913043478, 'f1-score': 0.5735294117647058, 'support': 69.0}, 'accuracy': 0.5284552845528455, 'macro avg': {'precision': 0.5231876332622601, 'recall': 0.5233494363929146, 'f1-score': 0.5231283422459893, 'support': 123.0}, 'weighted avg': {'precision': 0.5303707941130584, 'recall': 0.5284552845528455, 'f1-score': 0.5292748141385156, 'support': 123.0}}","[[26 28]
 [30 39]]"
656,200,0.05,31,-1,gbdt,1.0,0.4708774325708433,0.7000000000000001,"{'0': {'precision': 0.45054945054945056, 'recall': 0.7592592592592593, 'f1-score': 0.5655172413793104, 'support': 54.0}, '1': {'precision': 0.59375, 'recall': 0.2753623188405797, 'f1-score': 0.37623762376237624, 'support': 69.0}, 'accuracy': 0.4878048780487805, 'macro avg': {'precision': 0.5221497252747253, 'recall': 0.5173107890499196, 'f1-score': 0.4708774325708433, 'support': 123.0}, 'weighted avg': {'precision': 0.5308814660948807, 'recall': 0.4878048780487805, 'f1-score': 0.4593359924722497, 'support': 123.0}}","[[41 13]
 [50 19]]"
657,200,0.05,31,-1,dart,0.7,0.4878048780487805,0.5,"{'0': {'precision': 0.43478260869565216, 'recall': 0.5555555555555556, 'f1-score': 0.4878048780487805, 'support': 54.0}, '1': {'precision': 0.5555555555555556, 'recall': 0.43478260869565216, 'f1-score': 0.4878048780487805, 'support': 69.0}, 'accuracy': 0.4878048780487805, 'macro avg': {'precision': 0.49516908212560384, 'recall': 0.49516908212560384, 'f1-score': 0.4878048780487805, 'support': 123.0}, 'weighted avg': {'precision': 0.5025332862024272, 'recall': 0.4878048780487805, 'f1-score': 0.4878048780487805, 'support': 123.0}}","[[30 24]
 [39 30]]"
658,200,0.05,31,-1,dart,0.7,0.4662653975363942,0.4,"{'0': {'precision': 0.4, 'recall': 0.2962962962962963, 'f1-score': 0.3404255319148936, 'support': 54.0}, '1': {'precision': 0.5421686746987951, 'recall': 0.6521739130434783, 'f1-score': 0.5921052631578947, 'support': 69.0}, 'accuracy': 0.4959349593495935, 'macro avg': {'precision': 0.4710843373493976, 'recall': 0.4742351046698873, 'f1-score': 0.4662653975363942, 'support': 123.0}, 'weighted avg': {'precision': 0.47975315897737286, 'recall': 0.4959349593495935, 'f1-score': 0.48161172261218693, 'support': 123.0}}","[[16 38]
 [24 45]]"
659,200,0.05,31,-1,dart,0.7,0.5013399299113585,0.4,"{'0': {'precision': 0.4444444444444444, 'recall': 0.37037037037037035, 'f1-score': 0.40404040404040403, 'support': 54.0}, '1': {'precision': 0.5641025641025641, 'recall': 0.6376811594202898, 'f1-score': 0.5986394557823129, 'support': 69.0}, 'accuracy': 0.5203252032520326, 'macro avg': {'precision': 0.5042735042735043, 'recall': 0.5040257648953301, 'f1-score': 0.5013399299113585, 'support': 123.0}, 'weighted avg': {'precision': 0.5115697310819262, 'recall': 0.5203252032520325, 'f1-score': 0.5132057257492797, 'support': 123.0}}","[[20 34]
 [25 44]]"
660,200,0.05,31,-1,dart,0.8,0.4878048780487805,0.5,"{'0': {'precision': 0.43478260869565216, 'recall': 0.5555555555555556, 'f1-score': 0.4878048780487805, 'support': 54.0}, '1': {'precision': 0.5555555555555556, 'recall': 0.43478260869565216, 'f1-score': 0.4878048780487805, 'support': 69.0}, 'accuracy': 0.4878048780487805, 'macro avg': {'precision': 0.49516908212560384, 'recall': 0.49516908212560384, 'f1-score': 0.4878048780487805, 'support': 123.0}, 'weighted avg': {'precision': 0.5025332862024272, 'recall': 0.4878048780487805, 'f1-score': 0.4878048780487805, 'support': 123.0}}","[[30 24]
 [39 30]]"
661,200,0.05,31,-1,dart,0.8,0.4662653975363942,0.4,"{'0': {'precision': 0.4, 'recall': 0.2962962962962963, 'f1-score': 0.3404255319148936, 'support': 54.0}, '1': {'precision': 0.5421686746987951, 'recall': 0.6521739130434783, 'f1-score': 0.5921052631578947, 'support': 69.0}, 'accuracy': 0.4959349593495935, 'macro avg': {'precision': 0.4710843373493976, 'recall': 0.4742351046698873, 'f1-score': 0.4662653975363942, 'support': 123.0}, 'weighted avg': {'precision': 0.47975315897737286, 'recall': 0.4959349593495935, 'f1-score': 0.48161172261218693, 'support': 123.0}}","[[16 38]
 [24 45]]"
662,200,0.05,31,-1,dart,0.8,0.5013399299113585,0.4,"{'0': {'precision': 0.4444444444444444, 'recall': 0.37037037037037035, 'f1-score': 0.40404040404040403, 'support': 54.0}, '1': {'precision': 0.5641025641025641, 'recall': 0.6376811594202898, 'f1-score': 0.5986394557823129, 'support': 69.0}, 'accuracy': 0.5203252032520326, 'macro avg': {'precision': 0.5042735042735043, 'recall': 0.5040257648953301, 'f1-score': 0.5013399299113585, 'support': 123.0}, 'weighted avg': {'precision': 0.5115697310819262, 'recall': 0.5203252032520325, 'f1-score': 0.5132057257492797, 'support': 123.0}}","[[20 34]
 [25 44]]"
663,200,0.05,31,-1,dart,1.0,0.4878048780487805,0.5,"{'0': {'precision': 0.43478260869565216, 'recall': 0.5555555555555556, 'f1-score': 0.4878048780487805, 'support': 54.0}, '1': {'precision': 0.5555555555555556, 'recall': 0.43478260869565216, 'f1-score': 0.4878048780487805, 'support': 69.0}, 'accuracy': 0.4878048780487805, 'macro avg': {'precision': 0.49516908212560384, 'recall': 0.49516908212560384, 'f1-score': 0.4878048780487805, 'support': 123.0}, 'weighted avg': {'precision': 0.5025332862024272, 'recall': 0.4878048780487805, 'f1-score': 0.4878048780487805, 'support': 123.0}}","[[30 24]
 [39 30]]"
664,200,0.05,31,-1,dart,1.0,0.4662653975363942,0.4,"{'0': {'precision': 0.4, 'recall': 0.2962962962962963, 'f1-score': 0.3404255319148936, 'support': 54.0}, '1': {'precision': 0.5421686746987951, 'recall': 0.6521739130434783, 'f1-score': 0.5921052631578947, 'support': 69.0}, 'accuracy': 0.4959349593495935, 'macro avg': {'precision': 0.4710843373493976, 'recall': 0.4742351046698873, 'f1-score': 0.4662653975363942, 'support': 123.0}, 'weighted avg': {'precision': 0.47975315897737286, 'recall': 0.4959349593495935, 'f1-score': 0.48161172261218693, 'support': 123.0}}","[[16 38]
 [24 45]]"
665,200,0.05,31,-1,dart,1.0,0.5013399299113585,0.4,"{'0': {'precision': 0.4444444444444444, 'recall': 0.37037037037037035, 'f1-score': 0.40404040404040403, 'support': 54.0}, '1': {'precision': 0.5641025641025641, 'recall': 0.6376811594202898, 'f1-score': 0.5986394557823129, 'support': 69.0}, 'accuracy': 0.5203252032520326, 'macro avg': {'precision': 0.5042735042735043, 'recall': 0.5040257648953301, 'f1-score': 0.5013399299113585, 'support': 123.0}, 'weighted avg': {'precision': 0.5115697310819262, 'recall': 0.5203252032520325, 'f1-score': 0.5132057257492797, 'support': 123.0}}","[[20 34]
 [25 44]]"
666,200,0.05,31,5,gbdt,0.7,0.5066844919786097,0.4,"{'0': {'precision': 0.44642857142857145, 'recall': 0.46296296296296297, 'f1-score': 0.45454545454545453, 'support': 54.0}, '1': {'precision': 0.5671641791044776, 'recall': 0.5507246376811594, 'f1-score': 0.5588235294117647, 'support': 69.0}, 'accuracy': 0.5121951219512195, 'macro avg': {'precision': 0.5067963752665245, 'recall': 0.5068438003220612, 'f1-score': 0.5066844919786097, 'support': 123.0}, 'weighted avg': {'precision': 0.5141583025638359, 'recall': 0.5121951219512195, 'f1-score': 0.5130429111777749, 'support': 123.0}}","[[25 29]
 [31 38]]"
667,200,0.05,31,5,gbdt,0.7,0.5019581812147361,0.4,"{'0': {'precision': 0.4426229508196721, 'recall': 0.5, 'f1-score': 0.46956521739130436, 'support': 54.0}, '1': {'precision': 0.5645161290322581, 'recall': 0.5072463768115942, 'f1-score': 0.5343511450381679, 'support': 69.0}, 'accuracy': 0.5040650406504065, 'macro avg': {'precision': 0.5035695399259651, 'recall': 0.5036231884057971, 'f1-score': 0.5019581812147361, 'support': 123.0}, 'weighted avg': {'precision': 0.5110020507925862, 'recall': 0.5040650406504065, 'f1-score': 0.5059085426566181, 'support': 123.0}}","[[27 27]
 [34 35]]"
668,200,0.05,31,5,gbdt,0.7,0.5157157157157157,0.4,"{'0': {'precision': 0.45614035087719296, 'recall': 0.48148148148148145, 'f1-score': 0.46846846846846846, 'support': 54.0}, '1': {'precision': 0.5757575757575758, 'recall': 0.5507246376811594, 'f1-score': 0.562962962962963, 'support': 69.0}, 'accuracy': 0.5203252032520326, 'macro avg': {'precision': 0.5159489633173844, 'recall': 0.5161030595813204, 'f1-score': 0.5157157157157157, 'support': 123.0}, 'weighted avg': {'precision': 0.523242696541798, 'recall': 0.5203252032520326, 'f1-score': 0.5214775751361118, 'support': 123.0}}","[[26 28]
 [31 38]]"
669,200,0.05,31,5,gbdt,0.8,0.5066844919786097,0.4,"{'0': {'precision': 0.44642857142857145, 'recall': 0.46296296296296297, 'f1-score': 0.45454545454545453, 'support': 54.0}, '1': {'precision': 0.5671641791044776, 'recall': 0.5507246376811594, 'f1-score': 0.5588235294117647, 'support': 69.0}, 'accuracy': 0.5121951219512195, 'macro avg': {'precision': 0.5067963752665245, 'recall': 0.5068438003220612, 'f1-score': 0.5066844919786097, 'support': 123.0}, 'weighted avg': {'precision': 0.5141583025638359, 'recall': 0.5121951219512195, 'f1-score': 0.5130429111777749, 'support': 123.0}}","[[25 29]
 [31 38]]"
670,200,0.05,31,5,gbdt,0.8,0.5019581812147361,0.4,"{'0': {'precision': 0.4426229508196721, 'recall': 0.5, 'f1-score': 0.46956521739130436, 'support': 54.0}, '1': {'precision': 0.5645161290322581, 'recall': 0.5072463768115942, 'f1-score': 0.5343511450381679, 'support': 69.0}, 'accuracy': 0.5040650406504065, 'macro avg': {'precision': 0.5035695399259651, 'recall': 0.5036231884057971, 'f1-score': 0.5019581812147361, 'support': 123.0}, 'weighted avg': {'precision': 0.5110020507925862, 'recall': 0.5040650406504065, 'f1-score': 0.5059085426566181, 'support': 123.0}}","[[27 27]
 [34 35]]"
671,200,0.05,31,5,gbdt,0.8,0.5157157157157157,0.4,"{'0': {'precision': 0.45614035087719296, 'recall': 0.48148148148148145, 'f1-score': 0.46846846846846846, 'support': 54.0}, '1': {'precision': 0.5757575757575758, 'recall': 0.5507246376811594, 'f1-score': 0.562962962962963, 'support': 69.0}, 'accuracy': 0.5203252032520326, 'macro avg': {'precision': 0.5159489633173844, 'recall': 0.5161030595813204, 'f1-score': 0.5157157157157157, 'support': 123.0}, 'weighted avg': {'precision': 0.523242696541798, 'recall': 0.5203252032520326, 'f1-score': 0.5214775751361118, 'support': 123.0}}","[[26 28]
 [31 38]]"
672,200,0.05,31,5,gbdt,1.0,0.5066844919786097,0.4,"{'0': {'precision': 0.44642857142857145, 'recall': 0.46296296296296297, 'f1-score': 0.45454545454545453, 'support': 54.0}, '1': {'precision': 0.5671641791044776, 'recall': 0.5507246376811594, 'f1-score': 0.5588235294117647, 'support': 69.0}, 'accuracy': 0.5121951219512195, 'macro avg': {'precision': 0.5067963752665245, 'recall': 0.5068438003220612, 'f1-score': 0.5066844919786097, 'support': 123.0}, 'weighted avg': {'precision': 0.5141583025638359, 'recall': 0.5121951219512195, 'f1-score': 0.5130429111777749, 'support': 123.0}}","[[25 29]
 [31 38]]"
673,200,0.05,31,5,gbdt,1.0,0.5019581812147361,0.4,"{'0': {'precision': 0.4426229508196721, 'recall': 0.5, 'f1-score': 0.46956521739130436, 'support': 54.0}, '1': {'precision': 0.5645161290322581, 'recall': 0.5072463768115942, 'f1-score': 0.5343511450381679, 'support': 69.0}, 'accuracy': 0.5040650406504065, 'macro avg': {'precision': 0.5035695399259651, 'recall': 0.5036231884057971, 'f1-score': 0.5019581812147361, 'support': 123.0}, 'weighted avg': {'precision': 0.5110020507925862, 'recall': 0.5040650406504065, 'f1-score': 0.5059085426566181, 'support': 123.0}}","[[27 27]
 [34 35]]"
674,200,0.05,31,5,gbdt,1.0,0.5157157157157157,0.4,"{'0': {'precision': 0.45614035087719296, 'recall': 0.48148148148148145, 'f1-score': 0.46846846846846846, 'support': 54.0}, '1': {'precision': 0.5757575757575758, 'recall': 0.5507246376811594, 'f1-score': 0.562962962962963, 'support': 69.0}, 'accuracy': 0.5203252032520326, 'macro avg': {'precision': 0.5159489633173844, 'recall': 0.5161030595813204, 'f1-score': 0.5157157157157157, 'support': 123.0}, 'weighted avg': {'precision': 0.523242696541798, 'recall': 0.5203252032520326, 'f1-score': 0.5214775751361118, 'support': 123.0}}","[[26 28]
 [31 38]]"
675,200,0.05,31,5,dart,0.7,0.4834826427771557,0.4,"{'0': {'precision': 0.425, 'recall': 0.3148148148148148, 'f1-score': 0.3617021276595745, 'support': 54.0}, '1': {'precision': 0.5542168674698795, 'recall': 0.6666666666666666, 'f1-score': 0.6052631578947368, 'support': 69.0}, 'accuracy': 0.5121951219512195, 'macro avg': {'precision': 0.4896084337349398, 'recall': 0.4907407407407407, 'f1-score': 0.4834826427771557, 'support': 123.0}, 'weighted avg': {'precision': 0.4974875110196885, 'recall': 0.5121951219512195, 'f1-score': 0.498333925108568, 'support': 123.0}}","[[17 37]
 [23 46]]"
676,200,0.05,31,5,dart,0.7,0.4793650793650793,0.5,"{'0': {'precision': 0.42424242424242425, 'recall': 0.5185185185185185, 'f1-score': 0.4666666666666667, 'support': 54.0}, '1': {'precision': 0.543859649122807, 'recall': 0.4492753623188406, 'f1-score': 0.49206349206349204, 'support': 69.0}, 'accuracy': 0.4796747967479675, 'macro avg': {'precision': 0.4840510366826156, 'recall': 0.48389694041867953, 'f1-score': 0.4793650793650793, 'support': 123.0}, 'weighted avg': {'precision': 0.4913447699070292, 'recall': 0.4796747967479675, 'f1-score': 0.4809136662795199, 'support': 123.0}}","[[28 26]
 [38 31]]"
677,200,0.05,31,5,dart,0.7,0.5121628767847699,0.5,"{'0': {'precision': 0.45714285714285713, 'recall': 0.5925925925925926, 'f1-score': 0.5161290322580645, 'support': 54.0}, '1': {'precision': 0.5849056603773585, 'recall': 0.4492753623188406, 'f1-score': 0.5081967213114754, 'support': 69.0}, 'accuracy': 0.5121951219512195, 'macro avg': {'precision': 0.5210242587601078, 'recall': 0.5209339774557166, 'f1-score': 0.5121628767847699, 'support': 123.0}, 'weighted avg': {'precision': 0.5288146735914799, 'recall': 0.5121951219512195, 'f1-score': 0.5116791992880267, 'support': 123.0}}","[[32 22]
 [38 31]]"
678,200,0.05,31,5,dart,0.8,0.4834826427771557,0.4,"{'0': {'precision': 0.425, 'recall': 0.3148148148148148, 'f1-score': 0.3617021276595745, 'support': 54.0}, '1': {'precision': 0.5542168674698795, 'recall': 0.6666666666666666, 'f1-score': 0.6052631578947368, 'support': 69.0}, 'accuracy': 0.5121951219512195, 'macro avg': {'precision': 0.4896084337349398, 'recall': 0.4907407407407407, 'f1-score': 0.4834826427771557, 'support': 123.0}, 'weighted avg': {'precision': 0.4974875110196885, 'recall': 0.5121951219512195, 'f1-score': 0.498333925108568, 'support': 123.0}}","[[17 37]
 [23 46]]"
679,200,0.05,31,5,dart,0.8,0.4793650793650793,0.5,"{'0': {'precision': 0.42424242424242425, 'recall': 0.5185185185185185, 'f1-score': 0.4666666666666667, 'support': 54.0}, '1': {'precision': 0.543859649122807, 'recall': 0.4492753623188406, 'f1-score': 0.49206349206349204, 'support': 69.0}, 'accuracy': 0.4796747967479675, 'macro avg': {'precision': 0.4840510366826156, 'recall': 0.48389694041867953, 'f1-score': 0.4793650793650793, 'support': 123.0}, 'weighted avg': {'precision': 0.4913447699070292, 'recall': 0.4796747967479675, 'f1-score': 0.4809136662795199, 'support': 123.0}}","[[28 26]
 [38 31]]"
680,200,0.05,31,5,dart,0.8,0.5121628767847699,0.5,"{'0': {'precision': 0.45714285714285713, 'recall': 0.5925925925925926, 'f1-score': 0.5161290322580645, 'support': 54.0}, '1': {'precision': 0.5849056603773585, 'recall': 0.4492753623188406, 'f1-score': 0.5081967213114754, 'support': 69.0}, 'accuracy': 0.5121951219512195, 'macro avg': {'precision': 0.5210242587601078, 'recall': 0.5209339774557166, 'f1-score': 0.5121628767847699, 'support': 123.0}, 'weighted avg': {'precision': 0.5288146735914799, 'recall': 0.5121951219512195, 'f1-score': 0.5116791992880267, 'support': 123.0}}","[[32 22]
 [38 31]]"
681,200,0.05,31,5,dart,1.0,0.4834826427771557,0.4,"{'0': {'precision': 0.425, 'recall': 0.3148148148148148, 'f1-score': 0.3617021276595745, 'support': 54.0}, '1': {'precision': 0.5542168674698795, 'recall': 0.6666666666666666, 'f1-score': 0.6052631578947368, 'support': 69.0}, 'accuracy': 0.5121951219512195, 'macro avg': {'precision': 0.4896084337349398, 'recall': 0.4907407407407407, 'f1-score': 0.4834826427771557, 'support': 123.0}, 'weighted avg': {'precision': 0.4974875110196885, 'recall': 0.5121951219512195, 'f1-score': 0.498333925108568, 'support': 123.0}}","[[17 37]
 [23 46]]"
682,200,0.05,31,5,dart,1.0,0.4793650793650793,0.5,"{'0': {'precision': 0.42424242424242425, 'recall': 0.5185185185185185, 'f1-score': 0.4666666666666667, 'support': 54.0}, '1': {'precision': 0.543859649122807, 'recall': 0.4492753623188406, 'f1-score': 0.49206349206349204, 'support': 69.0}, 'accuracy': 0.4796747967479675, 'macro avg': {'precision': 0.4840510366826156, 'recall': 0.48389694041867953, 'f1-score': 0.4793650793650793, 'support': 123.0}, 'weighted avg': {'precision': 0.4913447699070292, 'recall': 0.4796747967479675, 'f1-score': 0.4809136662795199, 'support': 123.0}}","[[28 26]
 [38 31]]"
683,200,0.05,31,5,dart,1.0,0.5121628767847699,0.5,"{'0': {'precision': 0.45714285714285713, 'recall': 0.5925925925925926, 'f1-score': 0.5161290322580645, 'support': 54.0}, '1': {'precision': 0.5849056603773585, 'recall': 0.4492753623188406, 'f1-score': 0.5081967213114754, 'support': 69.0}, 'accuracy': 0.5121951219512195, 'macro avg': {'precision': 0.5210242587601078, 'recall': 0.5209339774557166, 'f1-score': 0.5121628767847699, 'support': 123.0}, 'weighted avg': {'precision': 0.5288146735914799, 'recall': 0.5121951219512195, 'f1-score': 0.5116791992880267, 'support': 123.0}}","[[32 22]
 [38 31]]"
684,200,0.05,31,10,gbdt,0.7,0.38646714378659724,0.8,"{'0': {'precision': 0.42857142857142855, 'recall': 0.8333333333333334, 'f1-score': 0.5660377358490566, 'support': 54.0}, '1': {'precision': 0.5, 'recall': 0.13043478260869565, 'f1-score': 0.20689655172413793, 'support': 69.0}, 'accuracy': 0.43902439024390244, 'macro avg': {'precision': 0.4642857142857143, 'recall': 0.4818840579710145, 'f1-score': 0.38646714378659724, 'support': 123.0}, 'weighted avg': {'precision': 0.4686411149825784, 'recall': 0.43902439024390244, 'f1-score': 0.36456829109605343, 'support': 123.0}}","[[45  9]
 [60  9]]"
685,200,0.05,31,10,gbdt,0.7,0.5140293310118529,0.4,"{'0': {'precision': 0.45454545454545453, 'recall': 0.46296296296296297, 'f1-score': 0.45871559633027525, 'support': 54.0}, '1': {'precision': 0.5735294117647058, 'recall': 0.5652173913043478, 'f1-score': 0.5693430656934306, 'support': 69.0}, 'accuracy': 0.5203252032520326, 'macro avg': {'precision': 0.5140374331550802, 'recall': 0.5140901771336553, 'f1-score': 0.5140293310118529, 'support': 123.0}, 'weighted avg': {'precision': 0.5212925524977174, 'recall': 0.5203252032520326, 'f1-score': 0.5207749084120453, 'support': 123.0}}","[[25 29]
 [30 39]]"
686,200,0.05,31,10,gbdt,0.7,0.4708774325708433,0.7000000000000001,"{'0': {'precision': 0.45054945054945056, 'recall': 0.7592592592592593, 'f1-score': 0.5655172413793104, 'support': 54.0}, '1': {'precision': 0.59375, 'recall': 0.2753623188405797, 'f1-score': 0.37623762376237624, 'support': 69.0}, 'accuracy': 0.4878048780487805, 'macro avg': {'precision': 0.5221497252747253, 'recall': 0.5173107890499196, 'f1-score': 0.4708774325708433, 'support': 123.0}, 'weighted avg': {'precision': 0.5308814660948807, 'recall': 0.4878048780487805, 'f1-score': 0.4593359924722497, 'support': 123.0}}","[[41 13]
 [50 19]]"
687,200,0.05,31,10,gbdt,0.8,0.38646714378659724,0.8,"{'0': {'precision': 0.42857142857142855, 'recall': 0.8333333333333334, 'f1-score': 0.5660377358490566, 'support': 54.0}, '1': {'precision': 0.5, 'recall': 0.13043478260869565, 'f1-score': 0.20689655172413793, 'support': 69.0}, 'accuracy': 0.43902439024390244, 'macro avg': {'precision': 0.4642857142857143, 'recall': 0.4818840579710145, 'f1-score': 0.38646714378659724, 'support': 123.0}, 'weighted avg': {'precision': 0.4686411149825784, 'recall': 0.43902439024390244, 'f1-score': 0.36456829109605343, 'support': 123.0}}","[[45  9]
 [60  9]]"
688,200,0.05,31,10,gbdt,0.8,0.5140293310118529,0.4,"{'0': {'precision': 0.45454545454545453, 'recall': 0.46296296296296297, 'f1-score': 0.45871559633027525, 'support': 54.0}, '1': {'precision': 0.5735294117647058, 'recall': 0.5652173913043478, 'f1-score': 0.5693430656934306, 'support': 69.0}, 'accuracy': 0.5203252032520326, 'macro avg': {'precision': 0.5140374331550802, 'recall': 0.5140901771336553, 'f1-score': 0.5140293310118529, 'support': 123.0}, 'weighted avg': {'precision': 0.5212925524977174, 'recall': 0.5203252032520326, 'f1-score': 0.5207749084120453, 'support': 123.0}}","[[25 29]
 [30 39]]"
689,200,0.05,31,10,gbdt,0.8,0.4708774325708433,0.7000000000000001,"{'0': {'precision': 0.45054945054945056, 'recall': 0.7592592592592593, 'f1-score': 0.5655172413793104, 'support': 54.0}, '1': {'precision': 0.59375, 'recall': 0.2753623188405797, 'f1-score': 0.37623762376237624, 'support': 69.0}, 'accuracy': 0.4878048780487805, 'macro avg': {'precision': 0.5221497252747253, 'recall': 0.5173107890499196, 'f1-score': 0.4708774325708433, 'support': 123.0}, 'weighted avg': {'precision': 0.5308814660948807, 'recall': 0.4878048780487805, 'f1-score': 0.4593359924722497, 'support': 123.0}}","[[41 13]
 [50 19]]"
690,200,0.05,31,10,gbdt,1.0,0.38646714378659724,0.8,"{'0': {'precision': 0.42857142857142855, 'recall': 0.8333333333333334, 'f1-score': 0.5660377358490566, 'support': 54.0}, '1': {'precision': 0.5, 'recall': 0.13043478260869565, 'f1-score': 0.20689655172413793, 'support': 69.0}, 'accuracy': 0.43902439024390244, 'macro avg': {'precision': 0.4642857142857143, 'recall': 0.4818840579710145, 'f1-score': 0.38646714378659724, 'support': 123.0}, 'weighted avg': {'precision': 0.4686411149825784, 'recall': 0.43902439024390244, 'f1-score': 0.36456829109605343, 'support': 123.0}}","[[45  9]
 [60  9]]"
691,200,0.05,31,10,gbdt,1.0,0.5140293310118529,0.4,"{'0': {'precision': 0.45454545454545453, 'recall': 0.46296296296296297, 'f1-score': 0.45871559633027525, 'support': 54.0}, '1': {'precision': 0.5735294117647058, 'recall': 0.5652173913043478, 'f1-score': 0.5693430656934306, 'support': 69.0}, 'accuracy': 0.5203252032520326, 'macro avg': {'precision': 0.5140374331550802, 'recall': 0.5140901771336553, 'f1-score': 0.5140293310118529, 'support': 123.0}, 'weighted avg': {'precision': 0.5212925524977174, 'recall': 0.5203252032520326, 'f1-score': 0.5207749084120453, 'support': 123.0}}","[[25 29]
 [30 39]]"
692,200,0.05,31,10,gbdt,1.0,0.4708774325708433,0.7000000000000001,"{'0': {'precision': 0.45054945054945056, 'recall': 0.7592592592592593, 'f1-score': 0.5655172413793104, 'support': 54.0}, '1': {'precision': 0.59375, 'recall': 0.2753623188405797, 'f1-score': 0.37623762376237624, 'support': 69.0}, 'accuracy': 0.4878048780487805, 'macro avg': {'precision': 0.5221497252747253, 'recall': 0.5173107890499196, 'f1-score': 0.4708774325708433, 'support': 123.0}, 'weighted avg': {'precision': 0.5308814660948807, 'recall': 0.4878048780487805, 'f1-score': 0.4593359924722497, 'support': 123.0}}","[[41 13]
 [50 19]]"
693,200,0.05,31,10,dart,0.7,0.4878048780487805,0.5,"{'0': {'precision': 0.43478260869565216, 'recall': 0.5555555555555556, 'f1-score': 0.4878048780487805, 'support': 54.0}, '1': {'precision': 0.5555555555555556, 'recall': 0.43478260869565216, 'f1-score': 0.4878048780487805, 'support': 69.0}, 'accuracy': 0.4878048780487805, 'macro avg': {'precision': 0.49516908212560384, 'recall': 0.49516908212560384, 'f1-score': 0.4878048780487805, 'support': 123.0}, 'weighted avg': {'precision': 0.5025332862024272, 'recall': 0.4878048780487805, 'f1-score': 0.4878048780487805, 'support': 123.0}}","[[30 24]
 [39 30]]"
694,200,0.05,31,10,dart,0.7,0.4662653975363942,0.4,"{'0': {'precision': 0.4, 'recall': 0.2962962962962963, 'f1-score': 0.3404255319148936, 'support': 54.0}, '1': {'precision': 0.5421686746987951, 'recall': 0.6521739130434783, 'f1-score': 0.5921052631578947, 'support': 69.0}, 'accuracy': 0.4959349593495935, 'macro avg': {'precision': 0.4710843373493976, 'recall': 0.4742351046698873, 'f1-score': 0.4662653975363942, 'support': 123.0}, 'weighted avg': {'precision': 0.47975315897737286, 'recall': 0.4959349593495935, 'f1-score': 0.48161172261218693, 'support': 123.0}}","[[16 38]
 [24 45]]"
695,200,0.05,31,10,dart,0.7,0.5013399299113585,0.4,"{'0': {'precision': 0.4444444444444444, 'recall': 0.37037037037037035, 'f1-score': 0.40404040404040403, 'support': 54.0}, '1': {'precision': 0.5641025641025641, 'recall': 0.6376811594202898, 'f1-score': 0.5986394557823129, 'support': 69.0}, 'accuracy': 0.5203252032520326, 'macro avg': {'precision': 0.5042735042735043, 'recall': 0.5040257648953301, 'f1-score': 0.5013399299113585, 'support': 123.0}, 'weighted avg': {'precision': 0.5115697310819262, 'recall': 0.5203252032520325, 'f1-score': 0.5132057257492797, 'support': 123.0}}","[[20 34]
 [25 44]]"
696,200,0.05,31,10,dart,0.8,0.4878048780487805,0.5,"{'0': {'precision': 0.43478260869565216, 'recall': 0.5555555555555556, 'f1-score': 0.4878048780487805, 'support': 54.0}, '1': {'precision': 0.5555555555555556, 'recall': 0.43478260869565216, 'f1-score': 0.4878048780487805, 'support': 69.0}, 'accuracy': 0.4878048780487805, 'macro avg': {'precision': 0.49516908212560384, 'recall': 0.49516908212560384, 'f1-score': 0.4878048780487805, 'support': 123.0}, 'weighted avg': {'precision': 0.5025332862024272, 'recall': 0.4878048780487805, 'f1-score': 0.4878048780487805, 'support': 123.0}}","[[30 24]
 [39 30]]"
697,200,0.05,31,10,dart,0.8,0.4662653975363942,0.4,"{'0': {'precision': 0.4, 'recall': 0.2962962962962963, 'f1-score': 0.3404255319148936, 'support': 54.0}, '1': {'precision': 0.5421686746987951, 'recall': 0.6521739130434783, 'f1-score': 0.5921052631578947, 'support': 69.0}, 'accuracy': 0.4959349593495935, 'macro avg': {'precision': 0.4710843373493976, 'recall': 0.4742351046698873, 'f1-score': 0.4662653975363942, 'support': 123.0}, 'weighted avg': {'precision': 0.47975315897737286, 'recall': 0.4959349593495935, 'f1-score': 0.48161172261218693, 'support': 123.0}}","[[16 38]
 [24 45]]"
698,200,0.05,31,10,dart,0.8,0.5013399299113585,0.4,"{'0': {'precision': 0.4444444444444444, 'recall': 0.37037037037037035, 'f1-score': 0.40404040404040403, 'support': 54.0}, '1': {'precision': 0.5641025641025641, 'recall': 0.6376811594202898, 'f1-score': 0.5986394557823129, 'support': 69.0}, 'accuracy': 0.5203252032520326, 'macro avg': {'precision': 0.5042735042735043, 'recall': 0.5040257648953301, 'f1-score': 0.5013399299113585, 'support': 123.0}, 'weighted avg': {'precision': 0.5115697310819262, 'recall': 0.5203252032520325, 'f1-score': 0.5132057257492797, 'support': 123.0}}","[[20 34]
 [25 44]]"
699,200,0.05,31,10,dart,1.0,0.4878048780487805,0.5,"{'0': {'precision': 0.43478260869565216, 'recall': 0.5555555555555556, 'f1-score': 0.4878048780487805, 'support': 54.0}, '1': {'precision': 0.5555555555555556, 'recall': 0.43478260869565216, 'f1-score': 0.4878048780487805, 'support': 69.0}, 'accuracy': 0.4878048780487805, 'macro avg': {'precision': 0.49516908212560384, 'recall': 0.49516908212560384, 'f1-score': 0.4878048780487805, 'support': 123.0}, 'weighted avg': {'precision': 0.5025332862024272, 'recall': 0.4878048780487805, 'f1-score': 0.4878048780487805, 'support': 123.0}}","[[30 24]
 [39 30]]"
700,200,0.05,31,10,dart,1.0,0.4662653975363942,0.4,"{'0': {'precision': 0.4, 'recall': 0.2962962962962963, 'f1-score': 0.3404255319148936, 'support': 54.0}, '1': {'precision': 0.5421686746987951, 'recall': 0.6521739130434783, 'f1-score': 0.5921052631578947, 'support': 69.0}, 'accuracy': 0.4959349593495935, 'macro avg': {'precision': 0.4710843373493976, 'recall': 0.4742351046698873, 'f1-score': 0.4662653975363942, 'support': 123.0}, 'weighted avg': {'precision': 0.47975315897737286, 'recall': 0.4959349593495935, 'f1-score': 0.48161172261218693, 'support': 123.0}}","[[16 38]
 [24 45]]"
701,200,0.05,31,10,dart,1.0,0.5013399299113585,0.4,"{'0': {'precision': 0.4444444444444444, 'recall': 0.37037037037037035, 'f1-score': 0.40404040404040403, 'support': 54.0}, '1': {'precision': 0.5641025641025641, 'recall': 0.6376811594202898, 'f1-score': 0.5986394557823129, 'support': 69.0}, 'accuracy': 0.5203252032520326, 'macro avg': {'precision': 0.5042735042735043, 'recall': 0.5040257648953301, 'f1-score': 0.5013399299113585, 'support': 123.0}, 'weighted avg': {'precision': 0.5115697310819262, 'recall': 0.5203252032520325, 'f1-score': 0.5132057257492797, 'support': 123.0}}","[[20 34]
 [25 44]]"
702,200,0.05,50,-1,gbdt,0.7,0.4796404019037546,0.5,"{'0': {'precision': 0.42857142857142855, 'recall': 0.5555555555555556, 'f1-score': 0.4838709677419355, 'support': 54.0}, '1': {'precision': 0.5471698113207547, 'recall': 0.42028985507246375, 'f1-score': 0.47540983606557374, 'support': 69.0}, 'accuracy': 0.4796747967479675, 'macro avg': {'precision': 0.4878706199460916, 'recall': 0.48792270531400966, 'f1-score': 0.4796404019037546, 'support': 123.0}, 'weighted avg': {'precision': 0.49510222865031883, 'recall': 0.4796747967479675, 'f1-score': 0.4791244792405618, 'support': 123.0}}","[[30 24]
 [40 29]]"
703,200,0.05,50,-1,gbdt,0.7,0.5231283422459893,0.4,"{'0': {'precision': 0.4642857142857143, 'recall': 0.48148148148148145, 'f1-score': 0.4727272727272727, 'support': 54.0}, '1': {'precision': 0.582089552238806, 'recall': 0.5652173913043478, 'f1-score': 0.5735294117647058, 'support': 69.0}, 'accuracy': 0.5284552845528455, 'macro avg': {'precision': 0.5231876332622601, 'recall': 0.5233494363929146, 'f1-score': 0.5231283422459893, 'support': 123.0}, 'weighted avg': {'precision': 0.5303707941130584, 'recall': 0.5284552845528455, 'f1-score': 0.5292748141385156, 'support': 123.0}}","[[26 28]
 [30 39]]"
704,200,0.05,50,-1,gbdt,0.7,0.4708774325708433,0.7000000000000001,"{'0': {'precision': 0.45054945054945056, 'recall': 0.7592592592592593, 'f1-score': 0.5655172413793104, 'support': 54.0}, '1': {'precision': 0.59375, 'recall': 0.2753623188405797, 'f1-score': 0.37623762376237624, 'support': 69.0}, 'accuracy': 0.4878048780487805, 'macro avg': {'precision': 0.5221497252747253, 'recall': 0.5173107890499196, 'f1-score': 0.4708774325708433, 'support': 123.0}, 'weighted avg': {'precision': 0.5308814660948807, 'recall': 0.4878048780487805, 'f1-score': 0.4593359924722497, 'support': 123.0}}","[[41 13]
 [50 19]]"
705,200,0.05,50,-1,gbdt,0.8,0.4796404019037546,0.5,"{'0': {'precision': 0.42857142857142855, 'recall': 0.5555555555555556, 'f1-score': 0.4838709677419355, 'support': 54.0}, '1': {'precision': 0.5471698113207547, 'recall': 0.42028985507246375, 'f1-score': 0.47540983606557374, 'support': 69.0}, 'accuracy': 0.4796747967479675, 'macro avg': {'precision': 0.4878706199460916, 'recall': 0.48792270531400966, 'f1-score': 0.4796404019037546, 'support': 123.0}, 'weighted avg': {'precision': 0.49510222865031883, 'recall': 0.4796747967479675, 'f1-score': 0.4791244792405618, 'support': 123.0}}","[[30 24]
 [40 29]]"
706,200,0.05,50,-1,gbdt,0.8,0.5231283422459893,0.4,"{'0': {'precision': 0.4642857142857143, 'recall': 0.48148148148148145, 'f1-score': 0.4727272727272727, 'support': 54.0}, '1': {'precision': 0.582089552238806, 'recall': 0.5652173913043478, 'f1-score': 0.5735294117647058, 'support': 69.0}, 'accuracy': 0.5284552845528455, 'macro avg': {'precision': 0.5231876332622601, 'recall': 0.5233494363929146, 'f1-score': 0.5231283422459893, 'support': 123.0}, 'weighted avg': {'precision': 0.5303707941130584, 'recall': 0.5284552845528455, 'f1-score': 0.5292748141385156, 'support': 123.0}}","[[26 28]
 [30 39]]"
707,200,0.05,50,-1,gbdt,0.8,0.4708774325708433,0.7000000000000001,"{'0': {'precision': 0.45054945054945056, 'recall': 0.7592592592592593, 'f1-score': 0.5655172413793104, 'support': 54.0}, '1': {'precision': 0.59375, 'recall': 0.2753623188405797, 'f1-score': 0.37623762376237624, 'support': 69.0}, 'accuracy': 0.4878048780487805, 'macro avg': {'precision': 0.5221497252747253, 'recall': 0.5173107890499196, 'f1-score': 0.4708774325708433, 'support': 123.0}, 'weighted avg': {'precision': 0.5308814660948807, 'recall': 0.4878048780487805, 'f1-score': 0.4593359924722497, 'support': 123.0}}","[[41 13]
 [50 19]]"
708,200,0.05,50,-1,gbdt,1.0,0.4796404019037546,0.5,"{'0': {'precision': 0.42857142857142855, 'recall': 0.5555555555555556, 'f1-score': 0.4838709677419355, 'support': 54.0}, '1': {'precision': 0.5471698113207547, 'recall': 0.42028985507246375, 'f1-score': 0.47540983606557374, 'support': 69.0}, 'accuracy': 0.4796747967479675, 'macro avg': {'precision': 0.4878706199460916, 'recall': 0.48792270531400966, 'f1-score': 0.4796404019037546, 'support': 123.0}, 'weighted avg': {'precision': 0.49510222865031883, 'recall': 0.4796747967479675, 'f1-score': 0.4791244792405618, 'support': 123.0}}","[[30 24]
 [40 29]]"
709,200,0.05,50,-1,gbdt,1.0,0.5231283422459893,0.4,"{'0': {'precision': 0.4642857142857143, 'recall': 0.48148148148148145, 'f1-score': 0.4727272727272727, 'support': 54.0}, '1': {'precision': 0.582089552238806, 'recall': 0.5652173913043478, 'f1-score': 0.5735294117647058, 'support': 69.0}, 'accuracy': 0.5284552845528455, 'macro avg': {'precision': 0.5231876332622601, 'recall': 0.5233494363929146, 'f1-score': 0.5231283422459893, 'support': 123.0}, 'weighted avg': {'precision': 0.5303707941130584, 'recall': 0.5284552845528455, 'f1-score': 0.5292748141385156, 'support': 123.0}}","[[26 28]
 [30 39]]"
710,200,0.05,50,-1,gbdt,1.0,0.4708774325708433,0.7000000000000001,"{'0': {'precision': 0.45054945054945056, 'recall': 0.7592592592592593, 'f1-score': 0.5655172413793104, 'support': 54.0}, '1': {'precision': 0.59375, 'recall': 0.2753623188405797, 'f1-score': 0.37623762376237624, 'support': 69.0}, 'accuracy': 0.4878048780487805, 'macro avg': {'precision': 0.5221497252747253, 'recall': 0.5173107890499196, 'f1-score': 0.4708774325708433, 'support': 123.0}, 'weighted avg': {'precision': 0.5308814660948807, 'recall': 0.4878048780487805, 'f1-score': 0.4593359924722497, 'support': 123.0}}","[[41 13]
 [50 19]]"
711,200,0.05,50,-1,dart,0.7,0.4878048780487805,0.5,"{'0': {'precision': 0.43478260869565216, 'recall': 0.5555555555555556, 'f1-score': 0.4878048780487805, 'support': 54.0}, '1': {'precision': 0.5555555555555556, 'recall': 0.43478260869565216, 'f1-score': 0.4878048780487805, 'support': 69.0}, 'accuracy': 0.4878048780487805, 'macro avg': {'precision': 0.49516908212560384, 'recall': 0.49516908212560384, 'f1-score': 0.4878048780487805, 'support': 123.0}, 'weighted avg': {'precision': 0.5025332862024272, 'recall': 0.4878048780487805, 'f1-score': 0.4878048780487805, 'support': 123.0}}","[[30 24]
 [39 30]]"
712,200,0.05,50,-1,dart,0.7,0.4662653975363942,0.4,"{'0': {'precision': 0.4, 'recall': 0.2962962962962963, 'f1-score': 0.3404255319148936, 'support': 54.0}, '1': {'precision': 0.5421686746987951, 'recall': 0.6521739130434783, 'f1-score': 0.5921052631578947, 'support': 69.0}, 'accuracy': 0.4959349593495935, 'macro avg': {'precision': 0.4710843373493976, 'recall': 0.4742351046698873, 'f1-score': 0.4662653975363942, 'support': 123.0}, 'weighted avg': {'precision': 0.47975315897737286, 'recall': 0.4959349593495935, 'f1-score': 0.48161172261218693, 'support': 123.0}}","[[16 38]
 [24 45]]"
713,200,0.05,50,-1,dart,0.7,0.5013399299113585,0.4,"{'0': {'precision': 0.4444444444444444, 'recall': 0.37037037037037035, 'f1-score': 0.40404040404040403, 'support': 54.0}, '1': {'precision': 0.5641025641025641, 'recall': 0.6376811594202898, 'f1-score': 0.5986394557823129, 'support': 69.0}, 'accuracy': 0.5203252032520326, 'macro avg': {'precision': 0.5042735042735043, 'recall': 0.5040257648953301, 'f1-score': 0.5013399299113585, 'support': 123.0}, 'weighted avg': {'precision': 0.5115697310819262, 'recall': 0.5203252032520325, 'f1-score': 0.5132057257492797, 'support': 123.0}}","[[20 34]
 [25 44]]"
714,200,0.05,50,-1,dart,0.8,0.4878048780487805,0.5,"{'0': {'precision': 0.43478260869565216, 'recall': 0.5555555555555556, 'f1-score': 0.4878048780487805, 'support': 54.0}, '1': {'precision': 0.5555555555555556, 'recall': 0.43478260869565216, 'f1-score': 0.4878048780487805, 'support': 69.0}, 'accuracy': 0.4878048780487805, 'macro avg': {'precision': 0.49516908212560384, 'recall': 0.49516908212560384, 'f1-score': 0.4878048780487805, 'support': 123.0}, 'weighted avg': {'precision': 0.5025332862024272, 'recall': 0.4878048780487805, 'f1-score': 0.4878048780487805, 'support': 123.0}}","[[30 24]
 [39 30]]"
715,200,0.05,50,-1,dart,0.8,0.4662653975363942,0.4,"{'0': {'precision': 0.4, 'recall': 0.2962962962962963, 'f1-score': 0.3404255319148936, 'support': 54.0}, '1': {'precision': 0.5421686746987951, 'recall': 0.6521739130434783, 'f1-score': 0.5921052631578947, 'support': 69.0}, 'accuracy': 0.4959349593495935, 'macro avg': {'precision': 0.4710843373493976, 'recall': 0.4742351046698873, 'f1-score': 0.4662653975363942, 'support': 123.0}, 'weighted avg': {'precision': 0.47975315897737286, 'recall': 0.4959349593495935, 'f1-score': 0.48161172261218693, 'support': 123.0}}","[[16 38]
 [24 45]]"
716,200,0.05,50,-1,dart,0.8,0.5013399299113585,0.4,"{'0': {'precision': 0.4444444444444444, 'recall': 0.37037037037037035, 'f1-score': 0.40404040404040403, 'support': 54.0}, '1': {'precision': 0.5641025641025641, 'recall': 0.6376811594202898, 'f1-score': 0.5986394557823129, 'support': 69.0}, 'accuracy': 0.5203252032520326, 'macro avg': {'precision': 0.5042735042735043, 'recall': 0.5040257648953301, 'f1-score': 0.5013399299113585, 'support': 123.0}, 'weighted avg': {'precision': 0.5115697310819262, 'recall': 0.5203252032520325, 'f1-score': 0.5132057257492797, 'support': 123.0}}","[[20 34]
 [25 44]]"
717,200,0.05,50,-1,dart,1.0,0.4878048780487805,0.5,"{'0': {'precision': 0.43478260869565216, 'recall': 0.5555555555555556, 'f1-score': 0.4878048780487805, 'support': 54.0}, '1': {'precision': 0.5555555555555556, 'recall': 0.43478260869565216, 'f1-score': 0.4878048780487805, 'support': 69.0}, 'accuracy': 0.4878048780487805, 'macro avg': {'precision': 0.49516908212560384, 'recall': 0.49516908212560384, 'f1-score': 0.4878048780487805, 'support': 123.0}, 'weighted avg': {'precision': 0.5025332862024272, 'recall': 0.4878048780487805, 'f1-score': 0.4878048780487805, 'support': 123.0}}","[[30 24]
 [39 30]]"
718,200,0.05,50,-1,dart,1.0,0.4662653975363942,0.4,"{'0': {'precision': 0.4, 'recall': 0.2962962962962963, 'f1-score': 0.3404255319148936, 'support': 54.0}, '1': {'precision': 0.5421686746987951, 'recall': 0.6521739130434783, 'f1-score': 0.5921052631578947, 'support': 69.0}, 'accuracy': 0.4959349593495935, 'macro avg': {'precision': 0.4710843373493976, 'recall': 0.4742351046698873, 'f1-score': 0.4662653975363942, 'support': 123.0}, 'weighted avg': {'precision': 0.47975315897737286, 'recall': 0.4959349593495935, 'f1-score': 0.48161172261218693, 'support': 123.0}}","[[16 38]
 [24 45]]"
719,200,0.05,50,-1,dart,1.0,0.5013399299113585,0.4,"{'0': {'precision': 0.4444444444444444, 'recall': 0.37037037037037035, 'f1-score': 0.40404040404040403, 'support': 54.0}, '1': {'precision': 0.5641025641025641, 'recall': 0.6376811594202898, 'f1-score': 0.5986394557823129, 'support': 69.0}, 'accuracy': 0.5203252032520326, 'macro avg': {'precision': 0.5042735042735043, 'recall': 0.5040257648953301, 'f1-score': 0.5013399299113585, 'support': 123.0}, 'weighted avg': {'precision': 0.5115697310819262, 'recall': 0.5203252032520325, 'f1-score': 0.5132057257492797, 'support': 123.0}}","[[20 34]
 [25 44]]"
720,200,0.05,50,5,gbdt,0.7,0.5066844919786097,0.4,"{'0': {'precision': 0.44642857142857145, 'recall': 0.46296296296296297, 'f1-score': 0.45454545454545453, 'support': 54.0}, '1': {'precision': 0.5671641791044776, 'recall': 0.5507246376811594, 'f1-score': 0.5588235294117647, 'support': 69.0}, 'accuracy': 0.5121951219512195, 'macro avg': {'precision': 0.5067963752665245, 'recall': 0.5068438003220612, 'f1-score': 0.5066844919786097, 'support': 123.0}, 'weighted avg': {'precision': 0.5141583025638359, 'recall': 0.5121951219512195, 'f1-score': 0.5130429111777749, 'support': 123.0}}","[[25 29]
 [31 38]]"
721,200,0.05,50,5,gbdt,0.7,0.5019581812147361,0.4,"{'0': {'precision': 0.4426229508196721, 'recall': 0.5, 'f1-score': 0.46956521739130436, 'support': 54.0}, '1': {'precision': 0.5645161290322581, 'recall': 0.5072463768115942, 'f1-score': 0.5343511450381679, 'support': 69.0}, 'accuracy': 0.5040650406504065, 'macro avg': {'precision': 0.5035695399259651, 'recall': 0.5036231884057971, 'f1-score': 0.5019581812147361, 'support': 123.0}, 'weighted avg': {'precision': 0.5110020507925862, 'recall': 0.5040650406504065, 'f1-score': 0.5059085426566181, 'support': 123.0}}","[[27 27]
 [34 35]]"
722,200,0.05,50,5,gbdt,0.7,0.5157157157157157,0.4,"{'0': {'precision': 0.45614035087719296, 'recall': 0.48148148148148145, 'f1-score': 0.46846846846846846, 'support': 54.0}, '1': {'precision': 0.5757575757575758, 'recall': 0.5507246376811594, 'f1-score': 0.562962962962963, 'support': 69.0}, 'accuracy': 0.5203252032520326, 'macro avg': {'precision': 0.5159489633173844, 'recall': 0.5161030595813204, 'f1-score': 0.5157157157157157, 'support': 123.0}, 'weighted avg': {'precision': 0.523242696541798, 'recall': 0.5203252032520326, 'f1-score': 0.5214775751361118, 'support': 123.0}}","[[26 28]
 [31 38]]"
723,200,0.05,50,5,gbdt,0.8,0.5066844919786097,0.4,"{'0': {'precision': 0.44642857142857145, 'recall': 0.46296296296296297, 'f1-score': 0.45454545454545453, 'support': 54.0}, '1': {'precision': 0.5671641791044776, 'recall': 0.5507246376811594, 'f1-score': 0.5588235294117647, 'support': 69.0}, 'accuracy': 0.5121951219512195, 'macro avg': {'precision': 0.5067963752665245, 'recall': 0.5068438003220612, 'f1-score': 0.5066844919786097, 'support': 123.0}, 'weighted avg': {'precision': 0.5141583025638359, 'recall': 0.5121951219512195, 'f1-score': 0.5130429111777749, 'support': 123.0}}","[[25 29]
 [31 38]]"
724,200,0.05,50,5,gbdt,0.8,0.5019581812147361,0.4,"{'0': {'precision': 0.4426229508196721, 'recall': 0.5, 'f1-score': 0.46956521739130436, 'support': 54.0}, '1': {'precision': 0.5645161290322581, 'recall': 0.5072463768115942, 'f1-score': 0.5343511450381679, 'support': 69.0}, 'accuracy': 0.5040650406504065, 'macro avg': {'precision': 0.5035695399259651, 'recall': 0.5036231884057971, 'f1-score': 0.5019581812147361, 'support': 123.0}, 'weighted avg': {'precision': 0.5110020507925862, 'recall': 0.5040650406504065, 'f1-score': 0.5059085426566181, 'support': 123.0}}","[[27 27]
 [34 35]]"
725,200,0.05,50,5,gbdt,0.8,0.5157157157157157,0.4,"{'0': {'precision': 0.45614035087719296, 'recall': 0.48148148148148145, 'f1-score': 0.46846846846846846, 'support': 54.0}, '1': {'precision': 0.5757575757575758, 'recall': 0.5507246376811594, 'f1-score': 0.562962962962963, 'support': 69.0}, 'accuracy': 0.5203252032520326, 'macro avg': {'precision': 0.5159489633173844, 'recall': 0.5161030595813204, 'f1-score': 0.5157157157157157, 'support': 123.0}, 'weighted avg': {'precision': 0.523242696541798, 'recall': 0.5203252032520326, 'f1-score': 0.5214775751361118, 'support': 123.0}}","[[26 28]
 [31 38]]"
726,200,0.05,50,5,gbdt,1.0,0.5066844919786097,0.4,"{'0': {'precision': 0.44642857142857145, 'recall': 0.46296296296296297, 'f1-score': 0.45454545454545453, 'support': 54.0}, '1': {'precision': 0.5671641791044776, 'recall': 0.5507246376811594, 'f1-score': 0.5588235294117647, 'support': 69.0}, 'accuracy': 0.5121951219512195, 'macro avg': {'precision': 0.5067963752665245, 'recall': 0.5068438003220612, 'f1-score': 0.5066844919786097, 'support': 123.0}, 'weighted avg': {'precision': 0.5141583025638359, 'recall': 0.5121951219512195, 'f1-score': 0.5130429111777749, 'support': 123.0}}","[[25 29]
 [31 38]]"
727,200,0.05,50,5,gbdt,1.0,0.5019581812147361,0.4,"{'0': {'precision': 0.4426229508196721, 'recall': 0.5, 'f1-score': 0.46956521739130436, 'support': 54.0}, '1': {'precision': 0.5645161290322581, 'recall': 0.5072463768115942, 'f1-score': 0.5343511450381679, 'support': 69.0}, 'accuracy': 0.5040650406504065, 'macro avg': {'precision': 0.5035695399259651, 'recall': 0.5036231884057971, 'f1-score': 0.5019581812147361, 'support': 123.0}, 'weighted avg': {'precision': 0.5110020507925862, 'recall': 0.5040650406504065, 'f1-score': 0.5059085426566181, 'support': 123.0}}","[[27 27]
 [34 35]]"
728,200,0.05,50,5,gbdt,1.0,0.5157157157157157,0.4,"{'0': {'precision': 0.45614035087719296, 'recall': 0.48148148148148145, 'f1-score': 0.46846846846846846, 'support': 54.0}, '1': {'precision': 0.5757575757575758, 'recall': 0.5507246376811594, 'f1-score': 0.562962962962963, 'support': 69.0}, 'accuracy': 0.5203252032520326, 'macro avg': {'precision': 0.5159489633173844, 'recall': 0.5161030595813204, 'f1-score': 0.5157157157157157, 'support': 123.0}, 'weighted avg': {'precision': 0.523242696541798, 'recall': 0.5203252032520326, 'f1-score': 0.5214775751361118, 'support': 123.0}}","[[26 28]
 [31 38]]"
729,200,0.05,50,5,dart,0.7,0.4834826427771557,0.4,"{'0': {'precision': 0.425, 'recall': 0.3148148148148148, 'f1-score': 0.3617021276595745, 'support': 54.0}, '1': {'precision': 0.5542168674698795, 'recall': 0.6666666666666666, 'f1-score': 0.6052631578947368, 'support': 69.0}, 'accuracy': 0.5121951219512195, 'macro avg': {'precision': 0.4896084337349398, 'recall': 0.4907407407407407, 'f1-score': 0.4834826427771557, 'support': 123.0}, 'weighted avg': {'precision': 0.4974875110196885, 'recall': 0.5121951219512195, 'f1-score': 0.498333925108568, 'support': 123.0}}","[[17 37]
 [23 46]]"
730,200,0.05,50,5,dart,0.7,0.4793650793650793,0.5,"{'0': {'precision': 0.42424242424242425, 'recall': 0.5185185185185185, 'f1-score': 0.4666666666666667, 'support': 54.0}, '1': {'precision': 0.543859649122807, 'recall': 0.4492753623188406, 'f1-score': 0.49206349206349204, 'support': 69.0}, 'accuracy': 0.4796747967479675, 'macro avg': {'precision': 0.4840510366826156, 'recall': 0.48389694041867953, 'f1-score': 0.4793650793650793, 'support': 123.0}, 'weighted avg': {'precision': 0.4913447699070292, 'recall': 0.4796747967479675, 'f1-score': 0.4809136662795199, 'support': 123.0}}","[[28 26]
 [38 31]]"
731,200,0.05,50,5,dart,0.7,0.5121628767847699,0.5,"{'0': {'precision': 0.45714285714285713, 'recall': 0.5925925925925926, 'f1-score': 0.5161290322580645, 'support': 54.0}, '1': {'precision': 0.5849056603773585, 'recall': 0.4492753623188406, 'f1-score': 0.5081967213114754, 'support': 69.0}, 'accuracy': 0.5121951219512195, 'macro avg': {'precision': 0.5210242587601078, 'recall': 0.5209339774557166, 'f1-score': 0.5121628767847699, 'support': 123.0}, 'weighted avg': {'precision': 0.5288146735914799, 'recall': 0.5121951219512195, 'f1-score': 0.5116791992880267, 'support': 123.0}}","[[32 22]
 [38 31]]"
732,200,0.05,50,5,dart,0.8,0.4834826427771557,0.4,"{'0': {'precision': 0.425, 'recall': 0.3148148148148148, 'f1-score': 0.3617021276595745, 'support': 54.0}, '1': {'precision': 0.5542168674698795, 'recall': 0.6666666666666666, 'f1-score': 0.6052631578947368, 'support': 69.0}, 'accuracy': 0.5121951219512195, 'macro avg': {'precision': 0.4896084337349398, 'recall': 0.4907407407407407, 'f1-score': 0.4834826427771557, 'support': 123.0}, 'weighted avg': {'precision': 0.4974875110196885, 'recall': 0.5121951219512195, 'f1-score': 0.498333925108568, 'support': 123.0}}","[[17 37]
 [23 46]]"
733,200,0.05,50,5,dart,0.8,0.4793650793650793,0.5,"{'0': {'precision': 0.42424242424242425, 'recall': 0.5185185185185185, 'f1-score': 0.4666666666666667, 'support': 54.0}, '1': {'precision': 0.543859649122807, 'recall': 0.4492753623188406, 'f1-score': 0.49206349206349204, 'support': 69.0}, 'accuracy': 0.4796747967479675, 'macro avg': {'precision': 0.4840510366826156, 'recall': 0.48389694041867953, 'f1-score': 0.4793650793650793, 'support': 123.0}, 'weighted avg': {'precision': 0.4913447699070292, 'recall': 0.4796747967479675, 'f1-score': 0.4809136662795199, 'support': 123.0}}","[[28 26]
 [38 31]]"
734,200,0.05,50,5,dart,0.8,0.5121628767847699,0.5,"{'0': {'precision': 0.45714285714285713, 'recall': 0.5925925925925926, 'f1-score': 0.5161290322580645, 'support': 54.0}, '1': {'precision': 0.5849056603773585, 'recall': 0.4492753623188406, 'f1-score': 0.5081967213114754, 'support': 69.0}, 'accuracy': 0.5121951219512195, 'macro avg': {'precision': 0.5210242587601078, 'recall': 0.5209339774557166, 'f1-score': 0.5121628767847699, 'support': 123.0}, 'weighted avg': {'precision': 0.5288146735914799, 'recall': 0.5121951219512195, 'f1-score': 0.5116791992880267, 'support': 123.0}}","[[32 22]
 [38 31]]"
735,200,0.05,50,5,dart,1.0,0.4834826427771557,0.4,"{'0': {'precision': 0.425, 'recall': 0.3148148148148148, 'f1-score': 0.3617021276595745, 'support': 54.0}, '1': {'precision': 0.5542168674698795, 'recall': 0.6666666666666666, 'f1-score': 0.6052631578947368, 'support': 69.0}, 'accuracy': 0.5121951219512195, 'macro avg': {'precision': 0.4896084337349398, 'recall': 0.4907407407407407, 'f1-score': 0.4834826427771557, 'support': 123.0}, 'weighted avg': {'precision': 0.4974875110196885, 'recall': 0.5121951219512195, 'f1-score': 0.498333925108568, 'support': 123.0}}","[[17 37]
 [23 46]]"
736,200,0.05,50,5,dart,1.0,0.4793650793650793,0.5,"{'0': {'precision': 0.42424242424242425, 'recall': 0.5185185185185185, 'f1-score': 0.4666666666666667, 'support': 54.0}, '1': {'precision': 0.543859649122807, 'recall': 0.4492753623188406, 'f1-score': 0.49206349206349204, 'support': 69.0}, 'accuracy': 0.4796747967479675, 'macro avg': {'precision': 0.4840510366826156, 'recall': 0.48389694041867953, 'f1-score': 0.4793650793650793, 'support': 123.0}, 'weighted avg': {'precision': 0.4913447699070292, 'recall': 0.4796747967479675, 'f1-score': 0.4809136662795199, 'support': 123.0}}","[[28 26]
 [38 31]]"
737,200,0.05,50,5,dart,1.0,0.5121628767847699,0.5,"{'0': {'precision': 0.45714285714285713, 'recall': 0.5925925925925926, 'f1-score': 0.5161290322580645, 'support': 54.0}, '1': {'precision': 0.5849056603773585, 'recall': 0.4492753623188406, 'f1-score': 0.5081967213114754, 'support': 69.0}, 'accuracy': 0.5121951219512195, 'macro avg': {'precision': 0.5210242587601078, 'recall': 0.5209339774557166, 'f1-score': 0.5121628767847699, 'support': 123.0}, 'weighted avg': {'precision': 0.5288146735914799, 'recall': 0.5121951219512195, 'f1-score': 0.5116791992880267, 'support': 123.0}}","[[32 22]
 [38 31]]"
738,200,0.05,50,10,gbdt,0.7,0.38646714378659724,0.8,"{'0': {'precision': 0.42857142857142855, 'recall': 0.8333333333333334, 'f1-score': 0.5660377358490566, 'support': 54.0}, '1': {'precision': 0.5, 'recall': 0.13043478260869565, 'f1-score': 0.20689655172413793, 'support': 69.0}, 'accuracy': 0.43902439024390244, 'macro avg': {'precision': 0.4642857142857143, 'recall': 0.4818840579710145, 'f1-score': 0.38646714378659724, 'support': 123.0}, 'weighted avg': {'precision': 0.4686411149825784, 'recall': 0.43902439024390244, 'f1-score': 0.36456829109605343, 'support': 123.0}}","[[45  9]
 [60  9]]"
739,200,0.05,50,10,gbdt,0.7,0.5140293310118529,0.4,"{'0': {'precision': 0.45454545454545453, 'recall': 0.46296296296296297, 'f1-score': 0.45871559633027525, 'support': 54.0}, '1': {'precision': 0.5735294117647058, 'recall': 0.5652173913043478, 'f1-score': 0.5693430656934306, 'support': 69.0}, 'accuracy': 0.5203252032520326, 'macro avg': {'precision': 0.5140374331550802, 'recall': 0.5140901771336553, 'f1-score': 0.5140293310118529, 'support': 123.0}, 'weighted avg': {'precision': 0.5212925524977174, 'recall': 0.5203252032520326, 'f1-score': 0.5207749084120453, 'support': 123.0}}","[[25 29]
 [30 39]]"
740,200,0.05,50,10,gbdt,0.7,0.4708774325708433,0.7000000000000001,"{'0': {'precision': 0.45054945054945056, 'recall': 0.7592592592592593, 'f1-score': 0.5655172413793104, 'support': 54.0}, '1': {'precision': 0.59375, 'recall': 0.2753623188405797, 'f1-score': 0.37623762376237624, 'support': 69.0}, 'accuracy': 0.4878048780487805, 'macro avg': {'precision': 0.5221497252747253, 'recall': 0.5173107890499196, 'f1-score': 0.4708774325708433, 'support': 123.0}, 'weighted avg': {'precision': 0.5308814660948807, 'recall': 0.4878048780487805, 'f1-score': 0.4593359924722497, 'support': 123.0}}","[[41 13]
 [50 19]]"
741,200,0.05,50,10,gbdt,0.8,0.38646714378659724,0.8,"{'0': {'precision': 0.42857142857142855, 'recall': 0.8333333333333334, 'f1-score': 0.5660377358490566, 'support': 54.0}, '1': {'precision': 0.5, 'recall': 0.13043478260869565, 'f1-score': 0.20689655172413793, 'support': 69.0}, 'accuracy': 0.43902439024390244, 'macro avg': {'precision': 0.4642857142857143, 'recall': 0.4818840579710145, 'f1-score': 0.38646714378659724, 'support': 123.0}, 'weighted avg': {'precision': 0.4686411149825784, 'recall': 0.43902439024390244, 'f1-score': 0.36456829109605343, 'support': 123.0}}","[[45  9]
 [60  9]]"
742,200,0.05,50,10,gbdt,0.8,0.5140293310118529,0.4,"{'0': {'precision': 0.45454545454545453, 'recall': 0.46296296296296297, 'f1-score': 0.45871559633027525, 'support': 54.0}, '1': {'precision': 0.5735294117647058, 'recall': 0.5652173913043478, 'f1-score': 0.5693430656934306, 'support': 69.0}, 'accuracy': 0.5203252032520326, 'macro avg': {'precision': 0.5140374331550802, 'recall': 0.5140901771336553, 'f1-score': 0.5140293310118529, 'support': 123.0}, 'weighted avg': {'precision': 0.5212925524977174, 'recall': 0.5203252032520326, 'f1-score': 0.5207749084120453, 'support': 123.0}}","[[25 29]
 [30 39]]"
743,200,0.05,50,10,gbdt,0.8,0.4708774325708433,0.7000000000000001,"{'0': {'precision': 0.45054945054945056, 'recall': 0.7592592592592593, 'f1-score': 0.5655172413793104, 'support': 54.0}, '1': {'precision': 0.59375, 'recall': 0.2753623188405797, 'f1-score': 0.37623762376237624, 'support': 69.0}, 'accuracy': 0.4878048780487805, 'macro avg': {'precision': 0.5221497252747253, 'recall': 0.5173107890499196, 'f1-score': 0.4708774325708433, 'support': 123.0}, 'weighted avg': {'precision': 0.5308814660948807, 'recall': 0.4878048780487805, 'f1-score': 0.4593359924722497, 'support': 123.0}}","[[41 13]
 [50 19]]"
744,200,0.05,50,10,gbdt,1.0,0.38646714378659724,0.8,"{'0': {'precision': 0.42857142857142855, 'recall': 0.8333333333333334, 'f1-score': 0.5660377358490566, 'support': 54.0}, '1': {'precision': 0.5, 'recall': 0.13043478260869565, 'f1-score': 0.20689655172413793, 'support': 69.0}, 'accuracy': 0.43902439024390244, 'macro avg': {'precision': 0.4642857142857143, 'recall': 0.4818840579710145, 'f1-score': 0.38646714378659724, 'support': 123.0}, 'weighted avg': {'precision': 0.4686411149825784, 'recall': 0.43902439024390244, 'f1-score': 0.36456829109605343, 'support': 123.0}}","[[45  9]
 [60  9]]"
745,200,0.05,50,10,gbdt,1.0,0.5140293310118529,0.4,"{'0': {'precision': 0.45454545454545453, 'recall': 0.46296296296296297, 'f1-score': 0.45871559633027525, 'support': 54.0}, '1': {'precision': 0.5735294117647058, 'recall': 0.5652173913043478, 'f1-score': 0.5693430656934306, 'support': 69.0}, 'accuracy': 0.5203252032520326, 'macro avg': {'precision': 0.5140374331550802, 'recall': 0.5140901771336553, 'f1-score': 0.5140293310118529, 'support': 123.0}, 'weighted avg': {'precision': 0.5212925524977174, 'recall': 0.5203252032520326, 'f1-score': 0.5207749084120453, 'support': 123.0}}","[[25 29]
 [30 39]]"
746,200,0.05,50,10,gbdt,1.0,0.4708774325708433,0.7000000000000001,"{'0': {'precision': 0.45054945054945056, 'recall': 0.7592592592592593, 'f1-score': 0.5655172413793104, 'support': 54.0}, '1': {'precision': 0.59375, 'recall': 0.2753623188405797, 'f1-score': 0.37623762376237624, 'support': 69.0}, 'accuracy': 0.4878048780487805, 'macro avg': {'precision': 0.5221497252747253, 'recall': 0.5173107890499196, 'f1-score': 0.4708774325708433, 'support': 123.0}, 'weighted avg': {'precision': 0.5308814660948807, 'recall': 0.4878048780487805, 'f1-score': 0.4593359924722497, 'support': 123.0}}","[[41 13]
 [50 19]]"
747,200,0.05,50,10,dart,0.7,0.4878048780487805,0.5,"{'0': {'precision': 0.43478260869565216, 'recall': 0.5555555555555556, 'f1-score': 0.4878048780487805, 'support': 54.0}, '1': {'precision': 0.5555555555555556, 'recall': 0.43478260869565216, 'f1-score': 0.4878048780487805, 'support': 69.0}, 'accuracy': 0.4878048780487805, 'macro avg': {'precision': 0.49516908212560384, 'recall': 0.49516908212560384, 'f1-score': 0.4878048780487805, 'support': 123.0}, 'weighted avg': {'precision': 0.5025332862024272, 'recall': 0.4878048780487805, 'f1-score': 0.4878048780487805, 'support': 123.0}}","[[30 24]
 [39 30]]"
748,200,0.05,50,10,dart,0.7,0.4662653975363942,0.4,"{'0': {'precision': 0.4, 'recall': 0.2962962962962963, 'f1-score': 0.3404255319148936, 'support': 54.0}, '1': {'precision': 0.5421686746987951, 'recall': 0.6521739130434783, 'f1-score': 0.5921052631578947, 'support': 69.0}, 'accuracy': 0.4959349593495935, 'macro avg': {'precision': 0.4710843373493976, 'recall': 0.4742351046698873, 'f1-score': 0.4662653975363942, 'support': 123.0}, 'weighted avg': {'precision': 0.47975315897737286, 'recall': 0.4959349593495935, 'f1-score': 0.48161172261218693, 'support': 123.0}}","[[16 38]
 [24 45]]"
749,200,0.05,50,10,dart,0.7,0.5013399299113585,0.4,"{'0': {'precision': 0.4444444444444444, 'recall': 0.37037037037037035, 'f1-score': 0.40404040404040403, 'support': 54.0}, '1': {'precision': 0.5641025641025641, 'recall': 0.6376811594202898, 'f1-score': 0.5986394557823129, 'support': 69.0}, 'accuracy': 0.5203252032520326, 'macro avg': {'precision': 0.5042735042735043, 'recall': 0.5040257648953301, 'f1-score': 0.5013399299113585, 'support': 123.0}, 'weighted avg': {'precision': 0.5115697310819262, 'recall': 0.5203252032520325, 'f1-score': 0.5132057257492797, 'support': 123.0}}","[[20 34]
 [25 44]]"
750,200,0.05,50,10,dart,0.8,0.4878048780487805,0.5,"{'0': {'precision': 0.43478260869565216, 'recall': 0.5555555555555556, 'f1-score': 0.4878048780487805, 'support': 54.0}, '1': {'precision': 0.5555555555555556, 'recall': 0.43478260869565216, 'f1-score': 0.4878048780487805, 'support': 69.0}, 'accuracy': 0.4878048780487805, 'macro avg': {'precision': 0.49516908212560384, 'recall': 0.49516908212560384, 'f1-score': 0.4878048780487805, 'support': 123.0}, 'weighted avg': {'precision': 0.5025332862024272, 'recall': 0.4878048780487805, 'f1-score': 0.4878048780487805, 'support': 123.0}}","[[30 24]
 [39 30]]"
751,200,0.05,50,10,dart,0.8,0.4662653975363942,0.4,"{'0': {'precision': 0.4, 'recall': 0.2962962962962963, 'f1-score': 0.3404255319148936, 'support': 54.0}, '1': {'precision': 0.5421686746987951, 'recall': 0.6521739130434783, 'f1-score': 0.5921052631578947, 'support': 69.0}, 'accuracy': 0.4959349593495935, 'macro avg': {'precision': 0.4710843373493976, 'recall': 0.4742351046698873, 'f1-score': 0.4662653975363942, 'support': 123.0}, 'weighted avg': {'precision': 0.47975315897737286, 'recall': 0.4959349593495935, 'f1-score': 0.48161172261218693, 'support': 123.0}}","[[16 38]
 [24 45]]"
752,200,0.05,50,10,dart,0.8,0.5013399299113585,0.4,"{'0': {'precision': 0.4444444444444444, 'recall': 0.37037037037037035, 'f1-score': 0.40404040404040403, 'support': 54.0}, '1': {'precision': 0.5641025641025641, 'recall': 0.6376811594202898, 'f1-score': 0.5986394557823129, 'support': 69.0}, 'accuracy': 0.5203252032520326, 'macro avg': {'precision': 0.5042735042735043, 'recall': 0.5040257648953301, 'f1-score': 0.5013399299113585, 'support': 123.0}, 'weighted avg': {'precision': 0.5115697310819262, 'recall': 0.5203252032520325, 'f1-score': 0.5132057257492797, 'support': 123.0}}","[[20 34]
 [25 44]]"
753,200,0.05,50,10,dart,1.0,0.4878048780487805,0.5,"{'0': {'precision': 0.43478260869565216, 'recall': 0.5555555555555556, 'f1-score': 0.4878048780487805, 'support': 54.0}, '1': {'precision': 0.5555555555555556, 'recall': 0.43478260869565216, 'f1-score': 0.4878048780487805, 'support': 69.0}, 'accuracy': 0.4878048780487805, 'macro avg': {'precision': 0.49516908212560384, 'recall': 0.49516908212560384, 'f1-score': 0.4878048780487805, 'support': 123.0}, 'weighted avg': {'precision': 0.5025332862024272, 'recall': 0.4878048780487805, 'f1-score': 0.4878048780487805, 'support': 123.0}}","[[30 24]
 [39 30]]"
754,200,0.05,50,10,dart,1.0,0.4662653975363942,0.4,"{'0': {'precision': 0.4, 'recall': 0.2962962962962963, 'f1-score': 0.3404255319148936, 'support': 54.0}, '1': {'precision': 0.5421686746987951, 'recall': 0.6521739130434783, 'f1-score': 0.5921052631578947, 'support': 69.0}, 'accuracy': 0.4959349593495935, 'macro avg': {'precision': 0.4710843373493976, 'recall': 0.4742351046698873, 'f1-score': 0.4662653975363942, 'support': 123.0}, 'weighted avg': {'precision': 0.47975315897737286, 'recall': 0.4959349593495935, 'f1-score': 0.48161172261218693, 'support': 123.0}}","[[16 38]
 [24 45]]"
755,200,0.05,50,10,dart,1.0,0.5013399299113585,0.4,"{'0': {'precision': 0.4444444444444444, 'recall': 0.37037037037037035, 'f1-score': 0.40404040404040403, 'support': 54.0}, '1': {'precision': 0.5641025641025641, 'recall': 0.6376811594202898, 'f1-score': 0.5986394557823129, 'support': 69.0}, 'accuracy': 0.5203252032520326, 'macro avg': {'precision': 0.5042735042735043, 'recall': 0.5040257648953301, 'f1-score': 0.5013399299113585, 'support': 123.0}, 'weighted avg': {'precision': 0.5115697310819262, 'recall': 0.5203252032520325, 'f1-score': 0.5132057257492797, 'support': 123.0}}","[[20 34]
 [25 44]]"
756,200,0.05,70,-1,gbdt,0.7,0.4796404019037546,0.5,"{'0': {'precision': 0.42857142857142855, 'recall': 0.5555555555555556, 'f1-score': 0.4838709677419355, 'support': 54.0}, '1': {'precision': 0.5471698113207547, 'recall': 0.42028985507246375, 'f1-score': 0.47540983606557374, 'support': 69.0}, 'accuracy': 0.4796747967479675, 'macro avg': {'precision': 0.4878706199460916, 'recall': 0.48792270531400966, 'f1-score': 0.4796404019037546, 'support': 123.0}, 'weighted avg': {'precision': 0.49510222865031883, 'recall': 0.4796747967479675, 'f1-score': 0.4791244792405618, 'support': 123.0}}","[[30 24]
 [40 29]]"
757,200,0.05,70,-1,gbdt,0.7,0.5231283422459893,0.4,"{'0': {'precision': 0.4642857142857143, 'recall': 0.48148148148148145, 'f1-score': 0.4727272727272727, 'support': 54.0}, '1': {'precision': 0.582089552238806, 'recall': 0.5652173913043478, 'f1-score': 0.5735294117647058, 'support': 69.0}, 'accuracy': 0.5284552845528455, 'macro avg': {'precision': 0.5231876332622601, 'recall': 0.5233494363929146, 'f1-score': 0.5231283422459893, 'support': 123.0}, 'weighted avg': {'precision': 0.5303707941130584, 'recall': 0.5284552845528455, 'f1-score': 0.5292748141385156, 'support': 123.0}}","[[26 28]
 [30 39]]"
758,200,0.05,70,-1,gbdt,0.7,0.4708774325708433,0.7000000000000001,"{'0': {'precision': 0.45054945054945056, 'recall': 0.7592592592592593, 'f1-score': 0.5655172413793104, 'support': 54.0}, '1': {'precision': 0.59375, 'recall': 0.2753623188405797, 'f1-score': 0.37623762376237624, 'support': 69.0}, 'accuracy': 0.4878048780487805, 'macro avg': {'precision': 0.5221497252747253, 'recall': 0.5173107890499196, 'f1-score': 0.4708774325708433, 'support': 123.0}, 'weighted avg': {'precision': 0.5308814660948807, 'recall': 0.4878048780487805, 'f1-score': 0.4593359924722497, 'support': 123.0}}","[[41 13]
 [50 19]]"
759,200,0.05,70,-1,gbdt,0.8,0.4796404019037546,0.5,"{'0': {'precision': 0.42857142857142855, 'recall': 0.5555555555555556, 'f1-score': 0.4838709677419355, 'support': 54.0}, '1': {'precision': 0.5471698113207547, 'recall': 0.42028985507246375, 'f1-score': 0.47540983606557374, 'support': 69.0}, 'accuracy': 0.4796747967479675, 'macro avg': {'precision': 0.4878706199460916, 'recall': 0.48792270531400966, 'f1-score': 0.4796404019037546, 'support': 123.0}, 'weighted avg': {'precision': 0.49510222865031883, 'recall': 0.4796747967479675, 'f1-score': 0.4791244792405618, 'support': 123.0}}","[[30 24]
 [40 29]]"
760,200,0.05,70,-1,gbdt,0.8,0.5231283422459893,0.4,"{'0': {'precision': 0.4642857142857143, 'recall': 0.48148148148148145, 'f1-score': 0.4727272727272727, 'support': 54.0}, '1': {'precision': 0.582089552238806, 'recall': 0.5652173913043478, 'f1-score': 0.5735294117647058, 'support': 69.0}, 'accuracy': 0.5284552845528455, 'macro avg': {'precision': 0.5231876332622601, 'recall': 0.5233494363929146, 'f1-score': 0.5231283422459893, 'support': 123.0}, 'weighted avg': {'precision': 0.5303707941130584, 'recall': 0.5284552845528455, 'f1-score': 0.5292748141385156, 'support': 123.0}}","[[26 28]
 [30 39]]"
761,200,0.05,70,-1,gbdt,0.8,0.4708774325708433,0.7000000000000001,"{'0': {'precision': 0.45054945054945056, 'recall': 0.7592592592592593, 'f1-score': 0.5655172413793104, 'support': 54.0}, '1': {'precision': 0.59375, 'recall': 0.2753623188405797, 'f1-score': 0.37623762376237624, 'support': 69.0}, 'accuracy': 0.4878048780487805, 'macro avg': {'precision': 0.5221497252747253, 'recall': 0.5173107890499196, 'f1-score': 0.4708774325708433, 'support': 123.0}, 'weighted avg': {'precision': 0.5308814660948807, 'recall': 0.4878048780487805, 'f1-score': 0.4593359924722497, 'support': 123.0}}","[[41 13]
 [50 19]]"
762,200,0.05,70,-1,gbdt,1.0,0.4796404019037546,0.5,"{'0': {'precision': 0.42857142857142855, 'recall': 0.5555555555555556, 'f1-score': 0.4838709677419355, 'support': 54.0}, '1': {'precision': 0.5471698113207547, 'recall': 0.42028985507246375, 'f1-score': 0.47540983606557374, 'support': 69.0}, 'accuracy': 0.4796747967479675, 'macro avg': {'precision': 0.4878706199460916, 'recall': 0.48792270531400966, 'f1-score': 0.4796404019037546, 'support': 123.0}, 'weighted avg': {'precision': 0.49510222865031883, 'recall': 0.4796747967479675, 'f1-score': 0.4791244792405618, 'support': 123.0}}","[[30 24]
 [40 29]]"
763,200,0.05,70,-1,gbdt,1.0,0.5231283422459893,0.4,"{'0': {'precision': 0.4642857142857143, 'recall': 0.48148148148148145, 'f1-score': 0.4727272727272727, 'support': 54.0}, '1': {'precision': 0.582089552238806, 'recall': 0.5652173913043478, 'f1-score': 0.5735294117647058, 'support': 69.0}, 'accuracy': 0.5284552845528455, 'macro avg': {'precision': 0.5231876332622601, 'recall': 0.5233494363929146, 'f1-score': 0.5231283422459893, 'support': 123.0}, 'weighted avg': {'precision': 0.5303707941130584, 'recall': 0.5284552845528455, 'f1-score': 0.5292748141385156, 'support': 123.0}}","[[26 28]
 [30 39]]"
764,200,0.05,70,-1,gbdt,1.0,0.4708774325708433,0.7000000000000001,"{'0': {'precision': 0.45054945054945056, 'recall': 0.7592592592592593, 'f1-score': 0.5655172413793104, 'support': 54.0}, '1': {'precision': 0.59375, 'recall': 0.2753623188405797, 'f1-score': 0.37623762376237624, 'support': 69.0}, 'accuracy': 0.4878048780487805, 'macro avg': {'precision': 0.5221497252747253, 'recall': 0.5173107890499196, 'f1-score': 0.4708774325708433, 'support': 123.0}, 'weighted avg': {'precision': 0.5308814660948807, 'recall': 0.4878048780487805, 'f1-score': 0.4593359924722497, 'support': 123.0}}","[[41 13]
 [50 19]]"
765,200,0.05,70,-1,dart,0.7,0.4878048780487805,0.5,"{'0': {'precision': 0.43478260869565216, 'recall': 0.5555555555555556, 'f1-score': 0.4878048780487805, 'support': 54.0}, '1': {'precision': 0.5555555555555556, 'recall': 0.43478260869565216, 'f1-score': 0.4878048780487805, 'support': 69.0}, 'accuracy': 0.4878048780487805, 'macro avg': {'precision': 0.49516908212560384, 'recall': 0.49516908212560384, 'f1-score': 0.4878048780487805, 'support': 123.0}, 'weighted avg': {'precision': 0.5025332862024272, 'recall': 0.4878048780487805, 'f1-score': 0.4878048780487805, 'support': 123.0}}","[[30 24]
 [39 30]]"
766,200,0.05,70,-1,dart,0.7,0.4662653975363942,0.4,"{'0': {'precision': 0.4, 'recall': 0.2962962962962963, 'f1-score': 0.3404255319148936, 'support': 54.0}, '1': {'precision': 0.5421686746987951, 'recall': 0.6521739130434783, 'f1-score': 0.5921052631578947, 'support': 69.0}, 'accuracy': 0.4959349593495935, 'macro avg': {'precision': 0.4710843373493976, 'recall': 0.4742351046698873, 'f1-score': 0.4662653975363942, 'support': 123.0}, 'weighted avg': {'precision': 0.47975315897737286, 'recall': 0.4959349593495935, 'f1-score': 0.48161172261218693, 'support': 123.0}}","[[16 38]
 [24 45]]"
767,200,0.05,70,-1,dart,0.7,0.5013399299113585,0.4,"{'0': {'precision': 0.4444444444444444, 'recall': 0.37037037037037035, 'f1-score': 0.40404040404040403, 'support': 54.0}, '1': {'precision': 0.5641025641025641, 'recall': 0.6376811594202898, 'f1-score': 0.5986394557823129, 'support': 69.0}, 'accuracy': 0.5203252032520326, 'macro avg': {'precision': 0.5042735042735043, 'recall': 0.5040257648953301, 'f1-score': 0.5013399299113585, 'support': 123.0}, 'weighted avg': {'precision': 0.5115697310819262, 'recall': 0.5203252032520325, 'f1-score': 0.5132057257492797, 'support': 123.0}}","[[20 34]
 [25 44]]"
768,200,0.05,70,-1,dart,0.8,0.4878048780487805,0.5,"{'0': {'precision': 0.43478260869565216, 'recall': 0.5555555555555556, 'f1-score': 0.4878048780487805, 'support': 54.0}, '1': {'precision': 0.5555555555555556, 'recall': 0.43478260869565216, 'f1-score': 0.4878048780487805, 'support': 69.0}, 'accuracy': 0.4878048780487805, 'macro avg': {'precision': 0.49516908212560384, 'recall': 0.49516908212560384, 'f1-score': 0.4878048780487805, 'support': 123.0}, 'weighted avg': {'precision': 0.5025332862024272, 'recall': 0.4878048780487805, 'f1-score': 0.4878048780487805, 'support': 123.0}}","[[30 24]
 [39 30]]"
769,200,0.05,70,-1,dart,0.8,0.4662653975363942,0.4,"{'0': {'precision': 0.4, 'recall': 0.2962962962962963, 'f1-score': 0.3404255319148936, 'support': 54.0}, '1': {'precision': 0.5421686746987951, 'recall': 0.6521739130434783, 'f1-score': 0.5921052631578947, 'support': 69.0}, 'accuracy': 0.4959349593495935, 'macro avg': {'precision': 0.4710843373493976, 'recall': 0.4742351046698873, 'f1-score': 0.4662653975363942, 'support': 123.0}, 'weighted avg': {'precision': 0.47975315897737286, 'recall': 0.4959349593495935, 'f1-score': 0.48161172261218693, 'support': 123.0}}","[[16 38]
 [24 45]]"
770,200,0.05,70,-1,dart,0.8,0.5013399299113585,0.4,"{'0': {'precision': 0.4444444444444444, 'recall': 0.37037037037037035, 'f1-score': 0.40404040404040403, 'support': 54.0}, '1': {'precision': 0.5641025641025641, 'recall': 0.6376811594202898, 'f1-score': 0.5986394557823129, 'support': 69.0}, 'accuracy': 0.5203252032520326, 'macro avg': {'precision': 0.5042735042735043, 'recall': 0.5040257648953301, 'f1-score': 0.5013399299113585, 'support': 123.0}, 'weighted avg': {'precision': 0.5115697310819262, 'recall': 0.5203252032520325, 'f1-score': 0.5132057257492797, 'support': 123.0}}","[[20 34]
 [25 44]]"
771,200,0.05,70,-1,dart,1.0,0.4878048780487805,0.5,"{'0': {'precision': 0.43478260869565216, 'recall': 0.5555555555555556, 'f1-score': 0.4878048780487805, 'support': 54.0}, '1': {'precision': 0.5555555555555556, 'recall': 0.43478260869565216, 'f1-score': 0.4878048780487805, 'support': 69.0}, 'accuracy': 0.4878048780487805, 'macro avg': {'precision': 0.49516908212560384, 'recall': 0.49516908212560384, 'f1-score': 0.4878048780487805, 'support': 123.0}, 'weighted avg': {'precision': 0.5025332862024272, 'recall': 0.4878048780487805, 'f1-score': 0.4878048780487805, 'support': 123.0}}","[[30 24]
 [39 30]]"
772,200,0.05,70,-1,dart,1.0,0.4662653975363942,0.4,"{'0': {'precision': 0.4, 'recall': 0.2962962962962963, 'f1-score': 0.3404255319148936, 'support': 54.0}, '1': {'precision': 0.5421686746987951, 'recall': 0.6521739130434783, 'f1-score': 0.5921052631578947, 'support': 69.0}, 'accuracy': 0.4959349593495935, 'macro avg': {'precision': 0.4710843373493976, 'recall': 0.4742351046698873, 'f1-score': 0.4662653975363942, 'support': 123.0}, 'weighted avg': {'precision': 0.47975315897737286, 'recall': 0.4959349593495935, 'f1-score': 0.48161172261218693, 'support': 123.0}}","[[16 38]
 [24 45]]"
773,200,0.05,70,-1,dart,1.0,0.5013399299113585,0.4,"{'0': {'precision': 0.4444444444444444, 'recall': 0.37037037037037035, 'f1-score': 0.40404040404040403, 'support': 54.0}, '1': {'precision': 0.5641025641025641, 'recall': 0.6376811594202898, 'f1-score': 0.5986394557823129, 'support': 69.0}, 'accuracy': 0.5203252032520326, 'macro avg': {'precision': 0.5042735042735043, 'recall': 0.5040257648953301, 'f1-score': 0.5013399299113585, 'support': 123.0}, 'weighted avg': {'precision': 0.5115697310819262, 'recall': 0.5203252032520325, 'f1-score': 0.5132057257492797, 'support': 123.0}}","[[20 34]
 [25 44]]"
774,200,0.05,70,5,gbdt,0.7,0.5066844919786097,0.4,"{'0': {'precision': 0.44642857142857145, 'recall': 0.46296296296296297, 'f1-score': 0.45454545454545453, 'support': 54.0}, '1': {'precision': 0.5671641791044776, 'recall': 0.5507246376811594, 'f1-score': 0.5588235294117647, 'support': 69.0}, 'accuracy': 0.5121951219512195, 'macro avg': {'precision': 0.5067963752665245, 'recall': 0.5068438003220612, 'f1-score': 0.5066844919786097, 'support': 123.0}, 'weighted avg': {'precision': 0.5141583025638359, 'recall': 0.5121951219512195, 'f1-score': 0.5130429111777749, 'support': 123.0}}","[[25 29]
 [31 38]]"
775,200,0.05,70,5,gbdt,0.7,0.5019581812147361,0.4,"{'0': {'precision': 0.4426229508196721, 'recall': 0.5, 'f1-score': 0.46956521739130436, 'support': 54.0}, '1': {'precision': 0.5645161290322581, 'recall': 0.5072463768115942, 'f1-score': 0.5343511450381679, 'support': 69.0}, 'accuracy': 0.5040650406504065, 'macro avg': {'precision': 0.5035695399259651, 'recall': 0.5036231884057971, 'f1-score': 0.5019581812147361, 'support': 123.0}, 'weighted avg': {'precision': 0.5110020507925862, 'recall': 0.5040650406504065, 'f1-score': 0.5059085426566181, 'support': 123.0}}","[[27 27]
 [34 35]]"
776,200,0.05,70,5,gbdt,0.7,0.5157157157157157,0.4,"{'0': {'precision': 0.45614035087719296, 'recall': 0.48148148148148145, 'f1-score': 0.46846846846846846, 'support': 54.0}, '1': {'precision': 0.5757575757575758, 'recall': 0.5507246376811594, 'f1-score': 0.562962962962963, 'support': 69.0}, 'accuracy': 0.5203252032520326, 'macro avg': {'precision': 0.5159489633173844, 'recall': 0.5161030595813204, 'f1-score': 0.5157157157157157, 'support': 123.0}, 'weighted avg': {'precision': 0.523242696541798, 'recall': 0.5203252032520326, 'f1-score': 0.5214775751361118, 'support': 123.0}}","[[26 28]
 [31 38]]"
777,200,0.05,70,5,gbdt,0.8,0.5066844919786097,0.4,"{'0': {'precision': 0.44642857142857145, 'recall': 0.46296296296296297, 'f1-score': 0.45454545454545453, 'support': 54.0}, '1': {'precision': 0.5671641791044776, 'recall': 0.5507246376811594, 'f1-score': 0.5588235294117647, 'support': 69.0}, 'accuracy': 0.5121951219512195, 'macro avg': {'precision': 0.5067963752665245, 'recall': 0.5068438003220612, 'f1-score': 0.5066844919786097, 'support': 123.0}, 'weighted avg': {'precision': 0.5141583025638359, 'recall': 0.5121951219512195, 'f1-score': 0.5130429111777749, 'support': 123.0}}","[[25 29]
 [31 38]]"
778,200,0.05,70,5,gbdt,0.8,0.5019581812147361,0.4,"{'0': {'precision': 0.4426229508196721, 'recall': 0.5, 'f1-score': 0.46956521739130436, 'support': 54.0}, '1': {'precision': 0.5645161290322581, 'recall': 0.5072463768115942, 'f1-score': 0.5343511450381679, 'support': 69.0}, 'accuracy': 0.5040650406504065, 'macro avg': {'precision': 0.5035695399259651, 'recall': 0.5036231884057971, 'f1-score': 0.5019581812147361, 'support': 123.0}, 'weighted avg': {'precision': 0.5110020507925862, 'recall': 0.5040650406504065, 'f1-score': 0.5059085426566181, 'support': 123.0}}","[[27 27]
 [34 35]]"
779,200,0.05,70,5,gbdt,0.8,0.5157157157157157,0.4,"{'0': {'precision': 0.45614035087719296, 'recall': 0.48148148148148145, 'f1-score': 0.46846846846846846, 'support': 54.0}, '1': {'precision': 0.5757575757575758, 'recall': 0.5507246376811594, 'f1-score': 0.562962962962963, 'support': 69.0}, 'accuracy': 0.5203252032520326, 'macro avg': {'precision': 0.5159489633173844, 'recall': 0.5161030595813204, 'f1-score': 0.5157157157157157, 'support': 123.0}, 'weighted avg': {'precision': 0.523242696541798, 'recall': 0.5203252032520326, 'f1-score': 0.5214775751361118, 'support': 123.0}}","[[26 28]
 [31 38]]"
780,200,0.05,70,5,gbdt,1.0,0.5066844919786097,0.4,"{'0': {'precision': 0.44642857142857145, 'recall': 0.46296296296296297, 'f1-score': 0.45454545454545453, 'support': 54.0}, '1': {'precision': 0.5671641791044776, 'recall': 0.5507246376811594, 'f1-score': 0.5588235294117647, 'support': 69.0}, 'accuracy': 0.5121951219512195, 'macro avg': {'precision': 0.5067963752665245, 'recall': 0.5068438003220612, 'f1-score': 0.5066844919786097, 'support': 123.0}, 'weighted avg': {'precision': 0.5141583025638359, 'recall': 0.5121951219512195, 'f1-score': 0.5130429111777749, 'support': 123.0}}","[[25 29]
 [31 38]]"
781,200,0.05,70,5,gbdt,1.0,0.5019581812147361,0.4,"{'0': {'precision': 0.4426229508196721, 'recall': 0.5, 'f1-score': 0.46956521739130436, 'support': 54.0}, '1': {'precision': 0.5645161290322581, 'recall': 0.5072463768115942, 'f1-score': 0.5343511450381679, 'support': 69.0}, 'accuracy': 0.5040650406504065, 'macro avg': {'precision': 0.5035695399259651, 'recall': 0.5036231884057971, 'f1-score': 0.5019581812147361, 'support': 123.0}, 'weighted avg': {'precision': 0.5110020507925862, 'recall': 0.5040650406504065, 'f1-score': 0.5059085426566181, 'support': 123.0}}","[[27 27]
 [34 35]]"
782,200,0.05,70,5,gbdt,1.0,0.5157157157157157,0.4,"{'0': {'precision': 0.45614035087719296, 'recall': 0.48148148148148145, 'f1-score': 0.46846846846846846, 'support': 54.0}, '1': {'precision': 0.5757575757575758, 'recall': 0.5507246376811594, 'f1-score': 0.562962962962963, 'support': 69.0}, 'accuracy': 0.5203252032520326, 'macro avg': {'precision': 0.5159489633173844, 'recall': 0.5161030595813204, 'f1-score': 0.5157157157157157, 'support': 123.0}, 'weighted avg': {'precision': 0.523242696541798, 'recall': 0.5203252032520326, 'f1-score': 0.5214775751361118, 'support': 123.0}}","[[26 28]
 [31 38]]"
783,200,0.05,70,5,dart,0.7,0.4834826427771557,0.4,"{'0': {'precision': 0.425, 'recall': 0.3148148148148148, 'f1-score': 0.3617021276595745, 'support': 54.0}, '1': {'precision': 0.5542168674698795, 'recall': 0.6666666666666666, 'f1-score': 0.6052631578947368, 'support': 69.0}, 'accuracy': 0.5121951219512195, 'macro avg': {'precision': 0.4896084337349398, 'recall': 0.4907407407407407, 'f1-score': 0.4834826427771557, 'support': 123.0}, 'weighted avg': {'precision': 0.4974875110196885, 'recall': 0.5121951219512195, 'f1-score': 0.498333925108568, 'support': 123.0}}","[[17 37]
 [23 46]]"
784,200,0.05,70,5,dart,0.7,0.4793650793650793,0.5,"{'0': {'precision': 0.42424242424242425, 'recall': 0.5185185185185185, 'f1-score': 0.4666666666666667, 'support': 54.0}, '1': {'precision': 0.543859649122807, 'recall': 0.4492753623188406, 'f1-score': 0.49206349206349204, 'support': 69.0}, 'accuracy': 0.4796747967479675, 'macro avg': {'precision': 0.4840510366826156, 'recall': 0.48389694041867953, 'f1-score': 0.4793650793650793, 'support': 123.0}, 'weighted avg': {'precision': 0.4913447699070292, 'recall': 0.4796747967479675, 'f1-score': 0.4809136662795199, 'support': 123.0}}","[[28 26]
 [38 31]]"
785,200,0.05,70,5,dart,0.7,0.5121628767847699,0.5,"{'0': {'precision': 0.45714285714285713, 'recall': 0.5925925925925926, 'f1-score': 0.5161290322580645, 'support': 54.0}, '1': {'precision': 0.5849056603773585, 'recall': 0.4492753623188406, 'f1-score': 0.5081967213114754, 'support': 69.0}, 'accuracy': 0.5121951219512195, 'macro avg': {'precision': 0.5210242587601078, 'recall': 0.5209339774557166, 'f1-score': 0.5121628767847699, 'support': 123.0}, 'weighted avg': {'precision': 0.5288146735914799, 'recall': 0.5121951219512195, 'f1-score': 0.5116791992880267, 'support': 123.0}}","[[32 22]
 [38 31]]"
786,200,0.05,70,5,dart,0.8,0.4834826427771557,0.4,"{'0': {'precision': 0.425, 'recall': 0.3148148148148148, 'f1-score': 0.3617021276595745, 'support': 54.0}, '1': {'precision': 0.5542168674698795, 'recall': 0.6666666666666666, 'f1-score': 0.6052631578947368, 'support': 69.0}, 'accuracy': 0.5121951219512195, 'macro avg': {'precision': 0.4896084337349398, 'recall': 0.4907407407407407, 'f1-score': 0.4834826427771557, 'support': 123.0}, 'weighted avg': {'precision': 0.4974875110196885, 'recall': 0.5121951219512195, 'f1-score': 0.498333925108568, 'support': 123.0}}","[[17 37]
 [23 46]]"
787,200,0.05,70,5,dart,0.8,0.4793650793650793,0.5,"{'0': {'precision': 0.42424242424242425, 'recall': 0.5185185185185185, 'f1-score': 0.4666666666666667, 'support': 54.0}, '1': {'precision': 0.543859649122807, 'recall': 0.4492753623188406, 'f1-score': 0.49206349206349204, 'support': 69.0}, 'accuracy': 0.4796747967479675, 'macro avg': {'precision': 0.4840510366826156, 'recall': 0.48389694041867953, 'f1-score': 0.4793650793650793, 'support': 123.0}, 'weighted avg': {'precision': 0.4913447699070292, 'recall': 0.4796747967479675, 'f1-score': 0.4809136662795199, 'support': 123.0}}","[[28 26]
 [38 31]]"
788,200,0.05,70,5,dart,0.8,0.5121628767847699,0.5,"{'0': {'precision': 0.45714285714285713, 'recall': 0.5925925925925926, 'f1-score': 0.5161290322580645, 'support': 54.0}, '1': {'precision': 0.5849056603773585, 'recall': 0.4492753623188406, 'f1-score': 0.5081967213114754, 'support': 69.0}, 'accuracy': 0.5121951219512195, 'macro avg': {'precision': 0.5210242587601078, 'recall': 0.5209339774557166, 'f1-score': 0.5121628767847699, 'support': 123.0}, 'weighted avg': {'precision': 0.5288146735914799, 'recall': 0.5121951219512195, 'f1-score': 0.5116791992880267, 'support': 123.0}}","[[32 22]
 [38 31]]"
789,200,0.05,70,5,dart,1.0,0.4834826427771557,0.4,"{'0': {'precision': 0.425, 'recall': 0.3148148148148148, 'f1-score': 0.3617021276595745, 'support': 54.0}, '1': {'precision': 0.5542168674698795, 'recall': 0.6666666666666666, 'f1-score': 0.6052631578947368, 'support': 69.0}, 'accuracy': 0.5121951219512195, 'macro avg': {'precision': 0.4896084337349398, 'recall': 0.4907407407407407, 'f1-score': 0.4834826427771557, 'support': 123.0}, 'weighted avg': {'precision': 0.4974875110196885, 'recall': 0.5121951219512195, 'f1-score': 0.498333925108568, 'support': 123.0}}","[[17 37]
 [23 46]]"
790,200,0.05,70,5,dart,1.0,0.4793650793650793,0.5,"{'0': {'precision': 0.42424242424242425, 'recall': 0.5185185185185185, 'f1-score': 0.4666666666666667, 'support': 54.0}, '1': {'precision': 0.543859649122807, 'recall': 0.4492753623188406, 'f1-score': 0.49206349206349204, 'support': 69.0}, 'accuracy': 0.4796747967479675, 'macro avg': {'precision': 0.4840510366826156, 'recall': 0.48389694041867953, 'f1-score': 0.4793650793650793, 'support': 123.0}, 'weighted avg': {'precision': 0.4913447699070292, 'recall': 0.4796747967479675, 'f1-score': 0.4809136662795199, 'support': 123.0}}","[[28 26]
 [38 31]]"
791,200,0.05,70,5,dart,1.0,0.5121628767847699,0.5,"{'0': {'precision': 0.45714285714285713, 'recall': 0.5925925925925926, 'f1-score': 0.5161290322580645, 'support': 54.0}, '1': {'precision': 0.5849056603773585, 'recall': 0.4492753623188406, 'f1-score': 0.5081967213114754, 'support': 69.0}, 'accuracy': 0.5121951219512195, 'macro avg': {'precision': 0.5210242587601078, 'recall': 0.5209339774557166, 'f1-score': 0.5121628767847699, 'support': 123.0}, 'weighted avg': {'precision': 0.5288146735914799, 'recall': 0.5121951219512195, 'f1-score': 0.5116791992880267, 'support': 123.0}}","[[32 22]
 [38 31]]"
792,200,0.05,70,10,gbdt,0.7,0.38646714378659724,0.8,"{'0': {'precision': 0.42857142857142855, 'recall': 0.8333333333333334, 'f1-score': 0.5660377358490566, 'support': 54.0}, '1': {'precision': 0.5, 'recall': 0.13043478260869565, 'f1-score': 0.20689655172413793, 'support': 69.0}, 'accuracy': 0.43902439024390244, 'macro avg': {'precision': 0.4642857142857143, 'recall': 0.4818840579710145, 'f1-score': 0.38646714378659724, 'support': 123.0}, 'weighted avg': {'precision': 0.4686411149825784, 'recall': 0.43902439024390244, 'f1-score': 0.36456829109605343, 'support': 123.0}}","[[45  9]
 [60  9]]"
793,200,0.05,70,10,gbdt,0.7,0.5140293310118529,0.4,"{'0': {'precision': 0.45454545454545453, 'recall': 0.46296296296296297, 'f1-score': 0.45871559633027525, 'support': 54.0}, '1': {'precision': 0.5735294117647058, 'recall': 0.5652173913043478, 'f1-score': 0.5693430656934306, 'support': 69.0}, 'accuracy': 0.5203252032520326, 'macro avg': {'precision': 0.5140374331550802, 'recall': 0.5140901771336553, 'f1-score': 0.5140293310118529, 'support': 123.0}, 'weighted avg': {'precision': 0.5212925524977174, 'recall': 0.5203252032520326, 'f1-score': 0.5207749084120453, 'support': 123.0}}","[[25 29]
 [30 39]]"
794,200,0.05,70,10,gbdt,0.7,0.4708774325708433,0.7000000000000001,"{'0': {'precision': 0.45054945054945056, 'recall': 0.7592592592592593, 'f1-score': 0.5655172413793104, 'support': 54.0}, '1': {'precision': 0.59375, 'recall': 0.2753623188405797, 'f1-score': 0.37623762376237624, 'support': 69.0}, 'accuracy': 0.4878048780487805, 'macro avg': {'precision': 0.5221497252747253, 'recall': 0.5173107890499196, 'f1-score': 0.4708774325708433, 'support': 123.0}, 'weighted avg': {'precision': 0.5308814660948807, 'recall': 0.4878048780487805, 'f1-score': 0.4593359924722497, 'support': 123.0}}","[[41 13]
 [50 19]]"
795,200,0.05,70,10,gbdt,0.8,0.38646714378659724,0.8,"{'0': {'precision': 0.42857142857142855, 'recall': 0.8333333333333334, 'f1-score': 0.5660377358490566, 'support': 54.0}, '1': {'precision': 0.5, 'recall': 0.13043478260869565, 'f1-score': 0.20689655172413793, 'support': 69.0}, 'accuracy': 0.43902439024390244, 'macro avg': {'precision': 0.4642857142857143, 'recall': 0.4818840579710145, 'f1-score': 0.38646714378659724, 'support': 123.0}, 'weighted avg': {'precision': 0.4686411149825784, 'recall': 0.43902439024390244, 'f1-score': 0.36456829109605343, 'support': 123.0}}","[[45  9]
 [60  9]]"
796,200,0.05,70,10,gbdt,0.8,0.5140293310118529,0.4,"{'0': {'precision': 0.45454545454545453, 'recall': 0.46296296296296297, 'f1-score': 0.45871559633027525, 'support': 54.0}, '1': {'precision': 0.5735294117647058, 'recall': 0.5652173913043478, 'f1-score': 0.5693430656934306, 'support': 69.0}, 'accuracy': 0.5203252032520326, 'macro avg': {'precision': 0.5140374331550802, 'recall': 0.5140901771336553, 'f1-score': 0.5140293310118529, 'support': 123.0}, 'weighted avg': {'precision': 0.5212925524977174, 'recall': 0.5203252032520326, 'f1-score': 0.5207749084120453, 'support': 123.0}}","[[25 29]
 [30 39]]"
797,200,0.05,70,10,gbdt,0.8,0.4708774325708433,0.7000000000000001,"{'0': {'precision': 0.45054945054945056, 'recall': 0.7592592592592593, 'f1-score': 0.5655172413793104, 'support': 54.0}, '1': {'precision': 0.59375, 'recall': 0.2753623188405797, 'f1-score': 0.37623762376237624, 'support': 69.0}, 'accuracy': 0.4878048780487805, 'macro avg': {'precision': 0.5221497252747253, 'recall': 0.5173107890499196, 'f1-score': 0.4708774325708433, 'support': 123.0}, 'weighted avg': {'precision': 0.5308814660948807, 'recall': 0.4878048780487805, 'f1-score': 0.4593359924722497, 'support': 123.0}}","[[41 13]
 [50 19]]"
798,200,0.05,70,10,gbdt,1.0,0.38646714378659724,0.8,"{'0': {'precision': 0.42857142857142855, 'recall': 0.8333333333333334, 'f1-score': 0.5660377358490566, 'support': 54.0}, '1': {'precision': 0.5, 'recall': 0.13043478260869565, 'f1-score': 0.20689655172413793, 'support': 69.0}, 'accuracy': 0.43902439024390244, 'macro avg': {'precision': 0.4642857142857143, 'recall': 0.4818840579710145, 'f1-score': 0.38646714378659724, 'support': 123.0}, 'weighted avg': {'precision': 0.4686411149825784, 'recall': 0.43902439024390244, 'f1-score': 0.36456829109605343, 'support': 123.0}}","[[45  9]
 [60  9]]"
799,200,0.05,70,10,gbdt,1.0,0.5140293310118529,0.4,"{'0': {'precision': 0.45454545454545453, 'recall': 0.46296296296296297, 'f1-score': 0.45871559633027525, 'support': 54.0}, '1': {'precision': 0.5735294117647058, 'recall': 0.5652173913043478, 'f1-score': 0.5693430656934306, 'support': 69.0}, 'accuracy': 0.5203252032520326, 'macro avg': {'precision': 0.5140374331550802, 'recall': 0.5140901771336553, 'f1-score': 0.5140293310118529, 'support': 123.0}, 'weighted avg': {'precision': 0.5212925524977174, 'recall': 0.5203252032520326, 'f1-score': 0.5207749084120453, 'support': 123.0}}","[[25 29]
 [30 39]]"
800,200,0.05,70,10,gbdt,1.0,0.4708774325708433,0.7000000000000001,"{'0': {'precision': 0.45054945054945056, 'recall': 0.7592592592592593, 'f1-score': 0.5655172413793104, 'support': 54.0}, '1': {'precision': 0.59375, 'recall': 0.2753623188405797, 'f1-score': 0.37623762376237624, 'support': 69.0}, 'accuracy': 0.4878048780487805, 'macro avg': {'precision': 0.5221497252747253, 'recall': 0.5173107890499196, 'f1-score': 0.4708774325708433, 'support': 123.0}, 'weighted avg': {'precision': 0.5308814660948807, 'recall': 0.4878048780487805, 'f1-score': 0.4593359924722497, 'support': 123.0}}","[[41 13]
 [50 19]]"
801,200,0.05,70,10,dart,0.7,0.4878048780487805,0.5,"{'0': {'precision': 0.43478260869565216, 'recall': 0.5555555555555556, 'f1-score': 0.4878048780487805, 'support': 54.0}, '1': {'precision': 0.5555555555555556, 'recall': 0.43478260869565216, 'f1-score': 0.4878048780487805, 'support': 69.0}, 'accuracy': 0.4878048780487805, 'macro avg': {'precision': 0.49516908212560384, 'recall': 0.49516908212560384, 'f1-score': 0.4878048780487805, 'support': 123.0}, 'weighted avg': {'precision': 0.5025332862024272, 'recall': 0.4878048780487805, 'f1-score': 0.4878048780487805, 'support': 123.0}}","[[30 24]
 [39 30]]"
802,200,0.05,70,10,dart,0.7,0.4662653975363942,0.4,"{'0': {'precision': 0.4, 'recall': 0.2962962962962963, 'f1-score': 0.3404255319148936, 'support': 54.0}, '1': {'precision': 0.5421686746987951, 'recall': 0.6521739130434783, 'f1-score': 0.5921052631578947, 'support': 69.0}, 'accuracy': 0.4959349593495935, 'macro avg': {'precision': 0.4710843373493976, 'recall': 0.4742351046698873, 'f1-score': 0.4662653975363942, 'support': 123.0}, 'weighted avg': {'precision': 0.47975315897737286, 'recall': 0.4959349593495935, 'f1-score': 0.48161172261218693, 'support': 123.0}}","[[16 38]
 [24 45]]"
803,200,0.05,70,10,dart,0.7,0.5013399299113585,0.4,"{'0': {'precision': 0.4444444444444444, 'recall': 0.37037037037037035, 'f1-score': 0.40404040404040403, 'support': 54.0}, '1': {'precision': 0.5641025641025641, 'recall': 0.6376811594202898, 'f1-score': 0.5986394557823129, 'support': 69.0}, 'accuracy': 0.5203252032520326, 'macro avg': {'precision': 0.5042735042735043, 'recall': 0.5040257648953301, 'f1-score': 0.5013399299113585, 'support': 123.0}, 'weighted avg': {'precision': 0.5115697310819262, 'recall': 0.5203252032520325, 'f1-score': 0.5132057257492797, 'support': 123.0}}","[[20 34]
 [25 44]]"
804,200,0.05,70,10,dart,0.8,0.4878048780487805,0.5,"{'0': {'precision': 0.43478260869565216, 'recall': 0.5555555555555556, 'f1-score': 0.4878048780487805, 'support': 54.0}, '1': {'precision': 0.5555555555555556, 'recall': 0.43478260869565216, 'f1-score': 0.4878048780487805, 'support': 69.0}, 'accuracy': 0.4878048780487805, 'macro avg': {'precision': 0.49516908212560384, 'recall': 0.49516908212560384, 'f1-score': 0.4878048780487805, 'support': 123.0}, 'weighted avg': {'precision': 0.5025332862024272, 'recall': 0.4878048780487805, 'f1-score': 0.4878048780487805, 'support': 123.0}}","[[30 24]
 [39 30]]"
805,200,0.05,70,10,dart,0.8,0.4662653975363942,0.4,"{'0': {'precision': 0.4, 'recall': 0.2962962962962963, 'f1-score': 0.3404255319148936, 'support': 54.0}, '1': {'precision': 0.5421686746987951, 'recall': 0.6521739130434783, 'f1-score': 0.5921052631578947, 'support': 69.0}, 'accuracy': 0.4959349593495935, 'macro avg': {'precision': 0.4710843373493976, 'recall': 0.4742351046698873, 'f1-score': 0.4662653975363942, 'support': 123.0}, 'weighted avg': {'precision': 0.47975315897737286, 'recall': 0.4959349593495935, 'f1-score': 0.48161172261218693, 'support': 123.0}}","[[16 38]
 [24 45]]"
806,200,0.05,70,10,dart,0.8,0.5013399299113585,0.4,"{'0': {'precision': 0.4444444444444444, 'recall': 0.37037037037037035, 'f1-score': 0.40404040404040403, 'support': 54.0}, '1': {'precision': 0.5641025641025641, 'recall': 0.6376811594202898, 'f1-score': 0.5986394557823129, 'support': 69.0}, 'accuracy': 0.5203252032520326, 'macro avg': {'precision': 0.5042735042735043, 'recall': 0.5040257648953301, 'f1-score': 0.5013399299113585, 'support': 123.0}, 'weighted avg': {'precision': 0.5115697310819262, 'recall': 0.5203252032520325, 'f1-score': 0.5132057257492797, 'support': 123.0}}","[[20 34]
 [25 44]]"
807,200,0.05,70,10,dart,1.0,0.4878048780487805,0.5,"{'0': {'precision': 0.43478260869565216, 'recall': 0.5555555555555556, 'f1-score': 0.4878048780487805, 'support': 54.0}, '1': {'precision': 0.5555555555555556, 'recall': 0.43478260869565216, 'f1-score': 0.4878048780487805, 'support': 69.0}, 'accuracy': 0.4878048780487805, 'macro avg': {'precision': 0.49516908212560384, 'recall': 0.49516908212560384, 'f1-score': 0.4878048780487805, 'support': 123.0}, 'weighted avg': {'precision': 0.5025332862024272, 'recall': 0.4878048780487805, 'f1-score': 0.4878048780487805, 'support': 123.0}}","[[30 24]
 [39 30]]"
808,200,0.05,70,10,dart,1.0,0.4662653975363942,0.4,"{'0': {'precision': 0.4, 'recall': 0.2962962962962963, 'f1-score': 0.3404255319148936, 'support': 54.0}, '1': {'precision': 0.5421686746987951, 'recall': 0.6521739130434783, 'f1-score': 0.5921052631578947, 'support': 69.0}, 'accuracy': 0.4959349593495935, 'macro avg': {'precision': 0.4710843373493976, 'recall': 0.4742351046698873, 'f1-score': 0.4662653975363942, 'support': 123.0}, 'weighted avg': {'precision': 0.47975315897737286, 'recall': 0.4959349593495935, 'f1-score': 0.48161172261218693, 'support': 123.0}}","[[16 38]
 [24 45]]"
809,200,0.05,70,10,dart,1.0,0.5013399299113585,0.4,"{'0': {'precision': 0.4444444444444444, 'recall': 0.37037037037037035, 'f1-score': 0.40404040404040403, 'support': 54.0}, '1': {'precision': 0.5641025641025641, 'recall': 0.6376811594202898, 'f1-score': 0.5986394557823129, 'support': 69.0}, 'accuracy': 0.5203252032520326, 'macro avg': {'precision': 0.5042735042735043, 'recall': 0.5040257648953301, 'f1-score': 0.5013399299113585, 'support': 123.0}, 'weighted avg': {'precision': 0.5115697310819262, 'recall': 0.5203252032520325, 'f1-score': 0.5132057257492797, 'support': 123.0}}","[[20 34]
 [25 44]]"
810,200,0.1,31,-1,gbdt,0.7,0.48611859838274935,0.30000000000000004,"{'0': {'precision': 0.4230769230769231, 'recall': 0.4074074074074074, 'f1-score': 0.41509433962264153, 'support': 54.0}, '1': {'precision': 0.5492957746478874, 'recall': 0.5652173913043478, 'f1-score': 0.5571428571428572, 'support': 69.0}, 'accuracy': 0.4959349593495935, 'macro avg': {'precision': 0.4861863488624052, 'recall': 0.48631239935587756, 'f1-score': 0.48611859838274935, 'support': 123.0}, 'weighted avg': {'precision': 0.4938826202996592, 'recall': 0.4959349593495935, 'f1-score': 0.49478009335349415, 'support': 123.0}}","[[22 32]
 [30 39]]"
811,200,0.1,31,-1,gbdt,0.7,0.5157157157157157,0.4,"{'0': {'precision': 0.45614035087719296, 'recall': 0.48148148148148145, 'f1-score': 0.46846846846846846, 'support': 54.0}, '1': {'precision': 0.5757575757575758, 'recall': 0.5507246376811594, 'f1-score': 0.562962962962963, 'support': 69.0}, 'accuracy': 0.5203252032520326, 'macro avg': {'precision': 0.5159489633173844, 'recall': 0.5161030595813204, 'f1-score': 0.5157157157157157, 'support': 123.0}, 'weighted avg': {'precision': 0.523242696541798, 'recall': 0.5203252032520326, 'f1-score': 0.5214775751361118, 'support': 123.0}}","[[26 28]
 [31 38]]"
812,200,0.1,31,-1,gbdt,0.7,0.4793650793650793,0.5,"{'0': {'precision': 0.4305555555555556, 'recall': 0.5740740740740741, 'f1-score': 0.49206349206349204, 'support': 54.0}, '1': {'precision': 0.5490196078431373, 'recall': 0.4057971014492754, 'f1-score': 0.4666666666666667, 'support': 69.0}, 'accuracy': 0.4796747967479675, 'macro avg': {'precision': 0.48978758169934644, 'recall': 0.48993558776167473, 'f1-score': 0.4793650793650793, 'support': 123.0}, 'weighted avg': {'precision': 0.4970109995217599, 'recall': 0.4796747967479675, 'f1-score': 0.4778164924506388, 'support': 123.0}}","[[31 23]
 [41 28]]"
813,200,0.1,31,-1,gbdt,0.8,0.48611859838274935,0.30000000000000004,"{'0': {'precision': 0.4230769230769231, 'recall': 0.4074074074074074, 'f1-score': 0.41509433962264153, 'support': 54.0}, '1': {'precision': 0.5492957746478874, 'recall': 0.5652173913043478, 'f1-score': 0.5571428571428572, 'support': 69.0}, 'accuracy': 0.4959349593495935, 'macro avg': {'precision': 0.4861863488624052, 'recall': 0.48631239935587756, 'f1-score': 0.48611859838274935, 'support': 123.0}, 'weighted avg': {'precision': 0.4938826202996592, 'recall': 0.4959349593495935, 'f1-score': 0.49478009335349415, 'support': 123.0}}","[[22 32]
 [30 39]]"
814,200,0.1,31,-1,gbdt,0.8,0.5157157157157157,0.4,"{'0': {'precision': 0.45614035087719296, 'recall': 0.48148148148148145, 'f1-score': 0.46846846846846846, 'support': 54.0}, '1': {'precision': 0.5757575757575758, 'recall': 0.5507246376811594, 'f1-score': 0.562962962962963, 'support': 69.0}, 'accuracy': 0.5203252032520326, 'macro avg': {'precision': 0.5159489633173844, 'recall': 0.5161030595813204, 'f1-score': 0.5157157157157157, 'support': 123.0}, 'weighted avg': {'precision': 0.523242696541798, 'recall': 0.5203252032520326, 'f1-score': 0.5214775751361118, 'support': 123.0}}","[[26 28]
 [31 38]]"
815,200,0.1,31,-1,gbdt,0.8,0.4793650793650793,0.5,"{'0': {'precision': 0.4305555555555556, 'recall': 0.5740740740740741, 'f1-score': 0.49206349206349204, 'support': 54.0}, '1': {'precision': 0.5490196078431373, 'recall': 0.4057971014492754, 'f1-score': 0.4666666666666667, 'support': 69.0}, 'accuracy': 0.4796747967479675, 'macro avg': {'precision': 0.48978758169934644, 'recall': 0.48993558776167473, 'f1-score': 0.4793650793650793, 'support': 123.0}, 'weighted avg': {'precision': 0.4970109995217599, 'recall': 0.4796747967479675, 'f1-score': 0.4778164924506388, 'support': 123.0}}","[[31 23]
 [41 28]]"
816,200,0.1,31,-1,gbdt,1.0,0.48611859838274935,0.30000000000000004,"{'0': {'precision': 0.4230769230769231, 'recall': 0.4074074074074074, 'f1-score': 0.41509433962264153, 'support': 54.0}, '1': {'precision': 0.5492957746478874, 'recall': 0.5652173913043478, 'f1-score': 0.5571428571428572, 'support': 69.0}, 'accuracy': 0.4959349593495935, 'macro avg': {'precision': 0.4861863488624052, 'recall': 0.48631239935587756, 'f1-score': 0.48611859838274935, 'support': 123.0}, 'weighted avg': {'precision': 0.4938826202996592, 'recall': 0.4959349593495935, 'f1-score': 0.49478009335349415, 'support': 123.0}}","[[22 32]
 [30 39]]"
817,200,0.1,31,-1,gbdt,1.0,0.5157157157157157,0.4,"{'0': {'precision': 0.45614035087719296, 'recall': 0.48148148148148145, 'f1-score': 0.46846846846846846, 'support': 54.0}, '1': {'precision': 0.5757575757575758, 'recall': 0.5507246376811594, 'f1-score': 0.562962962962963, 'support': 69.0}, 'accuracy': 0.5203252032520326, 'macro avg': {'precision': 0.5159489633173844, 'recall': 0.5161030595813204, 'f1-score': 0.5157157157157157, 'support': 123.0}, 'weighted avg': {'precision': 0.523242696541798, 'recall': 0.5203252032520326, 'f1-score': 0.5214775751361118, 'support': 123.0}}","[[26 28]
 [31 38]]"
818,200,0.1,31,-1,gbdt,1.0,0.4793650793650793,0.5,"{'0': {'precision': 0.4305555555555556, 'recall': 0.5740740740740741, 'f1-score': 0.49206349206349204, 'support': 54.0}, '1': {'precision': 0.5490196078431373, 'recall': 0.4057971014492754, 'f1-score': 0.4666666666666667, 'support': 69.0}, 'accuracy': 0.4796747967479675, 'macro avg': {'precision': 0.48978758169934644, 'recall': 0.48993558776167473, 'f1-score': 0.4793650793650793, 'support': 123.0}, 'weighted avg': {'precision': 0.4970109995217599, 'recall': 0.4796747967479675, 'f1-score': 0.4778164924506388, 'support': 123.0}}","[[31 23]
 [41 28]]"
819,200,0.1,31,-1,dart,0.7,0.4951006355932204,0.5,"{'0': {'precision': 0.4375, 'recall': 0.5185185185185185, 'f1-score': 0.4745762711864407, 'support': 54.0}, '1': {'precision': 0.559322033898305, 'recall': 0.4782608695652174, 'f1-score': 0.515625, 'support': 69.0}, 'accuracy': 0.4959349593495935, 'macro avg': {'precision': 0.4984110169491525, 'recall': 0.49838969404186795, 'f1-score': 0.4951006355932204, 'support': 123.0}, 'weighted avg': {'precision': 0.5058391897478296, 'recall': 0.4959349593495935, 'f1-score': 0.4976036068623398, 'support': 123.0}}","[[28 26]
 [36 33]]"
820,200,0.1,31,-1,dart,0.7,0.5284241142252777,0.5,"{'0': {'precision': 0.4714285714285714, 'recall': 0.6111111111111112, 'f1-score': 0.532258064516129, 'support': 54.0}, '1': {'precision': 0.6037735849056604, 'recall': 0.463768115942029, 'f1-score': 0.5245901639344263, 'support': 69.0}, 'accuracy': 0.5284552845528455, 'macro avg': {'precision': 0.5376010781671159, 'recall': 0.5374396135265701, 'f1-score': 0.5284241142252777, 'support': 123.0}, 'weighted avg': {'precision': 0.5456708960620603, 'recall': 0.5284552845528455, 'f1-score': 0.5279565593117592, 'support': 123.0}}","[[33 21]
 [37 32]]"
821,200,0.1,31,-1,dart,0.7,0.4718196457326892,0.4,"{'0': {'precision': 0.4074074074074074, 'recall': 0.4074074074074074, 'f1-score': 0.4074074074074074, 'support': 54.0}, '1': {'precision': 0.5362318840579711, 'recall': 0.5362318840579711, 'f1-score': 0.5362318840579711, 'support': 69.0}, 'accuracy': 0.4796747967479675, 'macro avg': {'precision': 0.4718196457326892, 'recall': 0.4718196457326892, 'f1-score': 0.4718196457326892, 'support': 123.0}, 'weighted avg': {'precision': 0.4796747967479675, 'recall': 0.4796747967479675, 'f1-score': 0.4796747967479675, 'support': 123.0}}","[[22 32]
 [32 37]]"
822,200,0.1,31,-1,dart,0.8,0.4951006355932204,0.5,"{'0': {'precision': 0.4375, 'recall': 0.5185185185185185, 'f1-score': 0.4745762711864407, 'support': 54.0}, '1': {'precision': 0.559322033898305, 'recall': 0.4782608695652174, 'f1-score': 0.515625, 'support': 69.0}, 'accuracy': 0.4959349593495935, 'macro avg': {'precision': 0.4984110169491525, 'recall': 0.49838969404186795, 'f1-score': 0.4951006355932204, 'support': 123.0}, 'weighted avg': {'precision': 0.5058391897478296, 'recall': 0.4959349593495935, 'f1-score': 0.4976036068623398, 'support': 123.0}}","[[28 26]
 [36 33]]"
823,200,0.1,31,-1,dart,0.8,0.5284241142252777,0.5,"{'0': {'precision': 0.4714285714285714, 'recall': 0.6111111111111112, 'f1-score': 0.532258064516129, 'support': 54.0}, '1': {'precision': 0.6037735849056604, 'recall': 0.463768115942029, 'f1-score': 0.5245901639344263, 'support': 69.0}, 'accuracy': 0.5284552845528455, 'macro avg': {'precision': 0.5376010781671159, 'recall': 0.5374396135265701, 'f1-score': 0.5284241142252777, 'support': 123.0}, 'weighted avg': {'precision': 0.5456708960620603, 'recall': 0.5284552845528455, 'f1-score': 0.5279565593117592, 'support': 123.0}}","[[33 21]
 [37 32]]"
824,200,0.1,31,-1,dart,0.8,0.4718196457326892,0.4,"{'0': {'precision': 0.4074074074074074, 'recall': 0.4074074074074074, 'f1-score': 0.4074074074074074, 'support': 54.0}, '1': {'precision': 0.5362318840579711, 'recall': 0.5362318840579711, 'f1-score': 0.5362318840579711, 'support': 69.0}, 'accuracy': 0.4796747967479675, 'macro avg': {'precision': 0.4718196457326892, 'recall': 0.4718196457326892, 'f1-score': 0.4718196457326892, 'support': 123.0}, 'weighted avg': {'precision': 0.4796747967479675, 'recall': 0.4796747967479675, 'f1-score': 0.4796747967479675, 'support': 123.0}}","[[22 32]
 [32 37]]"
825,200,0.1,31,-1,dart,1.0,0.4951006355932204,0.5,"{'0': {'precision': 0.4375, 'recall': 0.5185185185185185, 'f1-score': 0.4745762711864407, 'support': 54.0}, '1': {'precision': 0.559322033898305, 'recall': 0.4782608695652174, 'f1-score': 0.515625, 'support': 69.0}, 'accuracy': 0.4959349593495935, 'macro avg': {'precision': 0.4984110169491525, 'recall': 0.49838969404186795, 'f1-score': 0.4951006355932204, 'support': 123.0}, 'weighted avg': {'precision': 0.5058391897478296, 'recall': 0.4959349593495935, 'f1-score': 0.4976036068623398, 'support': 123.0}}","[[28 26]
 [36 33]]"
826,200,0.1,31,-1,dart,1.0,0.5284241142252777,0.5,"{'0': {'precision': 0.4714285714285714, 'recall': 0.6111111111111112, 'f1-score': 0.532258064516129, 'support': 54.0}, '1': {'precision': 0.6037735849056604, 'recall': 0.463768115942029, 'f1-score': 0.5245901639344263, 'support': 69.0}, 'accuracy': 0.5284552845528455, 'macro avg': {'precision': 0.5376010781671159, 'recall': 0.5374396135265701, 'f1-score': 0.5284241142252777, 'support': 123.0}, 'weighted avg': {'precision': 0.5456708960620603, 'recall': 0.5284552845528455, 'f1-score': 0.5279565593117592, 'support': 123.0}}","[[33 21]
 [37 32]]"
827,200,0.1,31,-1,dart,1.0,0.4718196457326892,0.4,"{'0': {'precision': 0.4074074074074074, 'recall': 0.4074074074074074, 'f1-score': 0.4074074074074074, 'support': 54.0}, '1': {'precision': 0.5362318840579711, 'recall': 0.5362318840579711, 'f1-score': 0.5362318840579711, 'support': 69.0}, 'accuracy': 0.4796747967479675, 'macro avg': {'precision': 0.4718196457326892, 'recall': 0.4718196457326892, 'f1-score': 0.4718196457326892, 'support': 123.0}, 'weighted avg': {'precision': 0.4796747967479675, 'recall': 0.4796747967479675, 'f1-score': 0.4796747967479675, 'support': 123.0}}","[[22 32]
 [32 37]]"
828,200,0.1,31,5,gbdt,0.7,0.4779840848806366,0.6000000000000001,"{'0': {'precision': 0.4342105263157895, 'recall': 0.6111111111111112, 'f1-score': 0.5076923076923077, 'support': 54.0}, '1': {'precision': 0.5531914893617021, 'recall': 0.37681159420289856, 'f1-score': 0.4482758620689655, 'support': 69.0}, 'accuracy': 0.4796747967479675, 'macro avg': {'precision': 0.4937010078387458, 'recall': 0.49396135265700486, 'f1-score': 0.4779840848806366, 'support': 123.0}, 'weighted avg': {'precision': 0.5009559446098382, 'recall': 0.4796747967479675, 'f1-score': 0.47436113087921333, 'support': 123.0}}","[[33 21]
 [43 26]]"
829,200,0.1,31,5,gbdt,0.7,0.5524258760107816,0.30000000000000004,"{'0': {'precision': 0.5, 'recall': 0.48148148148148145, 'f1-score': 0.49056603773584906, 'support': 54.0}, '1': {'precision': 0.6056338028169014, 'recall': 0.6231884057971014, 'f1-score': 0.6142857142857143, 'support': 69.0}, 'accuracy': 0.5609756097560976, 'macro avg': {'precision': 0.5528169014084507, 'recall': 0.5523349436392915, 'f1-score': 0.5524258760107816, 'support': 123.0}, 'weighted avg': {'precision': 0.5592579869460667, 'recall': 0.5609756097560976, 'f1-score': 0.5599697587272369, 'support': 123.0}}","[[26 28]
 [26 43]]"
830,200,0.1,31,5,gbdt,0.7,0.48439683278993945,0.6000000000000001,"{'0': {'precision': 0.4430379746835443, 'recall': 0.6481481481481481, 'f1-score': 0.5263157894736842, 'support': 54.0}, '1': {'precision': 0.5681818181818182, 'recall': 0.36231884057971014, 'f1-score': 0.4424778761061947, 'support': 69.0}, 'accuracy': 0.4878048780487805, 'macro avg': {'precision': 0.5056098964326813, 'recall': 0.5052334943639292, 'f1-score': 0.48439683278993945, 'support': 123.0}, 'weighted avg': {'precision': 0.5132406185972103, 'recall': 0.4878048780487805, 'f1-score': 0.4792847649016779, 'support': 123.0}}","[[35 19]
 [44 25]]"
831,200,0.1,31,5,gbdt,0.8,0.4779840848806366,0.6000000000000001,"{'0': {'precision': 0.4342105263157895, 'recall': 0.6111111111111112, 'f1-score': 0.5076923076923077, 'support': 54.0}, '1': {'precision': 0.5531914893617021, 'recall': 0.37681159420289856, 'f1-score': 0.4482758620689655, 'support': 69.0}, 'accuracy': 0.4796747967479675, 'macro avg': {'precision': 0.4937010078387458, 'recall': 0.49396135265700486, 'f1-score': 0.4779840848806366, 'support': 123.0}, 'weighted avg': {'precision': 0.5009559446098382, 'recall': 0.4796747967479675, 'f1-score': 0.47436113087921333, 'support': 123.0}}","[[33 21]
 [43 26]]"
832,200,0.1,31,5,gbdt,0.8,0.5524258760107816,0.30000000000000004,"{'0': {'precision': 0.5, 'recall': 0.48148148148148145, 'f1-score': 0.49056603773584906, 'support': 54.0}, '1': {'precision': 0.6056338028169014, 'recall': 0.6231884057971014, 'f1-score': 0.6142857142857143, 'support': 69.0}, 'accuracy': 0.5609756097560976, 'macro avg': {'precision': 0.5528169014084507, 'recall': 0.5523349436392915, 'f1-score': 0.5524258760107816, 'support': 123.0}, 'weighted avg': {'precision': 0.5592579869460667, 'recall': 0.5609756097560976, 'f1-score': 0.5599697587272369, 'support': 123.0}}","[[26 28]
 [26 43]]"
833,200,0.1,31,5,gbdt,0.8,0.48439683278993945,0.6000000000000001,"{'0': {'precision': 0.4430379746835443, 'recall': 0.6481481481481481, 'f1-score': 0.5263157894736842, 'support': 54.0}, '1': {'precision': 0.5681818181818182, 'recall': 0.36231884057971014, 'f1-score': 0.4424778761061947, 'support': 69.0}, 'accuracy': 0.4878048780487805, 'macro avg': {'precision': 0.5056098964326813, 'recall': 0.5052334943639292, 'f1-score': 0.48439683278993945, 'support': 123.0}, 'weighted avg': {'precision': 0.5132406185972103, 'recall': 0.4878048780487805, 'f1-score': 0.4792847649016779, 'support': 123.0}}","[[35 19]
 [44 25]]"
834,200,0.1,31,5,gbdt,1.0,0.4779840848806366,0.6000000000000001,"{'0': {'precision': 0.4342105263157895, 'recall': 0.6111111111111112, 'f1-score': 0.5076923076923077, 'support': 54.0}, '1': {'precision': 0.5531914893617021, 'recall': 0.37681159420289856, 'f1-score': 0.4482758620689655, 'support': 69.0}, 'accuracy': 0.4796747967479675, 'macro avg': {'precision': 0.4937010078387458, 'recall': 0.49396135265700486, 'f1-score': 0.4779840848806366, 'support': 123.0}, 'weighted avg': {'precision': 0.5009559446098382, 'recall': 0.4796747967479675, 'f1-score': 0.47436113087921333, 'support': 123.0}}","[[33 21]
 [43 26]]"
835,200,0.1,31,5,gbdt,1.0,0.5524258760107816,0.30000000000000004,"{'0': {'precision': 0.5, 'recall': 0.48148148148148145, 'f1-score': 0.49056603773584906, 'support': 54.0}, '1': {'precision': 0.6056338028169014, 'recall': 0.6231884057971014, 'f1-score': 0.6142857142857143, 'support': 69.0}, 'accuracy': 0.5609756097560976, 'macro avg': {'precision': 0.5528169014084507, 'recall': 0.5523349436392915, 'f1-score': 0.5524258760107816, 'support': 123.0}, 'weighted avg': {'precision': 0.5592579869460667, 'recall': 0.5609756097560976, 'f1-score': 0.5599697587272369, 'support': 123.0}}","[[26 28]
 [26 43]]"
836,200,0.1,31,5,gbdt,1.0,0.48439683278993945,0.6000000000000001,"{'0': {'precision': 0.4430379746835443, 'recall': 0.6481481481481481, 'f1-score': 0.5263157894736842, 'support': 54.0}, '1': {'precision': 0.5681818181818182, 'recall': 0.36231884057971014, 'f1-score': 0.4424778761061947, 'support': 69.0}, 'accuracy': 0.4878048780487805, 'macro avg': {'precision': 0.5056098964326813, 'recall': 0.5052334943639292, 'f1-score': 0.48439683278993945, 'support': 123.0}, 'weighted avg': {'precision': 0.5132406185972103, 'recall': 0.4878048780487805, 'f1-score': 0.4792847649016779, 'support': 123.0}}","[[35 19]
 [44 25]]"
837,200,0.1,31,5,dart,0.7,0.4828828828828829,0.4,"{'0': {'precision': 0.42105263157894735, 'recall': 0.4444444444444444, 'f1-score': 0.43243243243243246, 'support': 54.0}, '1': {'precision': 0.5454545454545454, 'recall': 0.5217391304347826, 'f1-score': 0.5333333333333333, 'support': 69.0}, 'accuracy': 0.4878048780487805, 'macro avg': {'precision': 0.4832535885167464, 'recall': 0.4830917874396135, 'f1-score': 0.4828828828828829, 'support': 123.0}, 'weighted avg': {'precision': 0.4908390710701365, 'recall': 0.4878048780487805, 'f1-score': 0.4890353768402549, 'support': 123.0}}","[[24 30]
 [33 36]]"
838,200,0.1,31,5,dart,0.7,0.5201983471074381,0.5,"{'0': {'precision': 0.4647887323943662, 'recall': 0.6111111111111112, 'f1-score': 0.528, 'support': 54.0}, '1': {'precision': 0.5961538461538461, 'recall': 0.4492753623188406, 'f1-score': 0.512396694214876, 'support': 69.0}, 'accuracy': 0.5203252032520326, 'macro avg': {'precision': 0.5304712892741061, 'recall': 0.5301932367149759, 'f1-score': 0.5201983471074381, 'support': 123.0}, 'weighted avg': {'precision': 0.5384813571862697, 'recall': 0.5203252032520326, 'f1-score': 0.5192469260229792, 'support': 123.0}}","[[33 21]
 [38 31]]"
839,200,0.1,31,5,dart,0.7,0.49563492063492065,0.5,"{'0': {'precision': 0.4444444444444444, 'recall': 0.5925925925925926, 'f1-score': 0.5079365079365079, 'support': 54.0}, '1': {'precision': 0.5686274509803921, 'recall': 0.42028985507246375, 'f1-score': 0.48333333333333334, 'support': 69.0}, 'accuracy': 0.4959349593495935, 'macro avg': {'precision': 0.5065359477124183, 'recall': 0.5064412238325282, 'f1-score': 0.49563492063492065, 'support': 123.0}, 'weighted avg': {'precision': 0.5141080822572932, 'recall': 0.4959349593495935, 'f1-score': 0.4941347270615563, 'support': 123.0}}","[[32 22]
 [40 29]]"
840,200,0.1,31,5,dart,0.8,0.4828828828828829,0.4,"{'0': {'precision': 0.42105263157894735, 'recall': 0.4444444444444444, 'f1-score': 0.43243243243243246, 'support': 54.0}, '1': {'precision': 0.5454545454545454, 'recall': 0.5217391304347826, 'f1-score': 0.5333333333333333, 'support': 69.0}, 'accuracy': 0.4878048780487805, 'macro avg': {'precision': 0.4832535885167464, 'recall': 0.4830917874396135, 'f1-score': 0.4828828828828829, 'support': 123.0}, 'weighted avg': {'precision': 0.4908390710701365, 'recall': 0.4878048780487805, 'f1-score': 0.4890353768402549, 'support': 123.0}}","[[24 30]
 [33 36]]"
841,200,0.1,31,5,dart,0.8,0.5201983471074381,0.5,"{'0': {'precision': 0.4647887323943662, 'recall': 0.6111111111111112, 'f1-score': 0.528, 'support': 54.0}, '1': {'precision': 0.5961538461538461, 'recall': 0.4492753623188406, 'f1-score': 0.512396694214876, 'support': 69.0}, 'accuracy': 0.5203252032520326, 'macro avg': {'precision': 0.5304712892741061, 'recall': 0.5301932367149759, 'f1-score': 0.5201983471074381, 'support': 123.0}, 'weighted avg': {'precision': 0.5384813571862697, 'recall': 0.5203252032520326, 'f1-score': 0.5192469260229792, 'support': 123.0}}","[[33 21]
 [38 31]]"
842,200,0.1,31,5,dart,0.8,0.49563492063492065,0.5,"{'0': {'precision': 0.4444444444444444, 'recall': 0.5925925925925926, 'f1-score': 0.5079365079365079, 'support': 54.0}, '1': {'precision': 0.5686274509803921, 'recall': 0.42028985507246375, 'f1-score': 0.48333333333333334, 'support': 69.0}, 'accuracy': 0.4959349593495935, 'macro avg': {'precision': 0.5065359477124183, 'recall': 0.5064412238325282, 'f1-score': 0.49563492063492065, 'support': 123.0}, 'weighted avg': {'precision': 0.5141080822572932, 'recall': 0.4959349593495935, 'f1-score': 0.4941347270615563, 'support': 123.0}}","[[32 22]
 [40 29]]"
843,200,0.1,31,5,dart,1.0,0.4828828828828829,0.4,"{'0': {'precision': 0.42105263157894735, 'recall': 0.4444444444444444, 'f1-score': 0.43243243243243246, 'support': 54.0}, '1': {'precision': 0.5454545454545454, 'recall': 0.5217391304347826, 'f1-score': 0.5333333333333333, 'support': 69.0}, 'accuracy': 0.4878048780487805, 'macro avg': {'precision': 0.4832535885167464, 'recall': 0.4830917874396135, 'f1-score': 0.4828828828828829, 'support': 123.0}, 'weighted avg': {'precision': 0.4908390710701365, 'recall': 0.4878048780487805, 'f1-score': 0.4890353768402549, 'support': 123.0}}","[[24 30]
 [33 36]]"
844,200,0.1,31,5,dart,1.0,0.5201983471074381,0.5,"{'0': {'precision': 0.4647887323943662, 'recall': 0.6111111111111112, 'f1-score': 0.528, 'support': 54.0}, '1': {'precision': 0.5961538461538461, 'recall': 0.4492753623188406, 'f1-score': 0.512396694214876, 'support': 69.0}, 'accuracy': 0.5203252032520326, 'macro avg': {'precision': 0.5304712892741061, 'recall': 0.5301932367149759, 'f1-score': 0.5201983471074381, 'support': 123.0}, 'weighted avg': {'precision': 0.5384813571862697, 'recall': 0.5203252032520326, 'f1-score': 0.5192469260229792, 'support': 123.0}}","[[33 21]
 [38 31]]"
845,200,0.1,31,5,dart,1.0,0.49563492063492065,0.5,"{'0': {'precision': 0.4444444444444444, 'recall': 0.5925925925925926, 'f1-score': 0.5079365079365079, 'support': 54.0}, '1': {'precision': 0.5686274509803921, 'recall': 0.42028985507246375, 'f1-score': 0.48333333333333334, 'support': 69.0}, 'accuracy': 0.4959349593495935, 'macro avg': {'precision': 0.5065359477124183, 'recall': 0.5064412238325282, 'f1-score': 0.49563492063492065, 'support': 123.0}, 'weighted avg': {'precision': 0.5141080822572932, 'recall': 0.4959349593495935, 'f1-score': 0.4941347270615563, 'support': 123.0}}","[[32 22]
 [40 29]]"
846,200,0.1,31,10,gbdt,0.7,0.48611859838274935,0.30000000000000004,"{'0': {'precision': 0.4230769230769231, 'recall': 0.4074074074074074, 'f1-score': 0.41509433962264153, 'support': 54.0}, '1': {'precision': 0.5492957746478874, 'recall': 0.5652173913043478, 'f1-score': 0.5571428571428572, 'support': 69.0}, 'accuracy': 0.4959349593495935, 'macro avg': {'precision': 0.4861863488624052, 'recall': 0.48631239935587756, 'f1-score': 0.48611859838274935, 'support': 123.0}, 'weighted avg': {'precision': 0.4938826202996592, 'recall': 0.4959349593495935, 'f1-score': 0.49478009335349415, 'support': 123.0}}","[[22 32]
 [30 39]]"
847,200,0.1,31,10,gbdt,0.7,0.5157157157157157,0.4,"{'0': {'precision': 0.45614035087719296, 'recall': 0.48148148148148145, 'f1-score': 0.46846846846846846, 'support': 54.0}, '1': {'precision': 0.5757575757575758, 'recall': 0.5507246376811594, 'f1-score': 0.562962962962963, 'support': 69.0}, 'accuracy': 0.5203252032520326, 'macro avg': {'precision': 0.5159489633173844, 'recall': 0.5161030595813204, 'f1-score': 0.5157157157157157, 'support': 123.0}, 'weighted avg': {'precision': 0.523242696541798, 'recall': 0.5203252032520326, 'f1-score': 0.5214775751361118, 'support': 123.0}}","[[26 28]
 [31 38]]"
848,200,0.1,31,10,gbdt,0.7,0.5281746031746032,0.4,"{'0': {'precision': 0.4696969696969697, 'recall': 0.5740740740740741, 'f1-score': 0.5166666666666667, 'support': 54.0}, '1': {'precision': 0.5964912280701754, 'recall': 0.4927536231884058, 'f1-score': 0.5396825396825397, 'support': 69.0}, 'accuracy': 0.5284552845528455, 'macro avg': {'precision': 0.5330940988835726, 'recall': 0.53341384863124, 'f1-score': 0.5281746031746032, 'support': 123.0}, 'weighted avg': {'precision': 0.5408254561014509, 'recall': 0.5284552845528455, 'f1-score': 0.5295780100658148, 'support': 123.0}}","[[31 23]
 [35 34]]"
849,200,0.1,31,10,gbdt,0.8,0.48611859838274935,0.30000000000000004,"{'0': {'precision': 0.4230769230769231, 'recall': 0.4074074074074074, 'f1-score': 0.41509433962264153, 'support': 54.0}, '1': {'precision': 0.5492957746478874, 'recall': 0.5652173913043478, 'f1-score': 0.5571428571428572, 'support': 69.0}, 'accuracy': 0.4959349593495935, 'macro avg': {'precision': 0.4861863488624052, 'recall': 0.48631239935587756, 'f1-score': 0.48611859838274935, 'support': 123.0}, 'weighted avg': {'precision': 0.4938826202996592, 'recall': 0.4959349593495935, 'f1-score': 0.49478009335349415, 'support': 123.0}}","[[22 32]
 [30 39]]"
850,200,0.1,31,10,gbdt,0.8,0.5157157157157157,0.4,"{'0': {'precision': 0.45614035087719296, 'recall': 0.48148148148148145, 'f1-score': 0.46846846846846846, 'support': 54.0}, '1': {'precision': 0.5757575757575758, 'recall': 0.5507246376811594, 'f1-score': 0.562962962962963, 'support': 69.0}, 'accuracy': 0.5203252032520326, 'macro avg': {'precision': 0.5159489633173844, 'recall': 0.5161030595813204, 'f1-score': 0.5157157157157157, 'support': 123.0}, 'weighted avg': {'precision': 0.523242696541798, 'recall': 0.5203252032520326, 'f1-score': 0.5214775751361118, 'support': 123.0}}","[[26 28]
 [31 38]]"
851,200,0.1,31,10,gbdt,0.8,0.5281746031746032,0.4,"{'0': {'precision': 0.4696969696969697, 'recall': 0.5740740740740741, 'f1-score': 0.5166666666666667, 'support': 54.0}, '1': {'precision': 0.5964912280701754, 'recall': 0.4927536231884058, 'f1-score': 0.5396825396825397, 'support': 69.0}, 'accuracy': 0.5284552845528455, 'macro avg': {'precision': 0.5330940988835726, 'recall': 0.53341384863124, 'f1-score': 0.5281746031746032, 'support': 123.0}, 'weighted avg': {'precision': 0.5408254561014509, 'recall': 0.5284552845528455, 'f1-score': 0.5295780100658148, 'support': 123.0}}","[[31 23]
 [35 34]]"
852,200,0.1,31,10,gbdt,1.0,0.48611859838274935,0.30000000000000004,"{'0': {'precision': 0.4230769230769231, 'recall': 0.4074074074074074, 'f1-score': 0.41509433962264153, 'support': 54.0}, '1': {'precision': 0.5492957746478874, 'recall': 0.5652173913043478, 'f1-score': 0.5571428571428572, 'support': 69.0}, 'accuracy': 0.4959349593495935, 'macro avg': {'precision': 0.4861863488624052, 'recall': 0.48631239935587756, 'f1-score': 0.48611859838274935, 'support': 123.0}, 'weighted avg': {'precision': 0.4938826202996592, 'recall': 0.4959349593495935, 'f1-score': 0.49478009335349415, 'support': 123.0}}","[[22 32]
 [30 39]]"
853,200,0.1,31,10,gbdt,1.0,0.5157157157157157,0.4,"{'0': {'precision': 0.45614035087719296, 'recall': 0.48148148148148145, 'f1-score': 0.46846846846846846, 'support': 54.0}, '1': {'precision': 0.5757575757575758, 'recall': 0.5507246376811594, 'f1-score': 0.562962962962963, 'support': 69.0}, 'accuracy': 0.5203252032520326, 'macro avg': {'precision': 0.5159489633173844, 'recall': 0.5161030595813204, 'f1-score': 0.5157157157157157, 'support': 123.0}, 'weighted avg': {'precision': 0.523242696541798, 'recall': 0.5203252032520326, 'f1-score': 0.5214775751361118, 'support': 123.0}}","[[26 28]
 [31 38]]"
854,200,0.1,31,10,gbdt,1.0,0.5281746031746032,0.4,"{'0': {'precision': 0.4696969696969697, 'recall': 0.5740740740740741, 'f1-score': 0.5166666666666667, 'support': 54.0}, '1': {'precision': 0.5964912280701754, 'recall': 0.4927536231884058, 'f1-score': 0.5396825396825397, 'support': 69.0}, 'accuracy': 0.5284552845528455, 'macro avg': {'precision': 0.5330940988835726, 'recall': 0.53341384863124, 'f1-score': 0.5281746031746032, 'support': 123.0}, 'weighted avg': {'precision': 0.5408254561014509, 'recall': 0.5284552845528455, 'f1-score': 0.5295780100658148, 'support': 123.0}}","[[31 23]
 [35 34]]"
855,200,0.1,31,10,dart,0.7,0.4951006355932204,0.5,"{'0': {'precision': 0.4375, 'recall': 0.5185185185185185, 'f1-score': 0.4745762711864407, 'support': 54.0}, '1': {'precision': 0.559322033898305, 'recall': 0.4782608695652174, 'f1-score': 0.515625, 'support': 69.0}, 'accuracy': 0.4959349593495935, 'macro avg': {'precision': 0.4984110169491525, 'recall': 0.49838969404186795, 'f1-score': 0.4951006355932204, 'support': 123.0}, 'weighted avg': {'precision': 0.5058391897478296, 'recall': 0.4959349593495935, 'f1-score': 0.4976036068623398, 'support': 123.0}}","[[28 26]
 [36 33]]"
856,200,0.1,31,10,dart,0.7,0.5113877118644068,0.5,"{'0': {'precision': 0.4594594594594595, 'recall': 0.6296296296296297, 'f1-score': 0.53125, 'support': 54.0}, '1': {'precision': 0.5918367346938775, 'recall': 0.42028985507246375, 'f1-score': 0.4915254237288136, 'support': 69.0}, 'accuracy': 0.5121951219512195, 'macro avg': {'precision': 0.5256480970766685, 'recall': 0.5249597423510467, 'f1-score': 0.5113877118644068, 'support': 123.0}, 'weighted avg': {'precision': 0.5337198821519379, 'recall': 0.5121951219512195, 'f1-score': 0.5089654816039686, 'support': 123.0}}","[[34 20]
 [40 29]]"
857,200,0.1,31,10,dart,0.7,0.4718196457326892,0.4,"{'0': {'precision': 0.4074074074074074, 'recall': 0.4074074074074074, 'f1-score': 0.4074074074074074, 'support': 54.0}, '1': {'precision': 0.5362318840579711, 'recall': 0.5362318840579711, 'f1-score': 0.5362318840579711, 'support': 69.0}, 'accuracy': 0.4796747967479675, 'macro avg': {'precision': 0.4718196457326892, 'recall': 0.4718196457326892, 'f1-score': 0.4718196457326892, 'support': 123.0}, 'weighted avg': {'precision': 0.4796747967479675, 'recall': 0.4796747967479675, 'f1-score': 0.4796747967479675, 'support': 123.0}}","[[22 32]
 [32 37]]"
858,200,0.1,31,10,dart,0.8,0.4951006355932204,0.5,"{'0': {'precision': 0.4375, 'recall': 0.5185185185185185, 'f1-score': 0.4745762711864407, 'support': 54.0}, '1': {'precision': 0.559322033898305, 'recall': 0.4782608695652174, 'f1-score': 0.515625, 'support': 69.0}, 'accuracy': 0.4959349593495935, 'macro avg': {'precision': 0.4984110169491525, 'recall': 0.49838969404186795, 'f1-score': 0.4951006355932204, 'support': 123.0}, 'weighted avg': {'precision': 0.5058391897478296, 'recall': 0.4959349593495935, 'f1-score': 0.4976036068623398, 'support': 123.0}}","[[28 26]
 [36 33]]"
859,200,0.1,31,10,dart,0.8,0.5113877118644068,0.5,"{'0': {'precision': 0.4594594594594595, 'recall': 0.6296296296296297, 'f1-score': 0.53125, 'support': 54.0}, '1': {'precision': 0.5918367346938775, 'recall': 0.42028985507246375, 'f1-score': 0.4915254237288136, 'support': 69.0}, 'accuracy': 0.5121951219512195, 'macro avg': {'precision': 0.5256480970766685, 'recall': 0.5249597423510467, 'f1-score': 0.5113877118644068, 'support': 123.0}, 'weighted avg': {'precision': 0.5337198821519379, 'recall': 0.5121951219512195, 'f1-score': 0.5089654816039686, 'support': 123.0}}","[[34 20]
 [40 29]]"
860,200,0.1,31,10,dart,0.8,0.4718196457326892,0.4,"{'0': {'precision': 0.4074074074074074, 'recall': 0.4074074074074074, 'f1-score': 0.4074074074074074, 'support': 54.0}, '1': {'precision': 0.5362318840579711, 'recall': 0.5362318840579711, 'f1-score': 0.5362318840579711, 'support': 69.0}, 'accuracy': 0.4796747967479675, 'macro avg': {'precision': 0.4718196457326892, 'recall': 0.4718196457326892, 'f1-score': 0.4718196457326892, 'support': 123.0}, 'weighted avg': {'precision': 0.4796747967479675, 'recall': 0.4796747967479675, 'f1-score': 0.4796747967479675, 'support': 123.0}}","[[22 32]
 [32 37]]"
861,200,0.1,31,10,dart,1.0,0.4951006355932204,0.5,"{'0': {'precision': 0.4375, 'recall': 0.5185185185185185, 'f1-score': 0.4745762711864407, 'support': 54.0}, '1': {'precision': 0.559322033898305, 'recall': 0.4782608695652174, 'f1-score': 0.515625, 'support': 69.0}, 'accuracy': 0.4959349593495935, 'macro avg': {'precision': 0.4984110169491525, 'recall': 0.49838969404186795, 'f1-score': 0.4951006355932204, 'support': 123.0}, 'weighted avg': {'precision': 0.5058391897478296, 'recall': 0.4959349593495935, 'f1-score': 0.4976036068623398, 'support': 123.0}}","[[28 26]
 [36 33]]"
862,200,0.1,31,10,dart,1.0,0.5113877118644068,0.5,"{'0': {'precision': 0.4594594594594595, 'recall': 0.6296296296296297, 'f1-score': 0.53125, 'support': 54.0}, '1': {'precision': 0.5918367346938775, 'recall': 0.42028985507246375, 'f1-score': 0.4915254237288136, 'support': 69.0}, 'accuracy': 0.5121951219512195, 'macro avg': {'precision': 0.5256480970766685, 'recall': 0.5249597423510467, 'f1-score': 0.5113877118644068, 'support': 123.0}, 'weighted avg': {'precision': 0.5337198821519379, 'recall': 0.5121951219512195, 'f1-score': 0.5089654816039686, 'support': 123.0}}","[[34 20]
 [40 29]]"
863,200,0.1,31,10,dart,1.0,0.4718196457326892,0.4,"{'0': {'precision': 0.4074074074074074, 'recall': 0.4074074074074074, 'f1-score': 0.4074074074074074, 'support': 54.0}, '1': {'precision': 0.5362318840579711, 'recall': 0.5362318840579711, 'f1-score': 0.5362318840579711, 'support': 69.0}, 'accuracy': 0.4796747967479675, 'macro avg': {'precision': 0.4718196457326892, 'recall': 0.4718196457326892, 'f1-score': 0.4718196457326892, 'support': 123.0}, 'weighted avg': {'precision': 0.4796747967479675, 'recall': 0.4796747967479675, 'f1-score': 0.4796747967479675, 'support': 123.0}}","[[22 32]
 [32 37]]"
864,200,0.1,50,-1,gbdt,0.7,0.48611859838274935,0.30000000000000004,"{'0': {'precision': 0.4230769230769231, 'recall': 0.4074074074074074, 'f1-score': 0.41509433962264153, 'support': 54.0}, '1': {'precision': 0.5492957746478874, 'recall': 0.5652173913043478, 'f1-score': 0.5571428571428572, 'support': 69.0}, 'accuracy': 0.4959349593495935, 'macro avg': {'precision': 0.4861863488624052, 'recall': 0.48631239935587756, 'f1-score': 0.48611859838274935, 'support': 123.0}, 'weighted avg': {'precision': 0.4938826202996592, 'recall': 0.4959349593495935, 'f1-score': 0.49478009335349415, 'support': 123.0}}","[[22 32]
 [30 39]]"
865,200,0.1,50,-1,gbdt,0.7,0.5157157157157157,0.4,"{'0': {'precision': 0.45614035087719296, 'recall': 0.48148148148148145, 'f1-score': 0.46846846846846846, 'support': 54.0}, '1': {'precision': 0.5757575757575758, 'recall': 0.5507246376811594, 'f1-score': 0.562962962962963, 'support': 69.0}, 'accuracy': 0.5203252032520326, 'macro avg': {'precision': 0.5159489633173844, 'recall': 0.5161030595813204, 'f1-score': 0.5157157157157157, 'support': 123.0}, 'weighted avg': {'precision': 0.523242696541798, 'recall': 0.5203252032520326, 'f1-score': 0.5214775751361118, 'support': 123.0}}","[[26 28]
 [31 38]]"
866,200,0.1,50,-1,gbdt,0.7,0.4793650793650793,0.5,"{'0': {'precision': 0.4305555555555556, 'recall': 0.5740740740740741, 'f1-score': 0.49206349206349204, 'support': 54.0}, '1': {'precision': 0.5490196078431373, 'recall': 0.4057971014492754, 'f1-score': 0.4666666666666667, 'support': 69.0}, 'accuracy': 0.4796747967479675, 'macro avg': {'precision': 0.48978758169934644, 'recall': 0.48993558776167473, 'f1-score': 0.4793650793650793, 'support': 123.0}, 'weighted avg': {'precision': 0.4970109995217599, 'recall': 0.4796747967479675, 'f1-score': 0.4778164924506388, 'support': 123.0}}","[[31 23]
 [41 28]]"
867,200,0.1,50,-1,gbdt,0.8,0.48611859838274935,0.30000000000000004,"{'0': {'precision': 0.4230769230769231, 'recall': 0.4074074074074074, 'f1-score': 0.41509433962264153, 'support': 54.0}, '1': {'precision': 0.5492957746478874, 'recall': 0.5652173913043478, 'f1-score': 0.5571428571428572, 'support': 69.0}, 'accuracy': 0.4959349593495935, 'macro avg': {'precision': 0.4861863488624052, 'recall': 0.48631239935587756, 'f1-score': 0.48611859838274935, 'support': 123.0}, 'weighted avg': {'precision': 0.4938826202996592, 'recall': 0.4959349593495935, 'f1-score': 0.49478009335349415, 'support': 123.0}}","[[22 32]
 [30 39]]"
868,200,0.1,50,-1,gbdt,0.8,0.5157157157157157,0.4,"{'0': {'precision': 0.45614035087719296, 'recall': 0.48148148148148145, 'f1-score': 0.46846846846846846, 'support': 54.0}, '1': {'precision': 0.5757575757575758, 'recall': 0.5507246376811594, 'f1-score': 0.562962962962963, 'support': 69.0}, 'accuracy': 0.5203252032520326, 'macro avg': {'precision': 0.5159489633173844, 'recall': 0.5161030595813204, 'f1-score': 0.5157157157157157, 'support': 123.0}, 'weighted avg': {'precision': 0.523242696541798, 'recall': 0.5203252032520326, 'f1-score': 0.5214775751361118, 'support': 123.0}}","[[26 28]
 [31 38]]"
869,200,0.1,50,-1,gbdt,0.8,0.4793650793650793,0.5,"{'0': {'precision': 0.4305555555555556, 'recall': 0.5740740740740741, 'f1-score': 0.49206349206349204, 'support': 54.0}, '1': {'precision': 0.5490196078431373, 'recall': 0.4057971014492754, 'f1-score': 0.4666666666666667, 'support': 69.0}, 'accuracy': 0.4796747967479675, 'macro avg': {'precision': 0.48978758169934644, 'recall': 0.48993558776167473, 'f1-score': 0.4793650793650793, 'support': 123.0}, 'weighted avg': {'precision': 0.4970109995217599, 'recall': 0.4796747967479675, 'f1-score': 0.4778164924506388, 'support': 123.0}}","[[31 23]
 [41 28]]"
870,200,0.1,50,-1,gbdt,1.0,0.48611859838274935,0.30000000000000004,"{'0': {'precision': 0.4230769230769231, 'recall': 0.4074074074074074, 'f1-score': 0.41509433962264153, 'support': 54.0}, '1': {'precision': 0.5492957746478874, 'recall': 0.5652173913043478, 'f1-score': 0.5571428571428572, 'support': 69.0}, 'accuracy': 0.4959349593495935, 'macro avg': {'precision': 0.4861863488624052, 'recall': 0.48631239935587756, 'f1-score': 0.48611859838274935, 'support': 123.0}, 'weighted avg': {'precision': 0.4938826202996592, 'recall': 0.4959349593495935, 'f1-score': 0.49478009335349415, 'support': 123.0}}","[[22 32]
 [30 39]]"
871,200,0.1,50,-1,gbdt,1.0,0.5157157157157157,0.4,"{'0': {'precision': 0.45614035087719296, 'recall': 0.48148148148148145, 'f1-score': 0.46846846846846846, 'support': 54.0}, '1': {'precision': 0.5757575757575758, 'recall': 0.5507246376811594, 'f1-score': 0.562962962962963, 'support': 69.0}, 'accuracy': 0.5203252032520326, 'macro avg': {'precision': 0.5159489633173844, 'recall': 0.5161030595813204, 'f1-score': 0.5157157157157157, 'support': 123.0}, 'weighted avg': {'precision': 0.523242696541798, 'recall': 0.5203252032520326, 'f1-score': 0.5214775751361118, 'support': 123.0}}","[[26 28]
 [31 38]]"
872,200,0.1,50,-1,gbdt,1.0,0.4793650793650793,0.5,"{'0': {'precision': 0.4305555555555556, 'recall': 0.5740740740740741, 'f1-score': 0.49206349206349204, 'support': 54.0}, '1': {'precision': 0.5490196078431373, 'recall': 0.4057971014492754, 'f1-score': 0.4666666666666667, 'support': 69.0}, 'accuracy': 0.4796747967479675, 'macro avg': {'precision': 0.48978758169934644, 'recall': 0.48993558776167473, 'f1-score': 0.4793650793650793, 'support': 123.0}, 'weighted avg': {'precision': 0.4970109995217599, 'recall': 0.4796747967479675, 'f1-score': 0.4778164924506388, 'support': 123.0}}","[[31 23]
 [41 28]]"
873,200,0.1,50,-1,dart,0.7,0.4951006355932204,0.5,"{'0': {'precision': 0.4375, 'recall': 0.5185185185185185, 'f1-score': 0.4745762711864407, 'support': 54.0}, '1': {'precision': 0.559322033898305, 'recall': 0.4782608695652174, 'f1-score': 0.515625, 'support': 69.0}, 'accuracy': 0.4959349593495935, 'macro avg': {'precision': 0.4984110169491525, 'recall': 0.49838969404186795, 'f1-score': 0.4951006355932204, 'support': 123.0}, 'weighted avg': {'precision': 0.5058391897478296, 'recall': 0.4959349593495935, 'f1-score': 0.4976036068623398, 'support': 123.0}}","[[28 26]
 [36 33]]"
874,200,0.1,50,-1,dart,0.7,0.5284241142252777,0.5,"{'0': {'precision': 0.4714285714285714, 'recall': 0.6111111111111112, 'f1-score': 0.532258064516129, 'support': 54.0}, '1': {'precision': 0.6037735849056604, 'recall': 0.463768115942029, 'f1-score': 0.5245901639344263, 'support': 69.0}, 'accuracy': 0.5284552845528455, 'macro avg': {'precision': 0.5376010781671159, 'recall': 0.5374396135265701, 'f1-score': 0.5284241142252777, 'support': 123.0}, 'weighted avg': {'precision': 0.5456708960620603, 'recall': 0.5284552845528455, 'f1-score': 0.5279565593117592, 'support': 123.0}}","[[33 21]
 [37 32]]"
875,200,0.1,50,-1,dart,0.7,0.4718196457326892,0.4,"{'0': {'precision': 0.4074074074074074, 'recall': 0.4074074074074074, 'f1-score': 0.4074074074074074, 'support': 54.0}, '1': {'precision': 0.5362318840579711, 'recall': 0.5362318840579711, 'f1-score': 0.5362318840579711, 'support': 69.0}, 'accuracy': 0.4796747967479675, 'macro avg': {'precision': 0.4718196457326892, 'recall': 0.4718196457326892, 'f1-score': 0.4718196457326892, 'support': 123.0}, 'weighted avg': {'precision': 0.4796747967479675, 'recall': 0.4796747967479675, 'f1-score': 0.4796747967479675, 'support': 123.0}}","[[22 32]
 [32 37]]"
876,200,0.1,50,-1,dart,0.8,0.4951006355932204,0.5,"{'0': {'precision': 0.4375, 'recall': 0.5185185185185185, 'f1-score': 0.4745762711864407, 'support': 54.0}, '1': {'precision': 0.559322033898305, 'recall': 0.4782608695652174, 'f1-score': 0.515625, 'support': 69.0}, 'accuracy': 0.4959349593495935, 'macro avg': {'precision': 0.4984110169491525, 'recall': 0.49838969404186795, 'f1-score': 0.4951006355932204, 'support': 123.0}, 'weighted avg': {'precision': 0.5058391897478296, 'recall': 0.4959349593495935, 'f1-score': 0.4976036068623398, 'support': 123.0}}","[[28 26]
 [36 33]]"
877,200,0.1,50,-1,dart,0.8,0.5284241142252777,0.5,"{'0': {'precision': 0.4714285714285714, 'recall': 0.6111111111111112, 'f1-score': 0.532258064516129, 'support': 54.0}, '1': {'precision': 0.6037735849056604, 'recall': 0.463768115942029, 'f1-score': 0.5245901639344263, 'support': 69.0}, 'accuracy': 0.5284552845528455, 'macro avg': {'precision': 0.5376010781671159, 'recall': 0.5374396135265701, 'f1-score': 0.5284241142252777, 'support': 123.0}, 'weighted avg': {'precision': 0.5456708960620603, 'recall': 0.5284552845528455, 'f1-score': 0.5279565593117592, 'support': 123.0}}","[[33 21]
 [37 32]]"
878,200,0.1,50,-1,dart,0.8,0.4718196457326892,0.4,"{'0': {'precision': 0.4074074074074074, 'recall': 0.4074074074074074, 'f1-score': 0.4074074074074074, 'support': 54.0}, '1': {'precision': 0.5362318840579711, 'recall': 0.5362318840579711, 'f1-score': 0.5362318840579711, 'support': 69.0}, 'accuracy': 0.4796747967479675, 'macro avg': {'precision': 0.4718196457326892, 'recall': 0.4718196457326892, 'f1-score': 0.4718196457326892, 'support': 123.0}, 'weighted avg': {'precision': 0.4796747967479675, 'recall': 0.4796747967479675, 'f1-score': 0.4796747967479675, 'support': 123.0}}","[[22 32]
 [32 37]]"
879,200,0.1,50,-1,dart,1.0,0.4951006355932204,0.5,"{'0': {'precision': 0.4375, 'recall': 0.5185185185185185, 'f1-score': 0.4745762711864407, 'support': 54.0}, '1': {'precision': 0.559322033898305, 'recall': 0.4782608695652174, 'f1-score': 0.515625, 'support': 69.0}, 'accuracy': 0.4959349593495935, 'macro avg': {'precision': 0.4984110169491525, 'recall': 0.49838969404186795, 'f1-score': 0.4951006355932204, 'support': 123.0}, 'weighted avg': {'precision': 0.5058391897478296, 'recall': 0.4959349593495935, 'f1-score': 0.4976036068623398, 'support': 123.0}}","[[28 26]
 [36 33]]"
880,200,0.1,50,-1,dart,1.0,0.5284241142252777,0.5,"{'0': {'precision': 0.4714285714285714, 'recall': 0.6111111111111112, 'f1-score': 0.532258064516129, 'support': 54.0}, '1': {'precision': 0.6037735849056604, 'recall': 0.463768115942029, 'f1-score': 0.5245901639344263, 'support': 69.0}, 'accuracy': 0.5284552845528455, 'macro avg': {'precision': 0.5376010781671159, 'recall': 0.5374396135265701, 'f1-score': 0.5284241142252777, 'support': 123.0}, 'weighted avg': {'precision': 0.5456708960620603, 'recall': 0.5284552845528455, 'f1-score': 0.5279565593117592, 'support': 123.0}}","[[33 21]
 [37 32]]"
881,200,0.1,50,-1,dart,1.0,0.4718196457326892,0.4,"{'0': {'precision': 0.4074074074074074, 'recall': 0.4074074074074074, 'f1-score': 0.4074074074074074, 'support': 54.0}, '1': {'precision': 0.5362318840579711, 'recall': 0.5362318840579711, 'f1-score': 0.5362318840579711, 'support': 69.0}, 'accuracy': 0.4796747967479675, 'macro avg': {'precision': 0.4718196457326892, 'recall': 0.4718196457326892, 'f1-score': 0.4718196457326892, 'support': 123.0}, 'weighted avg': {'precision': 0.4796747967479675, 'recall': 0.4796747967479675, 'f1-score': 0.4796747967479675, 'support': 123.0}}","[[22 32]
 [32 37]]"
882,200,0.1,50,5,gbdt,0.7,0.4779840848806366,0.6000000000000001,"{'0': {'precision': 0.4342105263157895, 'recall': 0.6111111111111112, 'f1-score': 0.5076923076923077, 'support': 54.0}, '1': {'precision': 0.5531914893617021, 'recall': 0.37681159420289856, 'f1-score': 0.4482758620689655, 'support': 69.0}, 'accuracy': 0.4796747967479675, 'macro avg': {'precision': 0.4937010078387458, 'recall': 0.49396135265700486, 'f1-score': 0.4779840848806366, 'support': 123.0}, 'weighted avg': {'precision': 0.5009559446098382, 'recall': 0.4796747967479675, 'f1-score': 0.47436113087921333, 'support': 123.0}}","[[33 21]
 [43 26]]"
883,200,0.1,50,5,gbdt,0.7,0.5524258760107816,0.30000000000000004,"{'0': {'precision': 0.5, 'recall': 0.48148148148148145, 'f1-score': 0.49056603773584906, 'support': 54.0}, '1': {'precision': 0.6056338028169014, 'recall': 0.6231884057971014, 'f1-score': 0.6142857142857143, 'support': 69.0}, 'accuracy': 0.5609756097560976, 'macro avg': {'precision': 0.5528169014084507, 'recall': 0.5523349436392915, 'f1-score': 0.5524258760107816, 'support': 123.0}, 'weighted avg': {'precision': 0.5592579869460667, 'recall': 0.5609756097560976, 'f1-score': 0.5599697587272369, 'support': 123.0}}","[[26 28]
 [26 43]]"
884,200,0.1,50,5,gbdt,0.7,0.48439683278993945,0.6000000000000001,"{'0': {'precision': 0.4430379746835443, 'recall': 0.6481481481481481, 'f1-score': 0.5263157894736842, 'support': 54.0}, '1': {'precision': 0.5681818181818182, 'recall': 0.36231884057971014, 'f1-score': 0.4424778761061947, 'support': 69.0}, 'accuracy': 0.4878048780487805, 'macro avg': {'precision': 0.5056098964326813, 'recall': 0.5052334943639292, 'f1-score': 0.48439683278993945, 'support': 123.0}, 'weighted avg': {'precision': 0.5132406185972103, 'recall': 0.4878048780487805, 'f1-score': 0.4792847649016779, 'support': 123.0}}","[[35 19]
 [44 25]]"
885,200,0.1,50,5,gbdt,0.8,0.4779840848806366,0.6000000000000001,"{'0': {'precision': 0.4342105263157895, 'recall': 0.6111111111111112, 'f1-score': 0.5076923076923077, 'support': 54.0}, '1': {'precision': 0.5531914893617021, 'recall': 0.37681159420289856, 'f1-score': 0.4482758620689655, 'support': 69.0}, 'accuracy': 0.4796747967479675, 'macro avg': {'precision': 0.4937010078387458, 'recall': 0.49396135265700486, 'f1-score': 0.4779840848806366, 'support': 123.0}, 'weighted avg': {'precision': 0.5009559446098382, 'recall': 0.4796747967479675, 'f1-score': 0.47436113087921333, 'support': 123.0}}","[[33 21]
 [43 26]]"
886,200,0.1,50,5,gbdt,0.8,0.5524258760107816,0.30000000000000004,"{'0': {'precision': 0.5, 'recall': 0.48148148148148145, 'f1-score': 0.49056603773584906, 'support': 54.0}, '1': {'precision': 0.6056338028169014, 'recall': 0.6231884057971014, 'f1-score': 0.6142857142857143, 'support': 69.0}, 'accuracy': 0.5609756097560976, 'macro avg': {'precision': 0.5528169014084507, 'recall': 0.5523349436392915, 'f1-score': 0.5524258760107816, 'support': 123.0}, 'weighted avg': {'precision': 0.5592579869460667, 'recall': 0.5609756097560976, 'f1-score': 0.5599697587272369, 'support': 123.0}}","[[26 28]
 [26 43]]"
887,200,0.1,50,5,gbdt,0.8,0.48439683278993945,0.6000000000000001,"{'0': {'precision': 0.4430379746835443, 'recall': 0.6481481481481481, 'f1-score': 0.5263157894736842, 'support': 54.0}, '1': {'precision': 0.5681818181818182, 'recall': 0.36231884057971014, 'f1-score': 0.4424778761061947, 'support': 69.0}, 'accuracy': 0.4878048780487805, 'macro avg': {'precision': 0.5056098964326813, 'recall': 0.5052334943639292, 'f1-score': 0.48439683278993945, 'support': 123.0}, 'weighted avg': {'precision': 0.5132406185972103, 'recall': 0.4878048780487805, 'f1-score': 0.4792847649016779, 'support': 123.0}}","[[35 19]
 [44 25]]"
888,200,0.1,50,5,gbdt,1.0,0.4779840848806366,0.6000000000000001,"{'0': {'precision': 0.4342105263157895, 'recall': 0.6111111111111112, 'f1-score': 0.5076923076923077, 'support': 54.0}, '1': {'precision': 0.5531914893617021, 'recall': 0.37681159420289856, 'f1-score': 0.4482758620689655, 'support': 69.0}, 'accuracy': 0.4796747967479675, 'macro avg': {'precision': 0.4937010078387458, 'recall': 0.49396135265700486, 'f1-score': 0.4779840848806366, 'support': 123.0}, 'weighted avg': {'precision': 0.5009559446098382, 'recall': 0.4796747967479675, 'f1-score': 0.47436113087921333, 'support': 123.0}}","[[33 21]
 [43 26]]"
889,200,0.1,50,5,gbdt,1.0,0.5524258760107816,0.30000000000000004,"{'0': {'precision': 0.5, 'recall': 0.48148148148148145, 'f1-score': 0.49056603773584906, 'support': 54.0}, '1': {'precision': 0.6056338028169014, 'recall': 0.6231884057971014, 'f1-score': 0.6142857142857143, 'support': 69.0}, 'accuracy': 0.5609756097560976, 'macro avg': {'precision': 0.5528169014084507, 'recall': 0.5523349436392915, 'f1-score': 0.5524258760107816, 'support': 123.0}, 'weighted avg': {'precision': 0.5592579869460667, 'recall': 0.5609756097560976, 'f1-score': 0.5599697587272369, 'support': 123.0}}","[[26 28]
 [26 43]]"
890,200,0.1,50,5,gbdt,1.0,0.48439683278993945,0.6000000000000001,"{'0': {'precision': 0.4430379746835443, 'recall': 0.6481481481481481, 'f1-score': 0.5263157894736842, 'support': 54.0}, '1': {'precision': 0.5681818181818182, 'recall': 0.36231884057971014, 'f1-score': 0.4424778761061947, 'support': 69.0}, 'accuracy': 0.4878048780487805, 'macro avg': {'precision': 0.5056098964326813, 'recall': 0.5052334943639292, 'f1-score': 0.48439683278993945, 'support': 123.0}, 'weighted avg': {'precision': 0.5132406185972103, 'recall': 0.4878048780487805, 'f1-score': 0.4792847649016779, 'support': 123.0}}","[[35 19]
 [44 25]]"
891,200,0.1,50,5,dart,0.7,0.4828828828828829,0.4,"{'0': {'precision': 0.42105263157894735, 'recall': 0.4444444444444444, 'f1-score': 0.43243243243243246, 'support': 54.0}, '1': {'precision': 0.5454545454545454, 'recall': 0.5217391304347826, 'f1-score': 0.5333333333333333, 'support': 69.0}, 'accuracy': 0.4878048780487805, 'macro avg': {'precision': 0.4832535885167464, 'recall': 0.4830917874396135, 'f1-score': 0.4828828828828829, 'support': 123.0}, 'weighted avg': {'precision': 0.4908390710701365, 'recall': 0.4878048780487805, 'f1-score': 0.4890353768402549, 'support': 123.0}}","[[24 30]
 [33 36]]"
892,200,0.1,50,5,dart,0.7,0.5201983471074381,0.5,"{'0': {'precision': 0.4647887323943662, 'recall': 0.6111111111111112, 'f1-score': 0.528, 'support': 54.0}, '1': {'precision': 0.5961538461538461, 'recall': 0.4492753623188406, 'f1-score': 0.512396694214876, 'support': 69.0}, 'accuracy': 0.5203252032520326, 'macro avg': {'precision': 0.5304712892741061, 'recall': 0.5301932367149759, 'f1-score': 0.5201983471074381, 'support': 123.0}, 'weighted avg': {'precision': 0.5384813571862697, 'recall': 0.5203252032520326, 'f1-score': 0.5192469260229792, 'support': 123.0}}","[[33 21]
 [38 31]]"
893,200,0.1,50,5,dart,0.7,0.49563492063492065,0.5,"{'0': {'precision': 0.4444444444444444, 'recall': 0.5925925925925926, 'f1-score': 0.5079365079365079, 'support': 54.0}, '1': {'precision': 0.5686274509803921, 'recall': 0.42028985507246375, 'f1-score': 0.48333333333333334, 'support': 69.0}, 'accuracy': 0.4959349593495935, 'macro avg': {'precision': 0.5065359477124183, 'recall': 0.5064412238325282, 'f1-score': 0.49563492063492065, 'support': 123.0}, 'weighted avg': {'precision': 0.5141080822572932, 'recall': 0.4959349593495935, 'f1-score': 0.4941347270615563, 'support': 123.0}}","[[32 22]
 [40 29]]"
894,200,0.1,50,5,dart,0.8,0.4828828828828829,0.4,"{'0': {'precision': 0.42105263157894735, 'recall': 0.4444444444444444, 'f1-score': 0.43243243243243246, 'support': 54.0}, '1': {'precision': 0.5454545454545454, 'recall': 0.5217391304347826, 'f1-score': 0.5333333333333333, 'support': 69.0}, 'accuracy': 0.4878048780487805, 'macro avg': {'precision': 0.4832535885167464, 'recall': 0.4830917874396135, 'f1-score': 0.4828828828828829, 'support': 123.0}, 'weighted avg': {'precision': 0.4908390710701365, 'recall': 0.4878048780487805, 'f1-score': 0.4890353768402549, 'support': 123.0}}","[[24 30]
 [33 36]]"
895,200,0.1,50,5,dart,0.8,0.5201983471074381,0.5,"{'0': {'precision': 0.4647887323943662, 'recall': 0.6111111111111112, 'f1-score': 0.528, 'support': 54.0}, '1': {'precision': 0.5961538461538461, 'recall': 0.4492753623188406, 'f1-score': 0.512396694214876, 'support': 69.0}, 'accuracy': 0.5203252032520326, 'macro avg': {'precision': 0.5304712892741061, 'recall': 0.5301932367149759, 'f1-score': 0.5201983471074381, 'support': 123.0}, 'weighted avg': {'precision': 0.5384813571862697, 'recall': 0.5203252032520326, 'f1-score': 0.5192469260229792, 'support': 123.0}}","[[33 21]
 [38 31]]"
896,200,0.1,50,5,dart,0.8,0.49563492063492065,0.5,"{'0': {'precision': 0.4444444444444444, 'recall': 0.5925925925925926, 'f1-score': 0.5079365079365079, 'support': 54.0}, '1': {'precision': 0.5686274509803921, 'recall': 0.42028985507246375, 'f1-score': 0.48333333333333334, 'support': 69.0}, 'accuracy': 0.4959349593495935, 'macro avg': {'precision': 0.5065359477124183, 'recall': 0.5064412238325282, 'f1-score': 0.49563492063492065, 'support': 123.0}, 'weighted avg': {'precision': 0.5141080822572932, 'recall': 0.4959349593495935, 'f1-score': 0.4941347270615563, 'support': 123.0}}","[[32 22]
 [40 29]]"
897,200,0.1,50,5,dart,1.0,0.4828828828828829,0.4,"{'0': {'precision': 0.42105263157894735, 'recall': 0.4444444444444444, 'f1-score': 0.43243243243243246, 'support': 54.0}, '1': {'precision': 0.5454545454545454, 'recall': 0.5217391304347826, 'f1-score': 0.5333333333333333, 'support': 69.0}, 'accuracy': 0.4878048780487805, 'macro avg': {'precision': 0.4832535885167464, 'recall': 0.4830917874396135, 'f1-score': 0.4828828828828829, 'support': 123.0}, 'weighted avg': {'precision': 0.4908390710701365, 'recall': 0.4878048780487805, 'f1-score': 0.4890353768402549, 'support': 123.0}}","[[24 30]
 [33 36]]"
898,200,0.1,50,5,dart,1.0,0.5201983471074381,0.5,"{'0': {'precision': 0.4647887323943662, 'recall': 0.6111111111111112, 'f1-score': 0.528, 'support': 54.0}, '1': {'precision': 0.5961538461538461, 'recall': 0.4492753623188406, 'f1-score': 0.512396694214876, 'support': 69.0}, 'accuracy': 0.5203252032520326, 'macro avg': {'precision': 0.5304712892741061, 'recall': 0.5301932367149759, 'f1-score': 0.5201983471074381, 'support': 123.0}, 'weighted avg': {'precision': 0.5384813571862697, 'recall': 0.5203252032520326, 'f1-score': 0.5192469260229792, 'support': 123.0}}","[[33 21]
 [38 31]]"
899,200,0.1,50,5,dart,1.0,0.49563492063492065,0.5,"{'0': {'precision': 0.4444444444444444, 'recall': 0.5925925925925926, 'f1-score': 0.5079365079365079, 'support': 54.0}, '1': {'precision': 0.5686274509803921, 'recall': 0.42028985507246375, 'f1-score': 0.48333333333333334, 'support': 69.0}, 'accuracy': 0.4959349593495935, 'macro avg': {'precision': 0.5065359477124183, 'recall': 0.5064412238325282, 'f1-score': 0.49563492063492065, 'support': 123.0}, 'weighted avg': {'precision': 0.5141080822572932, 'recall': 0.4959349593495935, 'f1-score': 0.4941347270615563, 'support': 123.0}}","[[32 22]
 [40 29]]"
900,200,0.1,50,10,gbdt,0.7,0.48611859838274935,0.30000000000000004,"{'0': {'precision': 0.4230769230769231, 'recall': 0.4074074074074074, 'f1-score': 0.41509433962264153, 'support': 54.0}, '1': {'precision': 0.5492957746478874, 'recall': 0.5652173913043478, 'f1-score': 0.5571428571428572, 'support': 69.0}, 'accuracy': 0.4959349593495935, 'macro avg': {'precision': 0.4861863488624052, 'recall': 0.48631239935587756, 'f1-score': 0.48611859838274935, 'support': 123.0}, 'weighted avg': {'precision': 0.4938826202996592, 'recall': 0.4959349593495935, 'f1-score': 0.49478009335349415, 'support': 123.0}}","[[22 32]
 [30 39]]"
901,200,0.1,50,10,gbdt,0.7,0.5157157157157157,0.4,"{'0': {'precision': 0.45614035087719296, 'recall': 0.48148148148148145, 'f1-score': 0.46846846846846846, 'support': 54.0}, '1': {'precision': 0.5757575757575758, 'recall': 0.5507246376811594, 'f1-score': 0.562962962962963, 'support': 69.0}, 'accuracy': 0.5203252032520326, 'macro avg': {'precision': 0.5159489633173844, 'recall': 0.5161030595813204, 'f1-score': 0.5157157157157157, 'support': 123.0}, 'weighted avg': {'precision': 0.523242696541798, 'recall': 0.5203252032520326, 'f1-score': 0.5214775751361118, 'support': 123.0}}","[[26 28]
 [31 38]]"
902,200,0.1,50,10,gbdt,0.7,0.5281746031746032,0.4,"{'0': {'precision': 0.4696969696969697, 'recall': 0.5740740740740741, 'f1-score': 0.5166666666666667, 'support': 54.0}, '1': {'precision': 0.5964912280701754, 'recall': 0.4927536231884058, 'f1-score': 0.5396825396825397, 'support': 69.0}, 'accuracy': 0.5284552845528455, 'macro avg': {'precision': 0.5330940988835726, 'recall': 0.53341384863124, 'f1-score': 0.5281746031746032, 'support': 123.0}, 'weighted avg': {'precision': 0.5408254561014509, 'recall': 0.5284552845528455, 'f1-score': 0.5295780100658148, 'support': 123.0}}","[[31 23]
 [35 34]]"
903,200,0.1,50,10,gbdt,0.8,0.48611859838274935,0.30000000000000004,"{'0': {'precision': 0.4230769230769231, 'recall': 0.4074074074074074, 'f1-score': 0.41509433962264153, 'support': 54.0}, '1': {'precision': 0.5492957746478874, 'recall': 0.5652173913043478, 'f1-score': 0.5571428571428572, 'support': 69.0}, 'accuracy': 0.4959349593495935, 'macro avg': {'precision': 0.4861863488624052, 'recall': 0.48631239935587756, 'f1-score': 0.48611859838274935, 'support': 123.0}, 'weighted avg': {'precision': 0.4938826202996592, 'recall': 0.4959349593495935, 'f1-score': 0.49478009335349415, 'support': 123.0}}","[[22 32]
 [30 39]]"
904,200,0.1,50,10,gbdt,0.8,0.5157157157157157,0.4,"{'0': {'precision': 0.45614035087719296, 'recall': 0.48148148148148145, 'f1-score': 0.46846846846846846, 'support': 54.0}, '1': {'precision': 0.5757575757575758, 'recall': 0.5507246376811594, 'f1-score': 0.562962962962963, 'support': 69.0}, 'accuracy': 0.5203252032520326, 'macro avg': {'precision': 0.5159489633173844, 'recall': 0.5161030595813204, 'f1-score': 0.5157157157157157, 'support': 123.0}, 'weighted avg': {'precision': 0.523242696541798, 'recall': 0.5203252032520326, 'f1-score': 0.5214775751361118, 'support': 123.0}}","[[26 28]
 [31 38]]"
905,200,0.1,50,10,gbdt,0.8,0.5281746031746032,0.4,"{'0': {'precision': 0.4696969696969697, 'recall': 0.5740740740740741, 'f1-score': 0.5166666666666667, 'support': 54.0}, '1': {'precision': 0.5964912280701754, 'recall': 0.4927536231884058, 'f1-score': 0.5396825396825397, 'support': 69.0}, 'accuracy': 0.5284552845528455, 'macro avg': {'precision': 0.5330940988835726, 'recall': 0.53341384863124, 'f1-score': 0.5281746031746032, 'support': 123.0}, 'weighted avg': {'precision': 0.5408254561014509, 'recall': 0.5284552845528455, 'f1-score': 0.5295780100658148, 'support': 123.0}}","[[31 23]
 [35 34]]"
906,200,0.1,50,10,gbdt,1.0,0.48611859838274935,0.30000000000000004,"{'0': {'precision': 0.4230769230769231, 'recall': 0.4074074074074074, 'f1-score': 0.41509433962264153, 'support': 54.0}, '1': {'precision': 0.5492957746478874, 'recall': 0.5652173913043478, 'f1-score': 0.5571428571428572, 'support': 69.0}, 'accuracy': 0.4959349593495935, 'macro avg': {'precision': 0.4861863488624052, 'recall': 0.48631239935587756, 'f1-score': 0.48611859838274935, 'support': 123.0}, 'weighted avg': {'precision': 0.4938826202996592, 'recall': 0.4959349593495935, 'f1-score': 0.49478009335349415, 'support': 123.0}}","[[22 32]
 [30 39]]"
907,200,0.1,50,10,gbdt,1.0,0.5157157157157157,0.4,"{'0': {'precision': 0.45614035087719296, 'recall': 0.48148148148148145, 'f1-score': 0.46846846846846846, 'support': 54.0}, '1': {'precision': 0.5757575757575758, 'recall': 0.5507246376811594, 'f1-score': 0.562962962962963, 'support': 69.0}, 'accuracy': 0.5203252032520326, 'macro avg': {'precision': 0.5159489633173844, 'recall': 0.5161030595813204, 'f1-score': 0.5157157157157157, 'support': 123.0}, 'weighted avg': {'precision': 0.523242696541798, 'recall': 0.5203252032520326, 'f1-score': 0.5214775751361118, 'support': 123.0}}","[[26 28]
 [31 38]]"
908,200,0.1,50,10,gbdt,1.0,0.5281746031746032,0.4,"{'0': {'precision': 0.4696969696969697, 'recall': 0.5740740740740741, 'f1-score': 0.5166666666666667, 'support': 54.0}, '1': {'precision': 0.5964912280701754, 'recall': 0.4927536231884058, 'f1-score': 0.5396825396825397, 'support': 69.0}, 'accuracy': 0.5284552845528455, 'macro avg': {'precision': 0.5330940988835726, 'recall': 0.53341384863124, 'f1-score': 0.5281746031746032, 'support': 123.0}, 'weighted avg': {'precision': 0.5408254561014509, 'recall': 0.5284552845528455, 'f1-score': 0.5295780100658148, 'support': 123.0}}","[[31 23]
 [35 34]]"
909,200,0.1,50,10,dart,0.7,0.4951006355932204,0.5,"{'0': {'precision': 0.4375, 'recall': 0.5185185185185185, 'f1-score': 0.4745762711864407, 'support': 54.0}, '1': {'precision': 0.559322033898305, 'recall': 0.4782608695652174, 'f1-score': 0.515625, 'support': 69.0}, 'accuracy': 0.4959349593495935, 'macro avg': {'precision': 0.4984110169491525, 'recall': 0.49838969404186795, 'f1-score': 0.4951006355932204, 'support': 123.0}, 'weighted avg': {'precision': 0.5058391897478296, 'recall': 0.4959349593495935, 'f1-score': 0.4976036068623398, 'support': 123.0}}","[[28 26]
 [36 33]]"
910,200,0.1,50,10,dart,0.7,0.5113877118644068,0.5,"{'0': {'precision': 0.4594594594594595, 'recall': 0.6296296296296297, 'f1-score': 0.53125, 'support': 54.0}, '1': {'precision': 0.5918367346938775, 'recall': 0.42028985507246375, 'f1-score': 0.4915254237288136, 'support': 69.0}, 'accuracy': 0.5121951219512195, 'macro avg': {'precision': 0.5256480970766685, 'recall': 0.5249597423510467, 'f1-score': 0.5113877118644068, 'support': 123.0}, 'weighted avg': {'precision': 0.5337198821519379, 'recall': 0.5121951219512195, 'f1-score': 0.5089654816039686, 'support': 123.0}}","[[34 20]
 [40 29]]"
911,200,0.1,50,10,dart,0.7,0.4718196457326892,0.4,"{'0': {'precision': 0.4074074074074074, 'recall': 0.4074074074074074, 'f1-score': 0.4074074074074074, 'support': 54.0}, '1': {'precision': 0.5362318840579711, 'recall': 0.5362318840579711, 'f1-score': 0.5362318840579711, 'support': 69.0}, 'accuracy': 0.4796747967479675, 'macro avg': {'precision': 0.4718196457326892, 'recall': 0.4718196457326892, 'f1-score': 0.4718196457326892, 'support': 123.0}, 'weighted avg': {'precision': 0.4796747967479675, 'recall': 0.4796747967479675, 'f1-score': 0.4796747967479675, 'support': 123.0}}","[[22 32]
 [32 37]]"
912,200,0.1,50,10,dart,0.8,0.4951006355932204,0.5,"{'0': {'precision': 0.4375, 'recall': 0.5185185185185185, 'f1-score': 0.4745762711864407, 'support': 54.0}, '1': {'precision': 0.559322033898305, 'recall': 0.4782608695652174, 'f1-score': 0.515625, 'support': 69.0}, 'accuracy': 0.4959349593495935, 'macro avg': {'precision': 0.4984110169491525, 'recall': 0.49838969404186795, 'f1-score': 0.4951006355932204, 'support': 123.0}, 'weighted avg': {'precision': 0.5058391897478296, 'recall': 0.4959349593495935, 'f1-score': 0.4976036068623398, 'support': 123.0}}","[[28 26]
 [36 33]]"
913,200,0.1,50,10,dart,0.8,0.5113877118644068,0.5,"{'0': {'precision': 0.4594594594594595, 'recall': 0.6296296296296297, 'f1-score': 0.53125, 'support': 54.0}, '1': {'precision': 0.5918367346938775, 'recall': 0.42028985507246375, 'f1-score': 0.4915254237288136, 'support': 69.0}, 'accuracy': 0.5121951219512195, 'macro avg': {'precision': 0.5256480970766685, 'recall': 0.5249597423510467, 'f1-score': 0.5113877118644068, 'support': 123.0}, 'weighted avg': {'precision': 0.5337198821519379, 'recall': 0.5121951219512195, 'f1-score': 0.5089654816039686, 'support': 123.0}}","[[34 20]
 [40 29]]"
914,200,0.1,50,10,dart,0.8,0.4718196457326892,0.4,"{'0': {'precision': 0.4074074074074074, 'recall': 0.4074074074074074, 'f1-score': 0.4074074074074074, 'support': 54.0}, '1': {'precision': 0.5362318840579711, 'recall': 0.5362318840579711, 'f1-score': 0.5362318840579711, 'support': 69.0}, 'accuracy': 0.4796747967479675, 'macro avg': {'precision': 0.4718196457326892, 'recall': 0.4718196457326892, 'f1-score': 0.4718196457326892, 'support': 123.0}, 'weighted avg': {'precision': 0.4796747967479675, 'recall': 0.4796747967479675, 'f1-score': 0.4796747967479675, 'support': 123.0}}","[[22 32]
 [32 37]]"
915,200,0.1,50,10,dart,1.0,0.4951006355932204,0.5,"{'0': {'precision': 0.4375, 'recall': 0.5185185185185185, 'f1-score': 0.4745762711864407, 'support': 54.0}, '1': {'precision': 0.559322033898305, 'recall': 0.4782608695652174, 'f1-score': 0.515625, 'support': 69.0}, 'accuracy': 0.4959349593495935, 'macro avg': {'precision': 0.4984110169491525, 'recall': 0.49838969404186795, 'f1-score': 0.4951006355932204, 'support': 123.0}, 'weighted avg': {'precision': 0.5058391897478296, 'recall': 0.4959349593495935, 'f1-score': 0.4976036068623398, 'support': 123.0}}","[[28 26]
 [36 33]]"
916,200,0.1,50,10,dart,1.0,0.5113877118644068,0.5,"{'0': {'precision': 0.4594594594594595, 'recall': 0.6296296296296297, 'f1-score': 0.53125, 'support': 54.0}, '1': {'precision': 0.5918367346938775, 'recall': 0.42028985507246375, 'f1-score': 0.4915254237288136, 'support': 69.0}, 'accuracy': 0.5121951219512195, 'macro avg': {'precision': 0.5256480970766685, 'recall': 0.5249597423510467, 'f1-score': 0.5113877118644068, 'support': 123.0}, 'weighted avg': {'precision': 0.5337198821519379, 'recall': 0.5121951219512195, 'f1-score': 0.5089654816039686, 'support': 123.0}}","[[34 20]
 [40 29]]"
917,200,0.1,50,10,dart,1.0,0.4718196457326892,0.4,"{'0': {'precision': 0.4074074074074074, 'recall': 0.4074074074074074, 'f1-score': 0.4074074074074074, 'support': 54.0}, '1': {'precision': 0.5362318840579711, 'recall': 0.5362318840579711, 'f1-score': 0.5362318840579711, 'support': 69.0}, 'accuracy': 0.4796747967479675, 'macro avg': {'precision': 0.4718196457326892, 'recall': 0.4718196457326892, 'f1-score': 0.4718196457326892, 'support': 123.0}, 'weighted avg': {'precision': 0.4796747967479675, 'recall': 0.4796747967479675, 'f1-score': 0.4796747967479675, 'support': 123.0}}","[[22 32]
 [32 37]]"
918,200,0.1,70,-1,gbdt,0.7,0.48611859838274935,0.30000000000000004,"{'0': {'precision': 0.4230769230769231, 'recall': 0.4074074074074074, 'f1-score': 0.41509433962264153, 'support': 54.0}, '1': {'precision': 0.5492957746478874, 'recall': 0.5652173913043478, 'f1-score': 0.5571428571428572, 'support': 69.0}, 'accuracy': 0.4959349593495935, 'macro avg': {'precision': 0.4861863488624052, 'recall': 0.48631239935587756, 'f1-score': 0.48611859838274935, 'support': 123.0}, 'weighted avg': {'precision': 0.4938826202996592, 'recall': 0.4959349593495935, 'f1-score': 0.49478009335349415, 'support': 123.0}}","[[22 32]
 [30 39]]"
919,200,0.1,70,-1,gbdt,0.7,0.5157157157157157,0.4,"{'0': {'precision': 0.45614035087719296, 'recall': 0.48148148148148145, 'f1-score': 0.46846846846846846, 'support': 54.0}, '1': {'precision': 0.5757575757575758, 'recall': 0.5507246376811594, 'f1-score': 0.562962962962963, 'support': 69.0}, 'accuracy': 0.5203252032520326, 'macro avg': {'precision': 0.5159489633173844, 'recall': 0.5161030595813204, 'f1-score': 0.5157157157157157, 'support': 123.0}, 'weighted avg': {'precision': 0.523242696541798, 'recall': 0.5203252032520326, 'f1-score': 0.5214775751361118, 'support': 123.0}}","[[26 28]
 [31 38]]"
920,200,0.1,70,-1,gbdt,0.7,0.4793650793650793,0.5,"{'0': {'precision': 0.4305555555555556, 'recall': 0.5740740740740741, 'f1-score': 0.49206349206349204, 'support': 54.0}, '1': {'precision': 0.5490196078431373, 'recall': 0.4057971014492754, 'f1-score': 0.4666666666666667, 'support': 69.0}, 'accuracy': 0.4796747967479675, 'macro avg': {'precision': 0.48978758169934644, 'recall': 0.48993558776167473, 'f1-score': 0.4793650793650793, 'support': 123.0}, 'weighted avg': {'precision': 0.4970109995217599, 'recall': 0.4796747967479675, 'f1-score': 0.4778164924506388, 'support': 123.0}}","[[31 23]
 [41 28]]"
921,200,0.1,70,-1,gbdt,0.8,0.48611859838274935,0.30000000000000004,"{'0': {'precision': 0.4230769230769231, 'recall': 0.4074074074074074, 'f1-score': 0.41509433962264153, 'support': 54.0}, '1': {'precision': 0.5492957746478874, 'recall': 0.5652173913043478, 'f1-score': 0.5571428571428572, 'support': 69.0}, 'accuracy': 0.4959349593495935, 'macro avg': {'precision': 0.4861863488624052, 'recall': 0.48631239935587756, 'f1-score': 0.48611859838274935, 'support': 123.0}, 'weighted avg': {'precision': 0.4938826202996592, 'recall': 0.4959349593495935, 'f1-score': 0.49478009335349415, 'support': 123.0}}","[[22 32]
 [30 39]]"
922,200,0.1,70,-1,gbdt,0.8,0.5157157157157157,0.4,"{'0': {'precision': 0.45614035087719296, 'recall': 0.48148148148148145, 'f1-score': 0.46846846846846846, 'support': 54.0}, '1': {'precision': 0.5757575757575758, 'recall': 0.5507246376811594, 'f1-score': 0.562962962962963, 'support': 69.0}, 'accuracy': 0.5203252032520326, 'macro avg': {'precision': 0.5159489633173844, 'recall': 0.5161030595813204, 'f1-score': 0.5157157157157157, 'support': 123.0}, 'weighted avg': {'precision': 0.523242696541798, 'recall': 0.5203252032520326, 'f1-score': 0.5214775751361118, 'support': 123.0}}","[[26 28]
 [31 38]]"
923,200,0.1,70,-1,gbdt,0.8,0.4793650793650793,0.5,"{'0': {'precision': 0.4305555555555556, 'recall': 0.5740740740740741, 'f1-score': 0.49206349206349204, 'support': 54.0}, '1': {'precision': 0.5490196078431373, 'recall': 0.4057971014492754, 'f1-score': 0.4666666666666667, 'support': 69.0}, 'accuracy': 0.4796747967479675, 'macro avg': {'precision': 0.48978758169934644, 'recall': 0.48993558776167473, 'f1-score': 0.4793650793650793, 'support': 123.0}, 'weighted avg': {'precision': 0.4970109995217599, 'recall': 0.4796747967479675, 'f1-score': 0.4778164924506388, 'support': 123.0}}","[[31 23]
 [41 28]]"
924,200,0.1,70,-1,gbdt,1.0,0.48611859838274935,0.30000000000000004,"{'0': {'precision': 0.4230769230769231, 'recall': 0.4074074074074074, 'f1-score': 0.41509433962264153, 'support': 54.0}, '1': {'precision': 0.5492957746478874, 'recall': 0.5652173913043478, 'f1-score': 0.5571428571428572, 'support': 69.0}, 'accuracy': 0.4959349593495935, 'macro avg': {'precision': 0.4861863488624052, 'recall': 0.48631239935587756, 'f1-score': 0.48611859838274935, 'support': 123.0}, 'weighted avg': {'precision': 0.4938826202996592, 'recall': 0.4959349593495935, 'f1-score': 0.49478009335349415, 'support': 123.0}}","[[22 32]
 [30 39]]"
925,200,0.1,70,-1,gbdt,1.0,0.5157157157157157,0.4,"{'0': {'precision': 0.45614035087719296, 'recall': 0.48148148148148145, 'f1-score': 0.46846846846846846, 'support': 54.0}, '1': {'precision': 0.5757575757575758, 'recall': 0.5507246376811594, 'f1-score': 0.562962962962963, 'support': 69.0}, 'accuracy': 0.5203252032520326, 'macro avg': {'precision': 0.5159489633173844, 'recall': 0.5161030595813204, 'f1-score': 0.5157157157157157, 'support': 123.0}, 'weighted avg': {'precision': 0.523242696541798, 'recall': 0.5203252032520326, 'f1-score': 0.5214775751361118, 'support': 123.0}}","[[26 28]
 [31 38]]"
926,200,0.1,70,-1,gbdt,1.0,0.4793650793650793,0.5,"{'0': {'precision': 0.4305555555555556, 'recall': 0.5740740740740741, 'f1-score': 0.49206349206349204, 'support': 54.0}, '1': {'precision': 0.5490196078431373, 'recall': 0.4057971014492754, 'f1-score': 0.4666666666666667, 'support': 69.0}, 'accuracy': 0.4796747967479675, 'macro avg': {'precision': 0.48978758169934644, 'recall': 0.48993558776167473, 'f1-score': 0.4793650793650793, 'support': 123.0}, 'weighted avg': {'precision': 0.4970109995217599, 'recall': 0.4796747967479675, 'f1-score': 0.4778164924506388, 'support': 123.0}}","[[31 23]
 [41 28]]"
927,200,0.1,70,-1,dart,0.7,0.4951006355932204,0.5,"{'0': {'precision': 0.4375, 'recall': 0.5185185185185185, 'f1-score': 0.4745762711864407, 'support': 54.0}, '1': {'precision': 0.559322033898305, 'recall': 0.4782608695652174, 'f1-score': 0.515625, 'support': 69.0}, 'accuracy': 0.4959349593495935, 'macro avg': {'precision': 0.4984110169491525, 'recall': 0.49838969404186795, 'f1-score': 0.4951006355932204, 'support': 123.0}, 'weighted avg': {'precision': 0.5058391897478296, 'recall': 0.4959349593495935, 'f1-score': 0.4976036068623398, 'support': 123.0}}","[[28 26]
 [36 33]]"
928,200,0.1,70,-1,dart,0.7,0.5284241142252777,0.5,"{'0': {'precision': 0.4714285714285714, 'recall': 0.6111111111111112, 'f1-score': 0.532258064516129, 'support': 54.0}, '1': {'precision': 0.6037735849056604, 'recall': 0.463768115942029, 'f1-score': 0.5245901639344263, 'support': 69.0}, 'accuracy': 0.5284552845528455, 'macro avg': {'precision': 0.5376010781671159, 'recall': 0.5374396135265701, 'f1-score': 0.5284241142252777, 'support': 123.0}, 'weighted avg': {'precision': 0.5456708960620603, 'recall': 0.5284552845528455, 'f1-score': 0.5279565593117592, 'support': 123.0}}","[[33 21]
 [37 32]]"
929,200,0.1,70,-1,dart,0.7,0.4718196457326892,0.4,"{'0': {'precision': 0.4074074074074074, 'recall': 0.4074074074074074, 'f1-score': 0.4074074074074074, 'support': 54.0}, '1': {'precision': 0.5362318840579711, 'recall': 0.5362318840579711, 'f1-score': 0.5362318840579711, 'support': 69.0}, 'accuracy': 0.4796747967479675, 'macro avg': {'precision': 0.4718196457326892, 'recall': 0.4718196457326892, 'f1-score': 0.4718196457326892, 'support': 123.0}, 'weighted avg': {'precision': 0.4796747967479675, 'recall': 0.4796747967479675, 'f1-score': 0.4796747967479675, 'support': 123.0}}","[[22 32]
 [32 37]]"
930,200,0.1,70,-1,dart,0.8,0.4951006355932204,0.5,"{'0': {'precision': 0.4375, 'recall': 0.5185185185185185, 'f1-score': 0.4745762711864407, 'support': 54.0}, '1': {'precision': 0.559322033898305, 'recall': 0.4782608695652174, 'f1-score': 0.515625, 'support': 69.0}, 'accuracy': 0.4959349593495935, 'macro avg': {'precision': 0.4984110169491525, 'recall': 0.49838969404186795, 'f1-score': 0.4951006355932204, 'support': 123.0}, 'weighted avg': {'precision': 0.5058391897478296, 'recall': 0.4959349593495935, 'f1-score': 0.4976036068623398, 'support': 123.0}}","[[28 26]
 [36 33]]"
931,200,0.1,70,-1,dart,0.8,0.5284241142252777,0.5,"{'0': {'precision': 0.4714285714285714, 'recall': 0.6111111111111112, 'f1-score': 0.532258064516129, 'support': 54.0}, '1': {'precision': 0.6037735849056604, 'recall': 0.463768115942029, 'f1-score': 0.5245901639344263, 'support': 69.0}, 'accuracy': 0.5284552845528455, 'macro avg': {'precision': 0.5376010781671159, 'recall': 0.5374396135265701, 'f1-score': 0.5284241142252777, 'support': 123.0}, 'weighted avg': {'precision': 0.5456708960620603, 'recall': 0.5284552845528455, 'f1-score': 0.5279565593117592, 'support': 123.0}}","[[33 21]
 [37 32]]"
932,200,0.1,70,-1,dart,0.8,0.4718196457326892,0.4,"{'0': {'precision': 0.4074074074074074, 'recall': 0.4074074074074074, 'f1-score': 0.4074074074074074, 'support': 54.0}, '1': {'precision': 0.5362318840579711, 'recall': 0.5362318840579711, 'f1-score': 0.5362318840579711, 'support': 69.0}, 'accuracy': 0.4796747967479675, 'macro avg': {'precision': 0.4718196457326892, 'recall': 0.4718196457326892, 'f1-score': 0.4718196457326892, 'support': 123.0}, 'weighted avg': {'precision': 0.4796747967479675, 'recall': 0.4796747967479675, 'f1-score': 0.4796747967479675, 'support': 123.0}}","[[22 32]
 [32 37]]"
933,200,0.1,70,-1,dart,1.0,0.4951006355932204,0.5,"{'0': {'precision': 0.4375, 'recall': 0.5185185185185185, 'f1-score': 0.4745762711864407, 'support': 54.0}, '1': {'precision': 0.559322033898305, 'recall': 0.4782608695652174, 'f1-score': 0.515625, 'support': 69.0}, 'accuracy': 0.4959349593495935, 'macro avg': {'precision': 0.4984110169491525, 'recall': 0.49838969404186795, 'f1-score': 0.4951006355932204, 'support': 123.0}, 'weighted avg': {'precision': 0.5058391897478296, 'recall': 0.4959349593495935, 'f1-score': 0.4976036068623398, 'support': 123.0}}","[[28 26]
 [36 33]]"
934,200,0.1,70,-1,dart,1.0,0.5284241142252777,0.5,"{'0': {'precision': 0.4714285714285714, 'recall': 0.6111111111111112, 'f1-score': 0.532258064516129, 'support': 54.0}, '1': {'precision': 0.6037735849056604, 'recall': 0.463768115942029, 'f1-score': 0.5245901639344263, 'support': 69.0}, 'accuracy': 0.5284552845528455, 'macro avg': {'precision': 0.5376010781671159, 'recall': 0.5374396135265701, 'f1-score': 0.5284241142252777, 'support': 123.0}, 'weighted avg': {'precision': 0.5456708960620603, 'recall': 0.5284552845528455, 'f1-score': 0.5279565593117592, 'support': 123.0}}","[[33 21]
 [37 32]]"
935,200,0.1,70,-1,dart,1.0,0.4718196457326892,0.4,"{'0': {'precision': 0.4074074074074074, 'recall': 0.4074074074074074, 'f1-score': 0.4074074074074074, 'support': 54.0}, '1': {'precision': 0.5362318840579711, 'recall': 0.5362318840579711, 'f1-score': 0.5362318840579711, 'support': 69.0}, 'accuracy': 0.4796747967479675, 'macro avg': {'precision': 0.4718196457326892, 'recall': 0.4718196457326892, 'f1-score': 0.4718196457326892, 'support': 123.0}, 'weighted avg': {'precision': 0.4796747967479675, 'recall': 0.4796747967479675, 'f1-score': 0.4796747967479675, 'support': 123.0}}","[[22 32]
 [32 37]]"
936,200,0.1,70,5,gbdt,0.7,0.4779840848806366,0.6000000000000001,"{'0': {'precision': 0.4342105263157895, 'recall': 0.6111111111111112, 'f1-score': 0.5076923076923077, 'support': 54.0}, '1': {'precision': 0.5531914893617021, 'recall': 0.37681159420289856, 'f1-score': 0.4482758620689655, 'support': 69.0}, 'accuracy': 0.4796747967479675, 'macro avg': {'precision': 0.4937010078387458, 'recall': 0.49396135265700486, 'f1-score': 0.4779840848806366, 'support': 123.0}, 'weighted avg': {'precision': 0.5009559446098382, 'recall': 0.4796747967479675, 'f1-score': 0.47436113087921333, 'support': 123.0}}","[[33 21]
 [43 26]]"
937,200,0.1,70,5,gbdt,0.7,0.5524258760107816,0.30000000000000004,"{'0': {'precision': 0.5, 'recall': 0.48148148148148145, 'f1-score': 0.49056603773584906, 'support': 54.0}, '1': {'precision': 0.6056338028169014, 'recall': 0.6231884057971014, 'f1-score': 0.6142857142857143, 'support': 69.0}, 'accuracy': 0.5609756097560976, 'macro avg': {'precision': 0.5528169014084507, 'recall': 0.5523349436392915, 'f1-score': 0.5524258760107816, 'support': 123.0}, 'weighted avg': {'precision': 0.5592579869460667, 'recall': 0.5609756097560976, 'f1-score': 0.5599697587272369, 'support': 123.0}}","[[26 28]
 [26 43]]"
938,200,0.1,70,5,gbdt,0.7,0.48439683278993945,0.6000000000000001,"{'0': {'precision': 0.4430379746835443, 'recall': 0.6481481481481481, 'f1-score': 0.5263157894736842, 'support': 54.0}, '1': {'precision': 0.5681818181818182, 'recall': 0.36231884057971014, 'f1-score': 0.4424778761061947, 'support': 69.0}, 'accuracy': 0.4878048780487805, 'macro avg': {'precision': 0.5056098964326813, 'recall': 0.5052334943639292, 'f1-score': 0.48439683278993945, 'support': 123.0}, 'weighted avg': {'precision': 0.5132406185972103, 'recall': 0.4878048780487805, 'f1-score': 0.4792847649016779, 'support': 123.0}}","[[35 19]
 [44 25]]"
939,200,0.1,70,5,gbdt,0.8,0.4779840848806366,0.6000000000000001,"{'0': {'precision': 0.4342105263157895, 'recall': 0.6111111111111112, 'f1-score': 0.5076923076923077, 'support': 54.0}, '1': {'precision': 0.5531914893617021, 'recall': 0.37681159420289856, 'f1-score': 0.4482758620689655, 'support': 69.0}, 'accuracy': 0.4796747967479675, 'macro avg': {'precision': 0.4937010078387458, 'recall': 0.49396135265700486, 'f1-score': 0.4779840848806366, 'support': 123.0}, 'weighted avg': {'precision': 0.5009559446098382, 'recall': 0.4796747967479675, 'f1-score': 0.47436113087921333, 'support': 123.0}}","[[33 21]
 [43 26]]"
940,200,0.1,70,5,gbdt,0.8,0.5524258760107816,0.30000000000000004,"{'0': {'precision': 0.5, 'recall': 0.48148148148148145, 'f1-score': 0.49056603773584906, 'support': 54.0}, '1': {'precision': 0.6056338028169014, 'recall': 0.6231884057971014, 'f1-score': 0.6142857142857143, 'support': 69.0}, 'accuracy': 0.5609756097560976, 'macro avg': {'precision': 0.5528169014084507, 'recall': 0.5523349436392915, 'f1-score': 0.5524258760107816, 'support': 123.0}, 'weighted avg': {'precision': 0.5592579869460667, 'recall': 0.5609756097560976, 'f1-score': 0.5599697587272369, 'support': 123.0}}","[[26 28]
 [26 43]]"
941,200,0.1,70,5,gbdt,0.8,0.48439683278993945,0.6000000000000001,"{'0': {'precision': 0.4430379746835443, 'recall': 0.6481481481481481, 'f1-score': 0.5263157894736842, 'support': 54.0}, '1': {'precision': 0.5681818181818182, 'recall': 0.36231884057971014, 'f1-score': 0.4424778761061947, 'support': 69.0}, 'accuracy': 0.4878048780487805, 'macro avg': {'precision': 0.5056098964326813, 'recall': 0.5052334943639292, 'f1-score': 0.48439683278993945, 'support': 123.0}, 'weighted avg': {'precision': 0.5132406185972103, 'recall': 0.4878048780487805, 'f1-score': 0.4792847649016779, 'support': 123.0}}","[[35 19]
 [44 25]]"
942,200,0.1,70,5,gbdt,1.0,0.4779840848806366,0.6000000000000001,"{'0': {'precision': 0.4342105263157895, 'recall': 0.6111111111111112, 'f1-score': 0.5076923076923077, 'support': 54.0}, '1': {'precision': 0.5531914893617021, 'recall': 0.37681159420289856, 'f1-score': 0.4482758620689655, 'support': 69.0}, 'accuracy': 0.4796747967479675, 'macro avg': {'precision': 0.4937010078387458, 'recall': 0.49396135265700486, 'f1-score': 0.4779840848806366, 'support': 123.0}, 'weighted avg': {'precision': 0.5009559446098382, 'recall': 0.4796747967479675, 'f1-score': 0.47436113087921333, 'support': 123.0}}","[[33 21]
 [43 26]]"
943,200,0.1,70,5,gbdt,1.0,0.5524258760107816,0.30000000000000004,"{'0': {'precision': 0.5, 'recall': 0.48148148148148145, 'f1-score': 0.49056603773584906, 'support': 54.0}, '1': {'precision': 0.6056338028169014, 'recall': 0.6231884057971014, 'f1-score': 0.6142857142857143, 'support': 69.0}, 'accuracy': 0.5609756097560976, 'macro avg': {'precision': 0.5528169014084507, 'recall': 0.5523349436392915, 'f1-score': 0.5524258760107816, 'support': 123.0}, 'weighted avg': {'precision': 0.5592579869460667, 'recall': 0.5609756097560976, 'f1-score': 0.5599697587272369, 'support': 123.0}}","[[26 28]
 [26 43]]"
944,200,0.1,70,5,gbdt,1.0,0.48439683278993945,0.6000000000000001,"{'0': {'precision': 0.4430379746835443, 'recall': 0.6481481481481481, 'f1-score': 0.5263157894736842, 'support': 54.0}, '1': {'precision': 0.5681818181818182, 'recall': 0.36231884057971014, 'f1-score': 0.4424778761061947, 'support': 69.0}, 'accuracy': 0.4878048780487805, 'macro avg': {'precision': 0.5056098964326813, 'recall': 0.5052334943639292, 'f1-score': 0.48439683278993945, 'support': 123.0}, 'weighted avg': {'precision': 0.5132406185972103, 'recall': 0.4878048780487805, 'f1-score': 0.4792847649016779, 'support': 123.0}}","[[35 19]
 [44 25]]"
945,200,0.1,70,5,dart,0.7,0.4828828828828829,0.4,"{'0': {'precision': 0.42105263157894735, 'recall': 0.4444444444444444, 'f1-score': 0.43243243243243246, 'support': 54.0}, '1': {'precision': 0.5454545454545454, 'recall': 0.5217391304347826, 'f1-score': 0.5333333333333333, 'support': 69.0}, 'accuracy': 0.4878048780487805, 'macro avg': {'precision': 0.4832535885167464, 'recall': 0.4830917874396135, 'f1-score': 0.4828828828828829, 'support': 123.0}, 'weighted avg': {'precision': 0.4908390710701365, 'recall': 0.4878048780487805, 'f1-score': 0.4890353768402549, 'support': 123.0}}","[[24 30]
 [33 36]]"
946,200,0.1,70,5,dart,0.7,0.5201983471074381,0.5,"{'0': {'precision': 0.4647887323943662, 'recall': 0.6111111111111112, 'f1-score': 0.528, 'support': 54.0}, '1': {'precision': 0.5961538461538461, 'recall': 0.4492753623188406, 'f1-score': 0.512396694214876, 'support': 69.0}, 'accuracy': 0.5203252032520326, 'macro avg': {'precision': 0.5304712892741061, 'recall': 0.5301932367149759, 'f1-score': 0.5201983471074381, 'support': 123.0}, 'weighted avg': {'precision': 0.5384813571862697, 'recall': 0.5203252032520326, 'f1-score': 0.5192469260229792, 'support': 123.0}}","[[33 21]
 [38 31]]"
947,200,0.1,70,5,dart,0.7,0.49563492063492065,0.5,"{'0': {'precision': 0.4444444444444444, 'recall': 0.5925925925925926, 'f1-score': 0.5079365079365079, 'support': 54.0}, '1': {'precision': 0.5686274509803921, 'recall': 0.42028985507246375, 'f1-score': 0.48333333333333334, 'support': 69.0}, 'accuracy': 0.4959349593495935, 'macro avg': {'precision': 0.5065359477124183, 'recall': 0.5064412238325282, 'f1-score': 0.49563492063492065, 'support': 123.0}, 'weighted avg': {'precision': 0.5141080822572932, 'recall': 0.4959349593495935, 'f1-score': 0.4941347270615563, 'support': 123.0}}","[[32 22]
 [40 29]]"
948,200,0.1,70,5,dart,0.8,0.4828828828828829,0.4,"{'0': {'precision': 0.42105263157894735, 'recall': 0.4444444444444444, 'f1-score': 0.43243243243243246, 'support': 54.0}, '1': {'precision': 0.5454545454545454, 'recall': 0.5217391304347826, 'f1-score': 0.5333333333333333, 'support': 69.0}, 'accuracy': 0.4878048780487805, 'macro avg': {'precision': 0.4832535885167464, 'recall': 0.4830917874396135, 'f1-score': 0.4828828828828829, 'support': 123.0}, 'weighted avg': {'precision': 0.4908390710701365, 'recall': 0.4878048780487805, 'f1-score': 0.4890353768402549, 'support': 123.0}}","[[24 30]
 [33 36]]"
949,200,0.1,70,5,dart,0.8,0.5201983471074381,0.5,"{'0': {'precision': 0.4647887323943662, 'recall': 0.6111111111111112, 'f1-score': 0.528, 'support': 54.0}, '1': {'precision': 0.5961538461538461, 'recall': 0.4492753623188406, 'f1-score': 0.512396694214876, 'support': 69.0}, 'accuracy': 0.5203252032520326, 'macro avg': {'precision': 0.5304712892741061, 'recall': 0.5301932367149759, 'f1-score': 0.5201983471074381, 'support': 123.0}, 'weighted avg': {'precision': 0.5384813571862697, 'recall': 0.5203252032520326, 'f1-score': 0.5192469260229792, 'support': 123.0}}","[[33 21]
 [38 31]]"
950,200,0.1,70,5,dart,0.8,0.49563492063492065,0.5,"{'0': {'precision': 0.4444444444444444, 'recall': 0.5925925925925926, 'f1-score': 0.5079365079365079, 'support': 54.0}, '1': {'precision': 0.5686274509803921, 'recall': 0.42028985507246375, 'f1-score': 0.48333333333333334, 'support': 69.0}, 'accuracy': 0.4959349593495935, 'macro avg': {'precision': 0.5065359477124183, 'recall': 0.5064412238325282, 'f1-score': 0.49563492063492065, 'support': 123.0}, 'weighted avg': {'precision': 0.5141080822572932, 'recall': 0.4959349593495935, 'f1-score': 0.4941347270615563, 'support': 123.0}}","[[32 22]
 [40 29]]"
951,200,0.1,70,5,dart,1.0,0.4828828828828829,0.4,"{'0': {'precision': 0.42105263157894735, 'recall': 0.4444444444444444, 'f1-score': 0.43243243243243246, 'support': 54.0}, '1': {'precision': 0.5454545454545454, 'recall': 0.5217391304347826, 'f1-score': 0.5333333333333333, 'support': 69.0}, 'accuracy': 0.4878048780487805, 'macro avg': {'precision': 0.4832535885167464, 'recall': 0.4830917874396135, 'f1-score': 0.4828828828828829, 'support': 123.0}, 'weighted avg': {'precision': 0.4908390710701365, 'recall': 0.4878048780487805, 'f1-score': 0.4890353768402549, 'support': 123.0}}","[[24 30]
 [33 36]]"
952,200,0.1,70,5,dart,1.0,0.5201983471074381,0.5,"{'0': {'precision': 0.4647887323943662, 'recall': 0.6111111111111112, 'f1-score': 0.528, 'support': 54.0}, '1': {'precision': 0.5961538461538461, 'recall': 0.4492753623188406, 'f1-score': 0.512396694214876, 'support': 69.0}, 'accuracy': 0.5203252032520326, 'macro avg': {'precision': 0.5304712892741061, 'recall': 0.5301932367149759, 'f1-score': 0.5201983471074381, 'support': 123.0}, 'weighted avg': {'precision': 0.5384813571862697, 'recall': 0.5203252032520326, 'f1-score': 0.5192469260229792, 'support': 123.0}}","[[33 21]
 [38 31]]"
953,200,0.1,70,5,dart,1.0,0.49563492063492065,0.5,"{'0': {'precision': 0.4444444444444444, 'recall': 0.5925925925925926, 'f1-score': 0.5079365079365079, 'support': 54.0}, '1': {'precision': 0.5686274509803921, 'recall': 0.42028985507246375, 'f1-score': 0.48333333333333334, 'support': 69.0}, 'accuracy': 0.4959349593495935, 'macro avg': {'precision': 0.5065359477124183, 'recall': 0.5064412238325282, 'f1-score': 0.49563492063492065, 'support': 123.0}, 'weighted avg': {'precision': 0.5141080822572932, 'recall': 0.4959349593495935, 'f1-score': 0.4941347270615563, 'support': 123.0}}","[[32 22]
 [40 29]]"
954,200,0.1,70,10,gbdt,0.7,0.48611859838274935,0.30000000000000004,"{'0': {'precision': 0.4230769230769231, 'recall': 0.4074074074074074, 'f1-score': 0.41509433962264153, 'support': 54.0}, '1': {'precision': 0.5492957746478874, 'recall': 0.5652173913043478, 'f1-score': 0.5571428571428572, 'support': 69.0}, 'accuracy': 0.4959349593495935, 'macro avg': {'precision': 0.4861863488624052, 'recall': 0.48631239935587756, 'f1-score': 0.48611859838274935, 'support': 123.0}, 'weighted avg': {'precision': 0.4938826202996592, 'recall': 0.4959349593495935, 'f1-score': 0.49478009335349415, 'support': 123.0}}","[[22 32]
 [30 39]]"
955,200,0.1,70,10,gbdt,0.7,0.5157157157157157,0.4,"{'0': {'precision': 0.45614035087719296, 'recall': 0.48148148148148145, 'f1-score': 0.46846846846846846, 'support': 54.0}, '1': {'precision': 0.5757575757575758, 'recall': 0.5507246376811594, 'f1-score': 0.562962962962963, 'support': 69.0}, 'accuracy': 0.5203252032520326, 'macro avg': {'precision': 0.5159489633173844, 'recall': 0.5161030595813204, 'f1-score': 0.5157157157157157, 'support': 123.0}, 'weighted avg': {'precision': 0.523242696541798, 'recall': 0.5203252032520326, 'f1-score': 0.5214775751361118, 'support': 123.0}}","[[26 28]
 [31 38]]"
956,200,0.1,70,10,gbdt,0.7,0.5281746031746032,0.4,"{'0': {'precision': 0.4696969696969697, 'recall': 0.5740740740740741, 'f1-score': 0.5166666666666667, 'support': 54.0}, '1': {'precision': 0.5964912280701754, 'recall': 0.4927536231884058, 'f1-score': 0.5396825396825397, 'support': 69.0}, 'accuracy': 0.5284552845528455, 'macro avg': {'precision': 0.5330940988835726, 'recall': 0.53341384863124, 'f1-score': 0.5281746031746032, 'support': 123.0}, 'weighted avg': {'precision': 0.5408254561014509, 'recall': 0.5284552845528455, 'f1-score': 0.5295780100658148, 'support': 123.0}}","[[31 23]
 [35 34]]"
957,200,0.1,70,10,gbdt,0.8,0.48611859838274935,0.30000000000000004,"{'0': {'precision': 0.4230769230769231, 'recall': 0.4074074074074074, 'f1-score': 0.41509433962264153, 'support': 54.0}, '1': {'precision': 0.5492957746478874, 'recall': 0.5652173913043478, 'f1-score': 0.5571428571428572, 'support': 69.0}, 'accuracy': 0.4959349593495935, 'macro avg': {'precision': 0.4861863488624052, 'recall': 0.48631239935587756, 'f1-score': 0.48611859838274935, 'support': 123.0}, 'weighted avg': {'precision': 0.4938826202996592, 'recall': 0.4959349593495935, 'f1-score': 0.49478009335349415, 'support': 123.0}}","[[22 32]
 [30 39]]"
958,200,0.1,70,10,gbdt,0.8,0.5157157157157157,0.4,"{'0': {'precision': 0.45614035087719296, 'recall': 0.48148148148148145, 'f1-score': 0.46846846846846846, 'support': 54.0}, '1': {'precision': 0.5757575757575758, 'recall': 0.5507246376811594, 'f1-score': 0.562962962962963, 'support': 69.0}, 'accuracy': 0.5203252032520326, 'macro avg': {'precision': 0.5159489633173844, 'recall': 0.5161030595813204, 'f1-score': 0.5157157157157157, 'support': 123.0}, 'weighted avg': {'precision': 0.523242696541798, 'recall': 0.5203252032520326, 'f1-score': 0.5214775751361118, 'support': 123.0}}","[[26 28]
 [31 38]]"
959,200,0.1,70,10,gbdt,0.8,0.5281746031746032,0.4,"{'0': {'precision': 0.4696969696969697, 'recall': 0.5740740740740741, 'f1-score': 0.5166666666666667, 'support': 54.0}, '1': {'precision': 0.5964912280701754, 'recall': 0.4927536231884058, 'f1-score': 0.5396825396825397, 'support': 69.0}, 'accuracy': 0.5284552845528455, 'macro avg': {'precision': 0.5330940988835726, 'recall': 0.53341384863124, 'f1-score': 0.5281746031746032, 'support': 123.0}, 'weighted avg': {'precision': 0.5408254561014509, 'recall': 0.5284552845528455, 'f1-score': 0.5295780100658148, 'support': 123.0}}","[[31 23]
 [35 34]]"
960,200,0.1,70,10,gbdt,1.0,0.48611859838274935,0.30000000000000004,"{'0': {'precision': 0.4230769230769231, 'recall': 0.4074074074074074, 'f1-score': 0.41509433962264153, 'support': 54.0}, '1': {'precision': 0.5492957746478874, 'recall': 0.5652173913043478, 'f1-score': 0.5571428571428572, 'support': 69.0}, 'accuracy': 0.4959349593495935, 'macro avg': {'precision': 0.4861863488624052, 'recall': 0.48631239935587756, 'f1-score': 0.48611859838274935, 'support': 123.0}, 'weighted avg': {'precision': 0.4938826202996592, 'recall': 0.4959349593495935, 'f1-score': 0.49478009335349415, 'support': 123.0}}","[[22 32]
 [30 39]]"
961,200,0.1,70,10,gbdt,1.0,0.5157157157157157,0.4,"{'0': {'precision': 0.45614035087719296, 'recall': 0.48148148148148145, 'f1-score': 0.46846846846846846, 'support': 54.0}, '1': {'precision': 0.5757575757575758, 'recall': 0.5507246376811594, 'f1-score': 0.562962962962963, 'support': 69.0}, 'accuracy': 0.5203252032520326, 'macro avg': {'precision': 0.5159489633173844, 'recall': 0.5161030595813204, 'f1-score': 0.5157157157157157, 'support': 123.0}, 'weighted avg': {'precision': 0.523242696541798, 'recall': 0.5203252032520326, 'f1-score': 0.5214775751361118, 'support': 123.0}}","[[26 28]
 [31 38]]"
962,200,0.1,70,10,gbdt,1.0,0.5281746031746032,0.4,"{'0': {'precision': 0.4696969696969697, 'recall': 0.5740740740740741, 'f1-score': 0.5166666666666667, 'support': 54.0}, '1': {'precision': 0.5964912280701754, 'recall': 0.4927536231884058, 'f1-score': 0.5396825396825397, 'support': 69.0}, 'accuracy': 0.5284552845528455, 'macro avg': {'precision': 0.5330940988835726, 'recall': 0.53341384863124, 'f1-score': 0.5281746031746032, 'support': 123.0}, 'weighted avg': {'precision': 0.5408254561014509, 'recall': 0.5284552845528455, 'f1-score': 0.5295780100658148, 'support': 123.0}}","[[31 23]
 [35 34]]"
963,200,0.1,70,10,dart,0.7,0.4951006355932204,0.5,"{'0': {'precision': 0.4375, 'recall': 0.5185185185185185, 'f1-score': 0.4745762711864407, 'support': 54.0}, '1': {'precision': 0.559322033898305, 'recall': 0.4782608695652174, 'f1-score': 0.515625, 'support': 69.0}, 'accuracy': 0.4959349593495935, 'macro avg': {'precision': 0.4984110169491525, 'recall': 0.49838969404186795, 'f1-score': 0.4951006355932204, 'support': 123.0}, 'weighted avg': {'precision': 0.5058391897478296, 'recall': 0.4959349593495935, 'f1-score': 0.4976036068623398, 'support': 123.0}}","[[28 26]
 [36 33]]"
964,200,0.1,70,10,dart,0.7,0.5113877118644068,0.5,"{'0': {'precision': 0.4594594594594595, 'recall': 0.6296296296296297, 'f1-score': 0.53125, 'support': 54.0}, '1': {'precision': 0.5918367346938775, 'recall': 0.42028985507246375, 'f1-score': 0.4915254237288136, 'support': 69.0}, 'accuracy': 0.5121951219512195, 'macro avg': {'precision': 0.5256480970766685, 'recall': 0.5249597423510467, 'f1-score': 0.5113877118644068, 'support': 123.0}, 'weighted avg': {'precision': 0.5337198821519379, 'recall': 0.5121951219512195, 'f1-score': 0.5089654816039686, 'support': 123.0}}","[[34 20]
 [40 29]]"
965,200,0.1,70,10,dart,0.7,0.4718196457326892,0.4,"{'0': {'precision': 0.4074074074074074, 'recall': 0.4074074074074074, 'f1-score': 0.4074074074074074, 'support': 54.0}, '1': {'precision': 0.5362318840579711, 'recall': 0.5362318840579711, 'f1-score': 0.5362318840579711, 'support': 69.0}, 'accuracy': 0.4796747967479675, 'macro avg': {'precision': 0.4718196457326892, 'recall': 0.4718196457326892, 'f1-score': 0.4718196457326892, 'support': 123.0}, 'weighted avg': {'precision': 0.4796747967479675, 'recall': 0.4796747967479675, 'f1-score': 0.4796747967479675, 'support': 123.0}}","[[22 32]
 [32 37]]"
966,200,0.1,70,10,dart,0.8,0.4951006355932204,0.5,"{'0': {'precision': 0.4375, 'recall': 0.5185185185185185, 'f1-score': 0.4745762711864407, 'support': 54.0}, '1': {'precision': 0.559322033898305, 'recall': 0.4782608695652174, 'f1-score': 0.515625, 'support': 69.0}, 'accuracy': 0.4959349593495935, 'macro avg': {'precision': 0.4984110169491525, 'recall': 0.49838969404186795, 'f1-score': 0.4951006355932204, 'support': 123.0}, 'weighted avg': {'precision': 0.5058391897478296, 'recall': 0.4959349593495935, 'f1-score': 0.4976036068623398, 'support': 123.0}}","[[28 26]
 [36 33]]"
967,200,0.1,70,10,dart,0.8,0.5113877118644068,0.5,"{'0': {'precision': 0.4594594594594595, 'recall': 0.6296296296296297, 'f1-score': 0.53125, 'support': 54.0}, '1': {'precision': 0.5918367346938775, 'recall': 0.42028985507246375, 'f1-score': 0.4915254237288136, 'support': 69.0}, 'accuracy': 0.5121951219512195, 'macro avg': {'precision': 0.5256480970766685, 'recall': 0.5249597423510467, 'f1-score': 0.5113877118644068, 'support': 123.0}, 'weighted avg': {'precision': 0.5337198821519379, 'recall': 0.5121951219512195, 'f1-score': 0.5089654816039686, 'support': 123.0}}","[[34 20]
 [40 29]]"
968,200,0.1,70,10,dart,0.8,0.4718196457326892,0.4,"{'0': {'precision': 0.4074074074074074, 'recall': 0.4074074074074074, 'f1-score': 0.4074074074074074, 'support': 54.0}, '1': {'precision': 0.5362318840579711, 'recall': 0.5362318840579711, 'f1-score': 0.5362318840579711, 'support': 69.0}, 'accuracy': 0.4796747967479675, 'macro avg': {'precision': 0.4718196457326892, 'recall': 0.4718196457326892, 'f1-score': 0.4718196457326892, 'support': 123.0}, 'weighted avg': {'precision': 0.4796747967479675, 'recall': 0.4796747967479675, 'f1-score': 0.4796747967479675, 'support': 123.0}}","[[22 32]
 [32 37]]"
969,200,0.1,70,10,dart,1.0,0.4951006355932204,0.5,"{'0': {'precision': 0.4375, 'recall': 0.5185185185185185, 'f1-score': 0.4745762711864407, 'support': 54.0}, '1': {'precision': 0.559322033898305, 'recall': 0.4782608695652174, 'f1-score': 0.515625, 'support': 69.0}, 'accuracy': 0.4959349593495935, 'macro avg': {'precision': 0.4984110169491525, 'recall': 0.49838969404186795, 'f1-score': 0.4951006355932204, 'support': 123.0}, 'weighted avg': {'precision': 0.5058391897478296, 'recall': 0.4959349593495935, 'f1-score': 0.4976036068623398, 'support': 123.0}}","[[28 26]
 [36 33]]"
970,200,0.1,70,10,dart,1.0,0.5113877118644068,0.5,"{'0': {'precision': 0.4594594594594595, 'recall': 0.6296296296296297, 'f1-score': 0.53125, 'support': 54.0}, '1': {'precision': 0.5918367346938775, 'recall': 0.42028985507246375, 'f1-score': 0.4915254237288136, 'support': 69.0}, 'accuracy': 0.5121951219512195, 'macro avg': {'precision': 0.5256480970766685, 'recall': 0.5249597423510467, 'f1-score': 0.5113877118644068, 'support': 123.0}, 'weighted avg': {'precision': 0.5337198821519379, 'recall': 0.5121951219512195, 'f1-score': 0.5089654816039686, 'support': 123.0}}","[[34 20]
 [40 29]]"
971,200,0.1,70,10,dart,1.0,0.4718196457326892,0.4,"{'0': {'precision': 0.4074074074074074, 'recall': 0.4074074074074074, 'f1-score': 0.4074074074074074, 'support': 54.0}, '1': {'precision': 0.5362318840579711, 'recall': 0.5362318840579711, 'f1-score': 0.5362318840579711, 'support': 69.0}, 'accuracy': 0.4796747967479675, 'macro avg': {'precision': 0.4718196457326892, 'recall': 0.4718196457326892, 'f1-score': 0.4718196457326892, 'support': 123.0}, 'weighted avg': {'precision': 0.4796747967479675, 'recall': 0.4796747967479675, 'f1-score': 0.4796747967479675, 'support': 123.0}}","[[22 32]
 [32 37]]"
972,300,0.01,31,-1,gbdt,0.7,0.47421400992829565,0.4,"{'0': {'precision': 0.4090909090909091, 'recall': 0.3333333333333333, 'f1-score': 0.3673469387755102, 'support': 54.0}, '1': {'precision': 0.5443037974683544, 'recall': 0.6231884057971014, 'f1-score': 0.581081081081081, 'support': 69.0}, 'accuracy': 0.4959349593495935, 'macro avg': {'precision': 0.4766973532796318, 'recall': 0.4782608695652174, 'f1-score': 0.47421400992829565, 'support': 123.0}, 'weighted avg': {'precision': 0.48494204159532966, 'recall': 0.4959349593495935, 'f1-score': 0.4872465795810743, 'support': 123.0}}","[[18 36]
 [26 43]]"
973,300,0.01,31,-1,gbdt,0.7,0.46384833598560854,0.4,"{'0': {'precision': 0.3953488372093023, 'recall': 0.3148148148148148, 'f1-score': 0.35051546391752575, 'support': 54.0}, '1': {'precision': 0.5375, 'recall': 0.6231884057971014, 'f1-score': 0.5771812080536913, 'support': 69.0}, 'accuracy': 0.4878048780487805, 'macro avg': {'precision': 0.4664244186046511, 'recall': 0.4690016103059581, 'f1-score': 0.46384833598560854, 'support': 123.0}, 'weighted avg': {'precision': 0.4750921724333522, 'recall': 0.4878048780487805, 'f1-score': 0.47766941794513085, 'support': 123.0}}","[[17 37]
 [26 43]]"
974,300,0.01,31,-1,gbdt,0.7,0.440292333149476,0.6000000000000001,"{'0': {'precision': 0.43617021276595747, 'recall': 0.7592592592592593, 'f1-score': 0.5540540540540541, 'support': 54.0}, '1': {'precision': 0.5517241379310345, 'recall': 0.2318840579710145, 'f1-score': 0.32653061224489793, 'support': 69.0}, 'accuracy': 0.4634146341463415, 'macro avg': {'precision': 0.49394717534849597, 'recall': 0.4955716586151369, 'f1-score': 0.440292333149476, 'support': 123.0}, 'weighted avg': {'precision': 0.500993146395147, 'recall': 0.4634146341463415, 'f1-score': 0.4264189525513567, 'support': 123.0}}","[[41 13]
 [53 16]]"
975,300,0.01,31,-1,gbdt,0.8,0.47421400992829565,0.4,"{'0': {'precision': 0.4090909090909091, 'recall': 0.3333333333333333, 'f1-score': 0.3673469387755102, 'support': 54.0}, '1': {'precision': 0.5443037974683544, 'recall': 0.6231884057971014, 'f1-score': 0.581081081081081, 'support': 69.0}, 'accuracy': 0.4959349593495935, 'macro avg': {'precision': 0.4766973532796318, 'recall': 0.4782608695652174, 'f1-score': 0.47421400992829565, 'support': 123.0}, 'weighted avg': {'precision': 0.48494204159532966, 'recall': 0.4959349593495935, 'f1-score': 0.4872465795810743, 'support': 123.0}}","[[18 36]
 [26 43]]"
976,300,0.01,31,-1,gbdt,0.8,0.46384833598560854,0.4,"{'0': {'precision': 0.3953488372093023, 'recall': 0.3148148148148148, 'f1-score': 0.35051546391752575, 'support': 54.0}, '1': {'precision': 0.5375, 'recall': 0.6231884057971014, 'f1-score': 0.5771812080536913, 'support': 69.0}, 'accuracy': 0.4878048780487805, 'macro avg': {'precision': 0.4664244186046511, 'recall': 0.4690016103059581, 'f1-score': 0.46384833598560854, 'support': 123.0}, 'weighted avg': {'precision': 0.4750921724333522, 'recall': 0.4878048780487805, 'f1-score': 0.47766941794513085, 'support': 123.0}}","[[17 37]
 [26 43]]"
977,300,0.01,31,-1,gbdt,0.8,0.440292333149476,0.6000000000000001,"{'0': {'precision': 0.43617021276595747, 'recall': 0.7592592592592593, 'f1-score': 0.5540540540540541, 'support': 54.0}, '1': {'precision': 0.5517241379310345, 'recall': 0.2318840579710145, 'f1-score': 0.32653061224489793, 'support': 69.0}, 'accuracy': 0.4634146341463415, 'macro avg': {'precision': 0.49394717534849597, 'recall': 0.4955716586151369, 'f1-score': 0.440292333149476, 'support': 123.0}, 'weighted avg': {'precision': 0.500993146395147, 'recall': 0.4634146341463415, 'f1-score': 0.4264189525513567, 'support': 123.0}}","[[41 13]
 [53 16]]"
978,300,0.01,31,-1,gbdt,1.0,0.47421400992829565,0.4,"{'0': {'precision': 0.4090909090909091, 'recall': 0.3333333333333333, 'f1-score': 0.3673469387755102, 'support': 54.0}, '1': {'precision': 0.5443037974683544, 'recall': 0.6231884057971014, 'f1-score': 0.581081081081081, 'support': 69.0}, 'accuracy': 0.4959349593495935, 'macro avg': {'precision': 0.4766973532796318, 'recall': 0.4782608695652174, 'f1-score': 0.47421400992829565, 'support': 123.0}, 'weighted avg': {'precision': 0.48494204159532966, 'recall': 0.4959349593495935, 'f1-score': 0.4872465795810743, 'support': 123.0}}","[[18 36]
 [26 43]]"
979,300,0.01,31,-1,gbdt,1.0,0.46384833598560854,0.4,"{'0': {'precision': 0.3953488372093023, 'recall': 0.3148148148148148, 'f1-score': 0.35051546391752575, 'support': 54.0}, '1': {'precision': 0.5375, 'recall': 0.6231884057971014, 'f1-score': 0.5771812080536913, 'support': 69.0}, 'accuracy': 0.4878048780487805, 'macro avg': {'precision': 0.4664244186046511, 'recall': 0.4690016103059581, 'f1-score': 0.46384833598560854, 'support': 123.0}, 'weighted avg': {'precision': 0.4750921724333522, 'recall': 0.4878048780487805, 'f1-score': 0.47766941794513085, 'support': 123.0}}","[[17 37]
 [26 43]]"
980,300,0.01,31,-1,gbdt,1.0,0.440292333149476,0.6000000000000001,"{'0': {'precision': 0.43617021276595747, 'recall': 0.7592592592592593, 'f1-score': 0.5540540540540541, 'support': 54.0}, '1': {'precision': 0.5517241379310345, 'recall': 0.2318840579710145, 'f1-score': 0.32653061224489793, 'support': 69.0}, 'accuracy': 0.4634146341463415, 'macro avg': {'precision': 0.49394717534849597, 'recall': 0.4955716586151369, 'f1-score': 0.440292333149476, 'support': 123.0}, 'weighted avg': {'precision': 0.500993146395147, 'recall': 0.4634146341463415, 'f1-score': 0.4264189525513567, 'support': 123.0}}","[[41 13]
 [53 16]]"
981,300,0.01,31,-1,dart,0.7,0.46337916446324695,0.5,"{'0': {'precision': 0.4142857142857143, 'recall': 0.5370370370370371, 'f1-score': 0.46774193548387094, 'support': 54.0}, '1': {'precision': 0.5283018867924528, 'recall': 0.4057971014492754, 'f1-score': 0.45901639344262296, 'support': 69.0}, 'accuracy': 0.4634146341463415, 'macro avg': {'precision': 0.47129380053908354, 'recall': 0.47141706924315624, 'f1-score': 0.46337916446324695, 'support': 123.0}, 'weighted avg': {'precision': 0.47824600617973834, 'recall': 0.4634146341463415, 'f1-score': 0.4628471192168294, 'support': 123.0}}","[[29 25]
 [41 28]]"
982,300,0.01,31,-1,dart,0.7,0.5201983471074381,0.5,"{'0': {'precision': 0.4647887323943662, 'recall': 0.6111111111111112, 'f1-score': 0.528, 'support': 54.0}, '1': {'precision': 0.5961538461538461, 'recall': 0.4492753623188406, 'f1-score': 0.512396694214876, 'support': 69.0}, 'accuracy': 0.5203252032520326, 'macro avg': {'precision': 0.5304712892741061, 'recall': 0.5301932367149759, 'f1-score': 0.5201983471074381, 'support': 123.0}, 'weighted avg': {'precision': 0.5384813571862697, 'recall': 0.5203252032520326, 'f1-score': 0.5192469260229792, 'support': 123.0}}","[[33 21]
 [38 31]]"
983,300,0.01,31,-1,dart,0.7,0.4959016393442623,0.5,"{'0': {'precision': 0.4411764705882353, 'recall': 0.5555555555555556, 'f1-score': 0.4918032786885246, 'support': 54.0}, '1': {'precision': 0.5636363636363636, 'recall': 0.4492753623188406, 'f1-score': 0.5, 'support': 69.0}, 'accuracy': 0.4959349593495935, 'macro avg': {'precision': 0.5024064171122995, 'recall': 0.5024154589371981, 'f1-score': 0.4959016393442623, 'support': 123.0}, 'weighted avg': {'precision': 0.5098734837615756, 'recall': 0.4959349593495935, 'f1-score': 0.4964014394242303, 'support': 123.0}}","[[30 24]
 [38 31]]"
984,300,0.01,31,-1,dart,0.8,0.46337916446324695,0.5,"{'0': {'precision': 0.4142857142857143, 'recall': 0.5370370370370371, 'f1-score': 0.46774193548387094, 'support': 54.0}, '1': {'precision': 0.5283018867924528, 'recall': 0.4057971014492754, 'f1-score': 0.45901639344262296, 'support': 69.0}, 'accuracy': 0.4634146341463415, 'macro avg': {'precision': 0.47129380053908354, 'recall': 0.47141706924315624, 'f1-score': 0.46337916446324695, 'support': 123.0}, 'weighted avg': {'precision': 0.47824600617973834, 'recall': 0.4634146341463415, 'f1-score': 0.4628471192168294, 'support': 123.0}}","[[29 25]
 [41 28]]"
985,300,0.01,31,-1,dart,0.8,0.5201983471074381,0.5,"{'0': {'precision': 0.4647887323943662, 'recall': 0.6111111111111112, 'f1-score': 0.528, 'support': 54.0}, '1': {'precision': 0.5961538461538461, 'recall': 0.4492753623188406, 'f1-score': 0.512396694214876, 'support': 69.0}, 'accuracy': 0.5203252032520326, 'macro avg': {'precision': 0.5304712892741061, 'recall': 0.5301932367149759, 'f1-score': 0.5201983471074381, 'support': 123.0}, 'weighted avg': {'precision': 0.5384813571862697, 'recall': 0.5203252032520326, 'f1-score': 0.5192469260229792, 'support': 123.0}}","[[33 21]
 [38 31]]"
986,300,0.01,31,-1,dart,0.8,0.4959016393442623,0.5,"{'0': {'precision': 0.4411764705882353, 'recall': 0.5555555555555556, 'f1-score': 0.4918032786885246, 'support': 54.0}, '1': {'precision': 0.5636363636363636, 'recall': 0.4492753623188406, 'f1-score': 0.5, 'support': 69.0}, 'accuracy': 0.4959349593495935, 'macro avg': {'precision': 0.5024064171122995, 'recall': 0.5024154589371981, 'f1-score': 0.4959016393442623, 'support': 123.0}, 'weighted avg': {'precision': 0.5098734837615756, 'recall': 0.4959349593495935, 'f1-score': 0.4964014394242303, 'support': 123.0}}","[[30 24]
 [38 31]]"
987,300,0.01,31,-1,dart,1.0,0.46337916446324695,0.5,"{'0': {'precision': 0.4142857142857143, 'recall': 0.5370370370370371, 'f1-score': 0.46774193548387094, 'support': 54.0}, '1': {'precision': 0.5283018867924528, 'recall': 0.4057971014492754, 'f1-score': 0.45901639344262296, 'support': 69.0}, 'accuracy': 0.4634146341463415, 'macro avg': {'precision': 0.47129380053908354, 'recall': 0.47141706924315624, 'f1-score': 0.46337916446324695, 'support': 123.0}, 'weighted avg': {'precision': 0.47824600617973834, 'recall': 0.4634146341463415, 'f1-score': 0.4628471192168294, 'support': 123.0}}","[[29 25]
 [41 28]]"
988,300,0.01,31,-1,dart,1.0,0.5201983471074381,0.5,"{'0': {'precision': 0.4647887323943662, 'recall': 0.6111111111111112, 'f1-score': 0.528, 'support': 54.0}, '1': {'precision': 0.5961538461538461, 'recall': 0.4492753623188406, 'f1-score': 0.512396694214876, 'support': 69.0}, 'accuracy': 0.5203252032520326, 'macro avg': {'precision': 0.5304712892741061, 'recall': 0.5301932367149759, 'f1-score': 0.5201983471074381, 'support': 123.0}, 'weighted avg': {'precision': 0.5384813571862697, 'recall': 0.5203252032520326, 'f1-score': 0.5192469260229792, 'support': 123.0}}","[[33 21]
 [38 31]]"
989,300,0.01,31,-1,dart,1.0,0.4959016393442623,0.5,"{'0': {'precision': 0.4411764705882353, 'recall': 0.5555555555555556, 'f1-score': 0.4918032786885246, 'support': 54.0}, '1': {'precision': 0.5636363636363636, 'recall': 0.4492753623188406, 'f1-score': 0.5, 'support': 69.0}, 'accuracy': 0.4959349593495935, 'macro avg': {'precision': 0.5024064171122995, 'recall': 0.5024154589371981, 'f1-score': 0.4959016393442623, 'support': 123.0}, 'weighted avg': {'precision': 0.5098734837615756, 'recall': 0.4959349593495935, 'f1-score': 0.4964014394242303, 'support': 123.0}}","[[30 24]
 [38 31]]"
990,300,0.01,31,5,gbdt,0.7,0.4796404019037546,0.5,"{'0': {'precision': 0.4264705882352941, 'recall': 0.5370370370370371, 'f1-score': 0.47540983606557374, 'support': 54.0}, '1': {'precision': 0.5454545454545454, 'recall': 0.43478260869565216, 'f1-score': 0.4838709677419355, 'support': 69.0}, 'accuracy': 0.4796747967479675, 'macro avg': {'precision': 0.4859625668449198, 'recall': 0.48590982286634465, 'f1-score': 0.4796404019037546, 'support': 123.0}, 'weighted avg': {'precision': 0.493217686187557, 'recall': 0.4796747967479675, 'f1-score': 0.4801563245669474, 'support': 123.0}}","[[29 25]
 [39 30]]"
991,300,0.01,31,5,gbdt,0.7,0.49563492063492065,0.5,"{'0': {'precision': 0.4444444444444444, 'recall': 0.5925925925925926, 'f1-score': 0.5079365079365079, 'support': 54.0}, '1': {'precision': 0.5686274509803921, 'recall': 0.42028985507246375, 'f1-score': 0.48333333333333334, 'support': 69.0}, 'accuracy': 0.4959349593495935, 'macro avg': {'precision': 0.5065359477124183, 'recall': 0.5064412238325282, 'f1-score': 0.49563492063492065, 'support': 123.0}, 'weighted avg': {'precision': 0.5141080822572932, 'recall': 0.4959349593495935, 'f1-score': 0.4941347270615563, 'support': 123.0}}","[[32 22]
 [40 29]]"
992,300,0.01,31,5,gbdt,0.7,0.4788135593220339,0.5,"{'0': {'precision': 0.43243243243243246, 'recall': 0.5925925925925926, 'f1-score': 0.5, 'support': 54.0}, '1': {'precision': 0.5510204081632653, 'recall': 0.391304347826087, 'f1-score': 0.4576271186440678, 'support': 69.0}, 'accuracy': 0.4796747967479675, 'macro avg': {'precision': 0.49172642029784885, 'recall': 0.49194847020933974, 'f1-score': 0.4788135593220339, 'support': 123.0}, 'weighted avg': {'precision': 0.4989573944277777, 'recall': 0.4796747967479675, 'f1-score': 0.47622984704423316, 'support': 123.0}}","[[32 22]
 [42 27]]"
993,300,0.01,31,5,gbdt,0.8,0.4796404019037546,0.5,"{'0': {'precision': 0.4264705882352941, 'recall': 0.5370370370370371, 'f1-score': 0.47540983606557374, 'support': 54.0}, '1': {'precision': 0.5454545454545454, 'recall': 0.43478260869565216, 'f1-score': 0.4838709677419355, 'support': 69.0}, 'accuracy': 0.4796747967479675, 'macro avg': {'precision': 0.4859625668449198, 'recall': 0.48590982286634465, 'f1-score': 0.4796404019037546, 'support': 123.0}, 'weighted avg': {'precision': 0.493217686187557, 'recall': 0.4796747967479675, 'f1-score': 0.4801563245669474, 'support': 123.0}}","[[29 25]
 [39 30]]"
994,300,0.01,31,5,gbdt,0.8,0.49563492063492065,0.5,"{'0': {'precision': 0.4444444444444444, 'recall': 0.5925925925925926, 'f1-score': 0.5079365079365079, 'support': 54.0}, '1': {'precision': 0.5686274509803921, 'recall': 0.42028985507246375, 'f1-score': 0.48333333333333334, 'support': 69.0}, 'accuracy': 0.4959349593495935, 'macro avg': {'precision': 0.5065359477124183, 'recall': 0.5064412238325282, 'f1-score': 0.49563492063492065, 'support': 123.0}, 'weighted avg': {'precision': 0.5141080822572932, 'recall': 0.4959349593495935, 'f1-score': 0.4941347270615563, 'support': 123.0}}","[[32 22]
 [40 29]]"
995,300,0.01,31,5,gbdt,0.8,0.4788135593220339,0.5,"{'0': {'precision': 0.43243243243243246, 'recall': 0.5925925925925926, 'f1-score': 0.5, 'support': 54.0}, '1': {'precision': 0.5510204081632653, 'recall': 0.391304347826087, 'f1-score': 0.4576271186440678, 'support': 69.0}, 'accuracy': 0.4796747967479675, 'macro avg': {'precision': 0.49172642029784885, 'recall': 0.49194847020933974, 'f1-score': 0.4788135593220339, 'support': 123.0}, 'weighted avg': {'precision': 0.4989573944277777, 'recall': 0.4796747967479675, 'f1-score': 0.47622984704423316, 'support': 123.0}}","[[32 22]
 [42 27]]"
996,300,0.01,31,5,gbdt,1.0,0.4796404019037546,0.5,"{'0': {'precision': 0.4264705882352941, 'recall': 0.5370370370370371, 'f1-score': 0.47540983606557374, 'support': 54.0}, '1': {'precision': 0.5454545454545454, 'recall': 0.43478260869565216, 'f1-score': 0.4838709677419355, 'support': 69.0}, 'accuracy': 0.4796747967479675, 'macro avg': {'precision': 0.4859625668449198, 'recall': 0.48590982286634465, 'f1-score': 0.4796404019037546, 'support': 123.0}, 'weighted avg': {'precision': 0.493217686187557, 'recall': 0.4796747967479675, 'f1-score': 0.4801563245669474, 'support': 123.0}}","[[29 25]
 [39 30]]"
997,300,0.01,31,5,gbdt,1.0,0.49563492063492065,0.5,"{'0': {'precision': 0.4444444444444444, 'recall': 0.5925925925925926, 'f1-score': 0.5079365079365079, 'support': 54.0}, '1': {'precision': 0.5686274509803921, 'recall': 0.42028985507246375, 'f1-score': 0.48333333333333334, 'support': 69.0}, 'accuracy': 0.4959349593495935, 'macro avg': {'precision': 0.5065359477124183, 'recall': 0.5064412238325282, 'f1-score': 0.49563492063492065, 'support': 123.0}, 'weighted avg': {'precision': 0.5141080822572932, 'recall': 0.4959349593495935, 'f1-score': 0.4941347270615563, 'support': 123.0}}","[[32 22]
 [40 29]]"
998,300,0.01,31,5,gbdt,1.0,0.4788135593220339,0.5,"{'0': {'precision': 0.43243243243243246, 'recall': 0.5925925925925926, 'f1-score': 0.5, 'support': 54.0}, '1': {'precision': 0.5510204081632653, 'recall': 0.391304347826087, 'f1-score': 0.4576271186440678, 'support': 69.0}, 'accuracy': 0.4796747967479675, 'macro avg': {'precision': 0.49172642029784885, 'recall': 0.49194847020933974, 'f1-score': 0.4788135593220339, 'support': 123.0}, 'weighted avg': {'precision': 0.4989573944277777, 'recall': 0.4796747967479675, 'f1-score': 0.47622984704423316, 'support': 123.0}}","[[32 22]
 [42 27]]"
999,300,0.01,31,5,dart,0.7,0.4959016393442623,0.5,"{'0': {'precision': 0.4411764705882353, 'recall': 0.5555555555555556, 'f1-score': 0.4918032786885246, 'support': 54.0}, '1': {'precision': 0.5636363636363636, 'recall': 0.4492753623188406, 'f1-score': 0.5, 'support': 69.0}, 'accuracy': 0.4959349593495935, 'macro avg': {'precision': 0.5024064171122995, 'recall': 0.5024154589371981, 'f1-score': 0.4959016393442623, 'support': 123.0}, 'weighted avg': {'precision': 0.5098734837615756, 'recall': 0.4959349593495935, 'f1-score': 0.4964014394242303, 'support': 123.0}}","[[30 24]
 [38 31]]"
1000,300,0.01,31,5,dart,0.7,0.4793650793650793,0.5,"{'0': {'precision': 0.4305555555555556, 'recall': 0.5740740740740741, 'f1-score': 0.49206349206349204, 'support': 54.0}, '1': {'precision': 0.5490196078431373, 'recall': 0.4057971014492754, 'f1-score': 0.4666666666666667, 'support': 69.0}, 'accuracy': 0.4796747967479675, 'macro avg': {'precision': 0.48978758169934644, 'recall': 0.48993558776167473, 'f1-score': 0.4793650793650793, 'support': 123.0}, 'weighted avg': {'precision': 0.4970109995217599, 'recall': 0.4796747967479675, 'f1-score': 0.4778164924506388, 'support': 123.0}}","[[31 23]
 [41 28]]"
1001,300,0.01,31,5,dart,0.7,0.4876694214876033,0.5,"{'0': {'precision': 0.43661971830985913, 'recall': 0.5740740740740741, 'f1-score': 0.496, 'support': 54.0}, '1': {'precision': 0.5576923076923077, 'recall': 0.42028985507246375, 'f1-score': 0.4793388429752066, 'support': 69.0}, 'accuracy': 0.4878048780487805, 'macro avg': {'precision': 0.4971560130010834, 'recall': 0.4971819645732689, 'f1-score': 0.4876694214876033, 'support': 123.0}, 'weighted avg': {'precision': 0.5045384879634278, 'recall': 0.4878048780487805, 'f1-score': 0.48665349727877444, 'support': 123.0}}","[[31 23]
 [40 29]]"
1002,300,0.01,31,5,dart,0.8,0.4959016393442623,0.5,"{'0': {'precision': 0.4411764705882353, 'recall': 0.5555555555555556, 'f1-score': 0.4918032786885246, 'support': 54.0}, '1': {'precision': 0.5636363636363636, 'recall': 0.4492753623188406, 'f1-score': 0.5, 'support': 69.0}, 'accuracy': 0.4959349593495935, 'macro avg': {'precision': 0.5024064171122995, 'recall': 0.5024154589371981, 'f1-score': 0.4959016393442623, 'support': 123.0}, 'weighted avg': {'precision': 0.5098734837615756, 'recall': 0.4959349593495935, 'f1-score': 0.4964014394242303, 'support': 123.0}}","[[30 24]
 [38 31]]"
1003,300,0.01,31,5,dart,0.8,0.4793650793650793,0.5,"{'0': {'precision': 0.4305555555555556, 'recall': 0.5740740740740741, 'f1-score': 0.49206349206349204, 'support': 54.0}, '1': {'precision': 0.5490196078431373, 'recall': 0.4057971014492754, 'f1-score': 0.4666666666666667, 'support': 69.0}, 'accuracy': 0.4796747967479675, 'macro avg': {'precision': 0.48978758169934644, 'recall': 0.48993558776167473, 'f1-score': 0.4793650793650793, 'support': 123.0}, 'weighted avg': {'precision': 0.4970109995217599, 'recall': 0.4796747967479675, 'f1-score': 0.4778164924506388, 'support': 123.0}}","[[31 23]
 [41 28]]"
1004,300,0.01,31,5,dart,0.8,0.4876694214876033,0.5,"{'0': {'precision': 0.43661971830985913, 'recall': 0.5740740740740741, 'f1-score': 0.496, 'support': 54.0}, '1': {'precision': 0.5576923076923077, 'recall': 0.42028985507246375, 'f1-score': 0.4793388429752066, 'support': 69.0}, 'accuracy': 0.4878048780487805, 'macro avg': {'precision': 0.4971560130010834, 'recall': 0.4971819645732689, 'f1-score': 0.4876694214876033, 'support': 123.0}, 'weighted avg': {'precision': 0.5045384879634278, 'recall': 0.4878048780487805, 'f1-score': 0.48665349727877444, 'support': 123.0}}","[[31 23]
 [40 29]]"
1005,300,0.01,31,5,dart,1.0,0.4959016393442623,0.5,"{'0': {'precision': 0.4411764705882353, 'recall': 0.5555555555555556, 'f1-score': 0.4918032786885246, 'support': 54.0}, '1': {'precision': 0.5636363636363636, 'recall': 0.4492753623188406, 'f1-score': 0.5, 'support': 69.0}, 'accuracy': 0.4959349593495935, 'macro avg': {'precision': 0.5024064171122995, 'recall': 0.5024154589371981, 'f1-score': 0.4959016393442623, 'support': 123.0}, 'weighted avg': {'precision': 0.5098734837615756, 'recall': 0.4959349593495935, 'f1-score': 0.4964014394242303, 'support': 123.0}}","[[30 24]
 [38 31]]"
1006,300,0.01,31,5,dart,1.0,0.4793650793650793,0.5,"{'0': {'precision': 0.4305555555555556, 'recall': 0.5740740740740741, 'f1-score': 0.49206349206349204, 'support': 54.0}, '1': {'precision': 0.5490196078431373, 'recall': 0.4057971014492754, 'f1-score': 0.4666666666666667, 'support': 69.0}, 'accuracy': 0.4796747967479675, 'macro avg': {'precision': 0.48978758169934644, 'recall': 0.48993558776167473, 'f1-score': 0.4793650793650793, 'support': 123.0}, 'weighted avg': {'precision': 0.4970109995217599, 'recall': 0.4796747967479675, 'f1-score': 0.4778164924506388, 'support': 123.0}}","[[31 23]
 [41 28]]"
1007,300,0.01,31,5,dart,1.0,0.4876694214876033,0.5,"{'0': {'precision': 0.43661971830985913, 'recall': 0.5740740740740741, 'f1-score': 0.496, 'support': 54.0}, '1': {'precision': 0.5576923076923077, 'recall': 0.42028985507246375, 'f1-score': 0.4793388429752066, 'support': 69.0}, 'accuracy': 0.4878048780487805, 'macro avg': {'precision': 0.4971560130010834, 'recall': 0.4971819645732689, 'f1-score': 0.4876694214876033, 'support': 123.0}, 'weighted avg': {'precision': 0.5045384879634278, 'recall': 0.4878048780487805, 'f1-score': 0.48665349727877444, 'support': 123.0}}","[[31 23]
 [40 29]]"
1008,300,0.01,31,10,gbdt,0.7,0.47421400992829565,0.4,"{'0': {'precision': 0.4090909090909091, 'recall': 0.3333333333333333, 'f1-score': 0.3673469387755102, 'support': 54.0}, '1': {'precision': 0.5443037974683544, 'recall': 0.6231884057971014, 'f1-score': 0.581081081081081, 'support': 69.0}, 'accuracy': 0.4959349593495935, 'macro avg': {'precision': 0.4766973532796318, 'recall': 0.4782608695652174, 'f1-score': 0.47421400992829565, 'support': 123.0}, 'weighted avg': {'precision': 0.48494204159532966, 'recall': 0.4959349593495935, 'f1-score': 0.4872465795810743, 'support': 123.0}}","[[18 36]
 [26 43]]"
1009,300,0.01,31,10,gbdt,0.7,0.46384833598560854,0.4,"{'0': {'precision': 0.3953488372093023, 'recall': 0.3148148148148148, 'f1-score': 0.35051546391752575, 'support': 54.0}, '1': {'precision': 0.5375, 'recall': 0.6231884057971014, 'f1-score': 0.5771812080536913, 'support': 69.0}, 'accuracy': 0.4878048780487805, 'macro avg': {'precision': 0.4664244186046511, 'recall': 0.4690016103059581, 'f1-score': 0.46384833598560854, 'support': 123.0}, 'weighted avg': {'precision': 0.4750921724333522, 'recall': 0.4878048780487805, 'f1-score': 0.47766941794513085, 'support': 123.0}}","[[17 37]
 [26 43]]"
1010,300,0.01,31,10,gbdt,0.7,0.440292333149476,0.6000000000000001,"{'0': {'precision': 0.43617021276595747, 'recall': 0.7592592592592593, 'f1-score': 0.5540540540540541, 'support': 54.0}, '1': {'precision': 0.5517241379310345, 'recall': 0.2318840579710145, 'f1-score': 0.32653061224489793, 'support': 69.0}, 'accuracy': 0.4634146341463415, 'macro avg': {'precision': 0.49394717534849597, 'recall': 0.4955716586151369, 'f1-score': 0.440292333149476, 'support': 123.0}, 'weighted avg': {'precision': 0.500993146395147, 'recall': 0.4634146341463415, 'f1-score': 0.4264189525513567, 'support': 123.0}}","[[41 13]
 [53 16]]"
1011,300,0.01,31,10,gbdt,0.8,0.47421400992829565,0.4,"{'0': {'precision': 0.4090909090909091, 'recall': 0.3333333333333333, 'f1-score': 0.3673469387755102, 'support': 54.0}, '1': {'precision': 0.5443037974683544, 'recall': 0.6231884057971014, 'f1-score': 0.581081081081081, 'support': 69.0}, 'accuracy': 0.4959349593495935, 'macro avg': {'precision': 0.4766973532796318, 'recall': 0.4782608695652174, 'f1-score': 0.47421400992829565, 'support': 123.0}, 'weighted avg': {'precision': 0.48494204159532966, 'recall': 0.4959349593495935, 'f1-score': 0.4872465795810743, 'support': 123.0}}","[[18 36]
 [26 43]]"
1012,300,0.01,31,10,gbdt,0.8,0.46384833598560854,0.4,"{'0': {'precision': 0.3953488372093023, 'recall': 0.3148148148148148, 'f1-score': 0.35051546391752575, 'support': 54.0}, '1': {'precision': 0.5375, 'recall': 0.6231884057971014, 'f1-score': 0.5771812080536913, 'support': 69.0}, 'accuracy': 0.4878048780487805, 'macro avg': {'precision': 0.4664244186046511, 'recall': 0.4690016103059581, 'f1-score': 0.46384833598560854, 'support': 123.0}, 'weighted avg': {'precision': 0.4750921724333522, 'recall': 0.4878048780487805, 'f1-score': 0.47766941794513085, 'support': 123.0}}","[[17 37]
 [26 43]]"
1013,300,0.01,31,10,gbdt,0.8,0.440292333149476,0.6000000000000001,"{'0': {'precision': 0.43617021276595747, 'recall': 0.7592592592592593, 'f1-score': 0.5540540540540541, 'support': 54.0}, '1': {'precision': 0.5517241379310345, 'recall': 0.2318840579710145, 'f1-score': 0.32653061224489793, 'support': 69.0}, 'accuracy': 0.4634146341463415, 'macro avg': {'precision': 0.49394717534849597, 'recall': 0.4955716586151369, 'f1-score': 0.440292333149476, 'support': 123.0}, 'weighted avg': {'precision': 0.500993146395147, 'recall': 0.4634146341463415, 'f1-score': 0.4264189525513567, 'support': 123.0}}","[[41 13]
 [53 16]]"
1014,300,0.01,31,10,gbdt,1.0,0.47421400992829565,0.4,"{'0': {'precision': 0.4090909090909091, 'recall': 0.3333333333333333, 'f1-score': 0.3673469387755102, 'support': 54.0}, '1': {'precision': 0.5443037974683544, 'recall': 0.6231884057971014, 'f1-score': 0.581081081081081, 'support': 69.0}, 'accuracy': 0.4959349593495935, 'macro avg': {'precision': 0.4766973532796318, 'recall': 0.4782608695652174, 'f1-score': 0.47421400992829565, 'support': 123.0}, 'weighted avg': {'precision': 0.48494204159532966, 'recall': 0.4959349593495935, 'f1-score': 0.4872465795810743, 'support': 123.0}}","[[18 36]
 [26 43]]"
1015,300,0.01,31,10,gbdt,1.0,0.46384833598560854,0.4,"{'0': {'precision': 0.3953488372093023, 'recall': 0.3148148148148148, 'f1-score': 0.35051546391752575, 'support': 54.0}, '1': {'precision': 0.5375, 'recall': 0.6231884057971014, 'f1-score': 0.5771812080536913, 'support': 69.0}, 'accuracy': 0.4878048780487805, 'macro avg': {'precision': 0.4664244186046511, 'recall': 0.4690016103059581, 'f1-score': 0.46384833598560854, 'support': 123.0}, 'weighted avg': {'precision': 0.4750921724333522, 'recall': 0.4878048780487805, 'f1-score': 0.47766941794513085, 'support': 123.0}}","[[17 37]
 [26 43]]"
1016,300,0.01,31,10,gbdt,1.0,0.440292333149476,0.6000000000000001,"{'0': {'precision': 0.43617021276595747, 'recall': 0.7592592592592593, 'f1-score': 0.5540540540540541, 'support': 54.0}, '1': {'precision': 0.5517241379310345, 'recall': 0.2318840579710145, 'f1-score': 0.32653061224489793, 'support': 69.0}, 'accuracy': 0.4634146341463415, 'macro avg': {'precision': 0.49394717534849597, 'recall': 0.4955716586151369, 'f1-score': 0.440292333149476, 'support': 123.0}, 'weighted avg': {'precision': 0.500993146395147, 'recall': 0.4634146341463415, 'f1-score': 0.4264189525513567, 'support': 123.0}}","[[41 13]
 [53 16]]"
1017,300,0.01,31,10,dart,0.7,0.46337916446324695,0.5,"{'0': {'precision': 0.4142857142857143, 'recall': 0.5370370370370371, 'f1-score': 0.46774193548387094, 'support': 54.0}, '1': {'precision': 0.5283018867924528, 'recall': 0.4057971014492754, 'f1-score': 0.45901639344262296, 'support': 69.0}, 'accuracy': 0.4634146341463415, 'macro avg': {'precision': 0.47129380053908354, 'recall': 0.47141706924315624, 'f1-score': 0.46337916446324695, 'support': 123.0}, 'weighted avg': {'precision': 0.47824600617973834, 'recall': 0.4634146341463415, 'f1-score': 0.4628471192168294, 'support': 123.0}}","[[29 25]
 [41 28]]"
1018,300,0.01,31,10,dart,0.7,0.5201983471074381,0.5,"{'0': {'precision': 0.4647887323943662, 'recall': 0.6111111111111112, 'f1-score': 0.528, 'support': 54.0}, '1': {'precision': 0.5961538461538461, 'recall': 0.4492753623188406, 'f1-score': 0.512396694214876, 'support': 69.0}, 'accuracy': 0.5203252032520326, 'macro avg': {'precision': 0.5304712892741061, 'recall': 0.5301932367149759, 'f1-score': 0.5201983471074381, 'support': 123.0}, 'weighted avg': {'precision': 0.5384813571862697, 'recall': 0.5203252032520326, 'f1-score': 0.5192469260229792, 'support': 123.0}}","[[33 21]
 [38 31]]"
1019,300,0.01,31,10,dart,0.7,0.4959016393442623,0.5,"{'0': {'precision': 0.4411764705882353, 'recall': 0.5555555555555556, 'f1-score': 0.4918032786885246, 'support': 54.0}, '1': {'precision': 0.5636363636363636, 'recall': 0.4492753623188406, 'f1-score': 0.5, 'support': 69.0}, 'accuracy': 0.4959349593495935, 'macro avg': {'precision': 0.5024064171122995, 'recall': 0.5024154589371981, 'f1-score': 0.4959016393442623, 'support': 123.0}, 'weighted avg': {'precision': 0.5098734837615756, 'recall': 0.4959349593495935, 'f1-score': 0.4964014394242303, 'support': 123.0}}","[[30 24]
 [38 31]]"
1020,300,0.01,31,10,dart,0.8,0.46337916446324695,0.5,"{'0': {'precision': 0.4142857142857143, 'recall': 0.5370370370370371, 'f1-score': 0.46774193548387094, 'support': 54.0}, '1': {'precision': 0.5283018867924528, 'recall': 0.4057971014492754, 'f1-score': 0.45901639344262296, 'support': 69.0}, 'accuracy': 0.4634146341463415, 'macro avg': {'precision': 0.47129380053908354, 'recall': 0.47141706924315624, 'f1-score': 0.46337916446324695, 'support': 123.0}, 'weighted avg': {'precision': 0.47824600617973834, 'recall': 0.4634146341463415, 'f1-score': 0.4628471192168294, 'support': 123.0}}","[[29 25]
 [41 28]]"
1021,300,0.01,31,10,dart,0.8,0.5201983471074381,0.5,"{'0': {'precision': 0.4647887323943662, 'recall': 0.6111111111111112, 'f1-score': 0.528, 'support': 54.0}, '1': {'precision': 0.5961538461538461, 'recall': 0.4492753623188406, 'f1-score': 0.512396694214876, 'support': 69.0}, 'accuracy': 0.5203252032520326, 'macro avg': {'precision': 0.5304712892741061, 'recall': 0.5301932367149759, 'f1-score': 0.5201983471074381, 'support': 123.0}, 'weighted avg': {'precision': 0.5384813571862697, 'recall': 0.5203252032520326, 'f1-score': 0.5192469260229792, 'support': 123.0}}","[[33 21]
 [38 31]]"
1022,300,0.01,31,10,dart,0.8,0.4959016393442623,0.5,"{'0': {'precision': 0.4411764705882353, 'recall': 0.5555555555555556, 'f1-score': 0.4918032786885246, 'support': 54.0}, '1': {'precision': 0.5636363636363636, 'recall': 0.4492753623188406, 'f1-score': 0.5, 'support': 69.0}, 'accuracy': 0.4959349593495935, 'macro avg': {'precision': 0.5024064171122995, 'recall': 0.5024154589371981, 'f1-score': 0.4959016393442623, 'support': 123.0}, 'weighted avg': {'precision': 0.5098734837615756, 'recall': 0.4959349593495935, 'f1-score': 0.4964014394242303, 'support': 123.0}}","[[30 24]
 [38 31]]"
1023,300,0.01,31,10,dart,1.0,0.46337916446324695,0.5,"{'0': {'precision': 0.4142857142857143, 'recall': 0.5370370370370371, 'f1-score': 0.46774193548387094, 'support': 54.0}, '1': {'precision': 0.5283018867924528, 'recall': 0.4057971014492754, 'f1-score': 0.45901639344262296, 'support': 69.0}, 'accuracy': 0.4634146341463415, 'macro avg': {'precision': 0.47129380053908354, 'recall': 0.47141706924315624, 'f1-score': 0.46337916446324695, 'support': 123.0}, 'weighted avg': {'precision': 0.47824600617973834, 'recall': 0.4634146341463415, 'f1-score': 0.4628471192168294, 'support': 123.0}}","[[29 25]
 [41 28]]"
1024,300,0.01,31,10,dart,1.0,0.5201983471074381,0.5,"{'0': {'precision': 0.4647887323943662, 'recall': 0.6111111111111112, 'f1-score': 0.528, 'support': 54.0}, '1': {'precision': 0.5961538461538461, 'recall': 0.4492753623188406, 'f1-score': 0.512396694214876, 'support': 69.0}, 'accuracy': 0.5203252032520326, 'macro avg': {'precision': 0.5304712892741061, 'recall': 0.5301932367149759, 'f1-score': 0.5201983471074381, 'support': 123.0}, 'weighted avg': {'precision': 0.5384813571862697, 'recall': 0.5203252032520326, 'f1-score': 0.5192469260229792, 'support': 123.0}}","[[33 21]
 [38 31]]"
1025,300,0.01,31,10,dart,1.0,0.4959016393442623,0.5,"{'0': {'precision': 0.4411764705882353, 'recall': 0.5555555555555556, 'f1-score': 0.4918032786885246, 'support': 54.0}, '1': {'precision': 0.5636363636363636, 'recall': 0.4492753623188406, 'f1-score': 0.5, 'support': 69.0}, 'accuracy': 0.4959349593495935, 'macro avg': {'precision': 0.5024064171122995, 'recall': 0.5024154589371981, 'f1-score': 0.4959016393442623, 'support': 123.0}, 'weighted avg': {'precision': 0.5098734837615756, 'recall': 0.4959349593495935, 'f1-score': 0.4964014394242303, 'support': 123.0}}","[[30 24]
 [38 31]]"
1026,300,0.01,50,-1,gbdt,0.7,0.47421400992829565,0.4,"{'0': {'precision': 0.4090909090909091, 'recall': 0.3333333333333333, 'f1-score': 0.3673469387755102, 'support': 54.0}, '1': {'precision': 0.5443037974683544, 'recall': 0.6231884057971014, 'f1-score': 0.581081081081081, 'support': 69.0}, 'accuracy': 0.4959349593495935, 'macro avg': {'precision': 0.4766973532796318, 'recall': 0.4782608695652174, 'f1-score': 0.47421400992829565, 'support': 123.0}, 'weighted avg': {'precision': 0.48494204159532966, 'recall': 0.4959349593495935, 'f1-score': 0.4872465795810743, 'support': 123.0}}","[[18 36]
 [26 43]]"
1027,300,0.01,50,-1,gbdt,0.7,0.46384833598560854,0.4,"{'0': {'precision': 0.3953488372093023, 'recall': 0.3148148148148148, 'f1-score': 0.35051546391752575, 'support': 54.0}, '1': {'precision': 0.5375, 'recall': 0.6231884057971014, 'f1-score': 0.5771812080536913, 'support': 69.0}, 'accuracy': 0.4878048780487805, 'macro avg': {'precision': 0.4664244186046511, 'recall': 0.4690016103059581, 'f1-score': 0.46384833598560854, 'support': 123.0}, 'weighted avg': {'precision': 0.4750921724333522, 'recall': 0.4878048780487805, 'f1-score': 0.47766941794513085, 'support': 123.0}}","[[17 37]
 [26 43]]"
1028,300,0.01,50,-1,gbdt,0.7,0.440292333149476,0.6000000000000001,"{'0': {'precision': 0.43617021276595747, 'recall': 0.7592592592592593, 'f1-score': 0.5540540540540541, 'support': 54.0}, '1': {'precision': 0.5517241379310345, 'recall': 0.2318840579710145, 'f1-score': 0.32653061224489793, 'support': 69.0}, 'accuracy': 0.4634146341463415, 'macro avg': {'precision': 0.49394717534849597, 'recall': 0.4955716586151369, 'f1-score': 0.440292333149476, 'support': 123.0}, 'weighted avg': {'precision': 0.500993146395147, 'recall': 0.4634146341463415, 'f1-score': 0.4264189525513567, 'support': 123.0}}","[[41 13]
 [53 16]]"
1029,300,0.01,50,-1,gbdt,0.8,0.47421400992829565,0.4,"{'0': {'precision': 0.4090909090909091, 'recall': 0.3333333333333333, 'f1-score': 0.3673469387755102, 'support': 54.0}, '1': {'precision': 0.5443037974683544, 'recall': 0.6231884057971014, 'f1-score': 0.581081081081081, 'support': 69.0}, 'accuracy': 0.4959349593495935, 'macro avg': {'precision': 0.4766973532796318, 'recall': 0.4782608695652174, 'f1-score': 0.47421400992829565, 'support': 123.0}, 'weighted avg': {'precision': 0.48494204159532966, 'recall': 0.4959349593495935, 'f1-score': 0.4872465795810743, 'support': 123.0}}","[[18 36]
 [26 43]]"
1030,300,0.01,50,-1,gbdt,0.8,0.46384833598560854,0.4,"{'0': {'precision': 0.3953488372093023, 'recall': 0.3148148148148148, 'f1-score': 0.35051546391752575, 'support': 54.0}, '1': {'precision': 0.5375, 'recall': 0.6231884057971014, 'f1-score': 0.5771812080536913, 'support': 69.0}, 'accuracy': 0.4878048780487805, 'macro avg': {'precision': 0.4664244186046511, 'recall': 0.4690016103059581, 'f1-score': 0.46384833598560854, 'support': 123.0}, 'weighted avg': {'precision': 0.4750921724333522, 'recall': 0.4878048780487805, 'f1-score': 0.47766941794513085, 'support': 123.0}}","[[17 37]
 [26 43]]"
1031,300,0.01,50,-1,gbdt,0.8,0.440292333149476,0.6000000000000001,"{'0': {'precision': 0.43617021276595747, 'recall': 0.7592592592592593, 'f1-score': 0.5540540540540541, 'support': 54.0}, '1': {'precision': 0.5517241379310345, 'recall': 0.2318840579710145, 'f1-score': 0.32653061224489793, 'support': 69.0}, 'accuracy': 0.4634146341463415, 'macro avg': {'precision': 0.49394717534849597, 'recall': 0.4955716586151369, 'f1-score': 0.440292333149476, 'support': 123.0}, 'weighted avg': {'precision': 0.500993146395147, 'recall': 0.4634146341463415, 'f1-score': 0.4264189525513567, 'support': 123.0}}","[[41 13]
 [53 16]]"
1032,300,0.01,50,-1,gbdt,1.0,0.47421400992829565,0.4,"{'0': {'precision': 0.4090909090909091, 'recall': 0.3333333333333333, 'f1-score': 0.3673469387755102, 'support': 54.0}, '1': {'precision': 0.5443037974683544, 'recall': 0.6231884057971014, 'f1-score': 0.581081081081081, 'support': 69.0}, 'accuracy': 0.4959349593495935, 'macro avg': {'precision': 0.4766973532796318, 'recall': 0.4782608695652174, 'f1-score': 0.47421400992829565, 'support': 123.0}, 'weighted avg': {'precision': 0.48494204159532966, 'recall': 0.4959349593495935, 'f1-score': 0.4872465795810743, 'support': 123.0}}","[[18 36]
 [26 43]]"
1033,300,0.01,50,-1,gbdt,1.0,0.46384833598560854,0.4,"{'0': {'precision': 0.3953488372093023, 'recall': 0.3148148148148148, 'f1-score': 0.35051546391752575, 'support': 54.0}, '1': {'precision': 0.5375, 'recall': 0.6231884057971014, 'f1-score': 0.5771812080536913, 'support': 69.0}, 'accuracy': 0.4878048780487805, 'macro avg': {'precision': 0.4664244186046511, 'recall': 0.4690016103059581, 'f1-score': 0.46384833598560854, 'support': 123.0}, 'weighted avg': {'precision': 0.4750921724333522, 'recall': 0.4878048780487805, 'f1-score': 0.47766941794513085, 'support': 123.0}}","[[17 37]
 [26 43]]"
1034,300,0.01,50,-1,gbdt,1.0,0.440292333149476,0.6000000000000001,"{'0': {'precision': 0.43617021276595747, 'recall': 0.7592592592592593, 'f1-score': 0.5540540540540541, 'support': 54.0}, '1': {'precision': 0.5517241379310345, 'recall': 0.2318840579710145, 'f1-score': 0.32653061224489793, 'support': 69.0}, 'accuracy': 0.4634146341463415, 'macro avg': {'precision': 0.49394717534849597, 'recall': 0.4955716586151369, 'f1-score': 0.440292333149476, 'support': 123.0}, 'weighted avg': {'precision': 0.500993146395147, 'recall': 0.4634146341463415, 'f1-score': 0.4264189525513567, 'support': 123.0}}","[[41 13]
 [53 16]]"
1035,300,0.01,50,-1,dart,0.7,0.46337916446324695,0.5,"{'0': {'precision': 0.4142857142857143, 'recall': 0.5370370370370371, 'f1-score': 0.46774193548387094, 'support': 54.0}, '1': {'precision': 0.5283018867924528, 'recall': 0.4057971014492754, 'f1-score': 0.45901639344262296, 'support': 69.0}, 'accuracy': 0.4634146341463415, 'macro avg': {'precision': 0.47129380053908354, 'recall': 0.47141706924315624, 'f1-score': 0.46337916446324695, 'support': 123.0}, 'weighted avg': {'precision': 0.47824600617973834, 'recall': 0.4634146341463415, 'f1-score': 0.4628471192168294, 'support': 123.0}}","[[29 25]
 [41 28]]"
1036,300,0.01,50,-1,dart,0.7,0.5201983471074381,0.5,"{'0': {'precision': 0.4647887323943662, 'recall': 0.6111111111111112, 'f1-score': 0.528, 'support': 54.0}, '1': {'precision': 0.5961538461538461, 'recall': 0.4492753623188406, 'f1-score': 0.512396694214876, 'support': 69.0}, 'accuracy': 0.5203252032520326, 'macro avg': {'precision': 0.5304712892741061, 'recall': 0.5301932367149759, 'f1-score': 0.5201983471074381, 'support': 123.0}, 'weighted avg': {'precision': 0.5384813571862697, 'recall': 0.5203252032520326, 'f1-score': 0.5192469260229792, 'support': 123.0}}","[[33 21]
 [38 31]]"
1037,300,0.01,50,-1,dart,0.7,0.4959016393442623,0.5,"{'0': {'precision': 0.4411764705882353, 'recall': 0.5555555555555556, 'f1-score': 0.4918032786885246, 'support': 54.0}, '1': {'precision': 0.5636363636363636, 'recall': 0.4492753623188406, 'f1-score': 0.5, 'support': 69.0}, 'accuracy': 0.4959349593495935, 'macro avg': {'precision': 0.5024064171122995, 'recall': 0.5024154589371981, 'f1-score': 0.4959016393442623, 'support': 123.0}, 'weighted avg': {'precision': 0.5098734837615756, 'recall': 0.4959349593495935, 'f1-score': 0.4964014394242303, 'support': 123.0}}","[[30 24]
 [38 31]]"
1038,300,0.01,50,-1,dart,0.8,0.46337916446324695,0.5,"{'0': {'precision': 0.4142857142857143, 'recall': 0.5370370370370371, 'f1-score': 0.46774193548387094, 'support': 54.0}, '1': {'precision': 0.5283018867924528, 'recall': 0.4057971014492754, 'f1-score': 0.45901639344262296, 'support': 69.0}, 'accuracy': 0.4634146341463415, 'macro avg': {'precision': 0.47129380053908354, 'recall': 0.47141706924315624, 'f1-score': 0.46337916446324695, 'support': 123.0}, 'weighted avg': {'precision': 0.47824600617973834, 'recall': 0.4634146341463415, 'f1-score': 0.4628471192168294, 'support': 123.0}}","[[29 25]
 [41 28]]"
1039,300,0.01,50,-1,dart,0.8,0.5201983471074381,0.5,"{'0': {'precision': 0.4647887323943662, 'recall': 0.6111111111111112, 'f1-score': 0.528, 'support': 54.0}, '1': {'precision': 0.5961538461538461, 'recall': 0.4492753623188406, 'f1-score': 0.512396694214876, 'support': 69.0}, 'accuracy': 0.5203252032520326, 'macro avg': {'precision': 0.5304712892741061, 'recall': 0.5301932367149759, 'f1-score': 0.5201983471074381, 'support': 123.0}, 'weighted avg': {'precision': 0.5384813571862697, 'recall': 0.5203252032520326, 'f1-score': 0.5192469260229792, 'support': 123.0}}","[[33 21]
 [38 31]]"
1040,300,0.01,50,-1,dart,0.8,0.4959016393442623,0.5,"{'0': {'precision': 0.4411764705882353, 'recall': 0.5555555555555556, 'f1-score': 0.4918032786885246, 'support': 54.0}, '1': {'precision': 0.5636363636363636, 'recall': 0.4492753623188406, 'f1-score': 0.5, 'support': 69.0}, 'accuracy': 0.4959349593495935, 'macro avg': {'precision': 0.5024064171122995, 'recall': 0.5024154589371981, 'f1-score': 0.4959016393442623, 'support': 123.0}, 'weighted avg': {'precision': 0.5098734837615756, 'recall': 0.4959349593495935, 'f1-score': 0.4964014394242303, 'support': 123.0}}","[[30 24]
 [38 31]]"
1041,300,0.01,50,-1,dart,1.0,0.46337916446324695,0.5,"{'0': {'precision': 0.4142857142857143, 'recall': 0.5370370370370371, 'f1-score': 0.46774193548387094, 'support': 54.0}, '1': {'precision': 0.5283018867924528, 'recall': 0.4057971014492754, 'f1-score': 0.45901639344262296, 'support': 69.0}, 'accuracy': 0.4634146341463415, 'macro avg': {'precision': 0.47129380053908354, 'recall': 0.47141706924315624, 'f1-score': 0.46337916446324695, 'support': 123.0}, 'weighted avg': {'precision': 0.47824600617973834, 'recall': 0.4634146341463415, 'f1-score': 0.4628471192168294, 'support': 123.0}}","[[29 25]
 [41 28]]"
1042,300,0.01,50,-1,dart,1.0,0.5201983471074381,0.5,"{'0': {'precision': 0.4647887323943662, 'recall': 0.6111111111111112, 'f1-score': 0.528, 'support': 54.0}, '1': {'precision': 0.5961538461538461, 'recall': 0.4492753623188406, 'f1-score': 0.512396694214876, 'support': 69.0}, 'accuracy': 0.5203252032520326, 'macro avg': {'precision': 0.5304712892741061, 'recall': 0.5301932367149759, 'f1-score': 0.5201983471074381, 'support': 123.0}, 'weighted avg': {'precision': 0.5384813571862697, 'recall': 0.5203252032520326, 'f1-score': 0.5192469260229792, 'support': 123.0}}","[[33 21]
 [38 31]]"
1043,300,0.01,50,-1,dart,1.0,0.4959016393442623,0.5,"{'0': {'precision': 0.4411764705882353, 'recall': 0.5555555555555556, 'f1-score': 0.4918032786885246, 'support': 54.0}, '1': {'precision': 0.5636363636363636, 'recall': 0.4492753623188406, 'f1-score': 0.5, 'support': 69.0}, 'accuracy': 0.4959349593495935, 'macro avg': {'precision': 0.5024064171122995, 'recall': 0.5024154589371981, 'f1-score': 0.4959016393442623, 'support': 123.0}, 'weighted avg': {'precision': 0.5098734837615756, 'recall': 0.4959349593495935, 'f1-score': 0.4964014394242303, 'support': 123.0}}","[[30 24]
 [38 31]]"
1044,300,0.01,50,5,gbdt,0.7,0.4796404019037546,0.5,"{'0': {'precision': 0.4264705882352941, 'recall': 0.5370370370370371, 'f1-score': 0.47540983606557374, 'support': 54.0}, '1': {'precision': 0.5454545454545454, 'recall': 0.43478260869565216, 'f1-score': 0.4838709677419355, 'support': 69.0}, 'accuracy': 0.4796747967479675, 'macro avg': {'precision': 0.4859625668449198, 'recall': 0.48590982286634465, 'f1-score': 0.4796404019037546, 'support': 123.0}, 'weighted avg': {'precision': 0.493217686187557, 'recall': 0.4796747967479675, 'f1-score': 0.4801563245669474, 'support': 123.0}}","[[29 25]
 [39 30]]"
1045,300,0.01,50,5,gbdt,0.7,0.49563492063492065,0.5,"{'0': {'precision': 0.4444444444444444, 'recall': 0.5925925925925926, 'f1-score': 0.5079365079365079, 'support': 54.0}, '1': {'precision': 0.5686274509803921, 'recall': 0.42028985507246375, 'f1-score': 0.48333333333333334, 'support': 69.0}, 'accuracy': 0.4959349593495935, 'macro avg': {'precision': 0.5065359477124183, 'recall': 0.5064412238325282, 'f1-score': 0.49563492063492065, 'support': 123.0}, 'weighted avg': {'precision': 0.5141080822572932, 'recall': 0.4959349593495935, 'f1-score': 0.4941347270615563, 'support': 123.0}}","[[32 22]
 [40 29]]"
1046,300,0.01,50,5,gbdt,0.7,0.4788135593220339,0.5,"{'0': {'precision': 0.43243243243243246, 'recall': 0.5925925925925926, 'f1-score': 0.5, 'support': 54.0}, '1': {'precision': 0.5510204081632653, 'recall': 0.391304347826087, 'f1-score': 0.4576271186440678, 'support': 69.0}, 'accuracy': 0.4796747967479675, 'macro avg': {'precision': 0.49172642029784885, 'recall': 0.49194847020933974, 'f1-score': 0.4788135593220339, 'support': 123.0}, 'weighted avg': {'precision': 0.4989573944277777, 'recall': 0.4796747967479675, 'f1-score': 0.47622984704423316, 'support': 123.0}}","[[32 22]
 [42 27]]"
1047,300,0.01,50,5,gbdt,0.8,0.4796404019037546,0.5,"{'0': {'precision': 0.4264705882352941, 'recall': 0.5370370370370371, 'f1-score': 0.47540983606557374, 'support': 54.0}, '1': {'precision': 0.5454545454545454, 'recall': 0.43478260869565216, 'f1-score': 0.4838709677419355, 'support': 69.0}, 'accuracy': 0.4796747967479675, 'macro avg': {'precision': 0.4859625668449198, 'recall': 0.48590982286634465, 'f1-score': 0.4796404019037546, 'support': 123.0}, 'weighted avg': {'precision': 0.493217686187557, 'recall': 0.4796747967479675, 'f1-score': 0.4801563245669474, 'support': 123.0}}","[[29 25]
 [39 30]]"
1048,300,0.01,50,5,gbdt,0.8,0.49563492063492065,0.5,"{'0': {'precision': 0.4444444444444444, 'recall': 0.5925925925925926, 'f1-score': 0.5079365079365079, 'support': 54.0}, '1': {'precision': 0.5686274509803921, 'recall': 0.42028985507246375, 'f1-score': 0.48333333333333334, 'support': 69.0}, 'accuracy': 0.4959349593495935, 'macro avg': {'precision': 0.5065359477124183, 'recall': 0.5064412238325282, 'f1-score': 0.49563492063492065, 'support': 123.0}, 'weighted avg': {'precision': 0.5141080822572932, 'recall': 0.4959349593495935, 'f1-score': 0.4941347270615563, 'support': 123.0}}","[[32 22]
 [40 29]]"
1049,300,0.01,50,5,gbdt,0.8,0.4788135593220339,0.5,"{'0': {'precision': 0.43243243243243246, 'recall': 0.5925925925925926, 'f1-score': 0.5, 'support': 54.0}, '1': {'precision': 0.5510204081632653, 'recall': 0.391304347826087, 'f1-score': 0.4576271186440678, 'support': 69.0}, 'accuracy': 0.4796747967479675, 'macro avg': {'precision': 0.49172642029784885, 'recall': 0.49194847020933974, 'f1-score': 0.4788135593220339, 'support': 123.0}, 'weighted avg': {'precision': 0.4989573944277777, 'recall': 0.4796747967479675, 'f1-score': 0.47622984704423316, 'support': 123.0}}","[[32 22]
 [42 27]]"
1050,300,0.01,50,5,gbdt,1.0,0.4796404019037546,0.5,"{'0': {'precision': 0.4264705882352941, 'recall': 0.5370370370370371, 'f1-score': 0.47540983606557374, 'support': 54.0}, '1': {'precision': 0.5454545454545454, 'recall': 0.43478260869565216, 'f1-score': 0.4838709677419355, 'support': 69.0}, 'accuracy': 0.4796747967479675, 'macro avg': {'precision': 0.4859625668449198, 'recall': 0.48590982286634465, 'f1-score': 0.4796404019037546, 'support': 123.0}, 'weighted avg': {'precision': 0.493217686187557, 'recall': 0.4796747967479675, 'f1-score': 0.4801563245669474, 'support': 123.0}}","[[29 25]
 [39 30]]"
1051,300,0.01,50,5,gbdt,1.0,0.49563492063492065,0.5,"{'0': {'precision': 0.4444444444444444, 'recall': 0.5925925925925926, 'f1-score': 0.5079365079365079, 'support': 54.0}, '1': {'precision': 0.5686274509803921, 'recall': 0.42028985507246375, 'f1-score': 0.48333333333333334, 'support': 69.0}, 'accuracy': 0.4959349593495935, 'macro avg': {'precision': 0.5065359477124183, 'recall': 0.5064412238325282, 'f1-score': 0.49563492063492065, 'support': 123.0}, 'weighted avg': {'precision': 0.5141080822572932, 'recall': 0.4959349593495935, 'f1-score': 0.4941347270615563, 'support': 123.0}}","[[32 22]
 [40 29]]"
1052,300,0.01,50,5,gbdt,1.0,0.4788135593220339,0.5,"{'0': {'precision': 0.43243243243243246, 'recall': 0.5925925925925926, 'f1-score': 0.5, 'support': 54.0}, '1': {'precision': 0.5510204081632653, 'recall': 0.391304347826087, 'f1-score': 0.4576271186440678, 'support': 69.0}, 'accuracy': 0.4796747967479675, 'macro avg': {'precision': 0.49172642029784885, 'recall': 0.49194847020933974, 'f1-score': 0.4788135593220339, 'support': 123.0}, 'weighted avg': {'precision': 0.4989573944277777, 'recall': 0.4796747967479675, 'f1-score': 0.47622984704423316, 'support': 123.0}}","[[32 22]
 [42 27]]"
1053,300,0.01,50,5,dart,0.7,0.4959016393442623,0.5,"{'0': {'precision': 0.4411764705882353, 'recall': 0.5555555555555556, 'f1-score': 0.4918032786885246, 'support': 54.0}, '1': {'precision': 0.5636363636363636, 'recall': 0.4492753623188406, 'f1-score': 0.5, 'support': 69.0}, 'accuracy': 0.4959349593495935, 'macro avg': {'precision': 0.5024064171122995, 'recall': 0.5024154589371981, 'f1-score': 0.4959016393442623, 'support': 123.0}, 'weighted avg': {'precision': 0.5098734837615756, 'recall': 0.4959349593495935, 'f1-score': 0.4964014394242303, 'support': 123.0}}","[[30 24]
 [38 31]]"
1054,300,0.01,50,5,dart,0.7,0.4793650793650793,0.5,"{'0': {'precision': 0.4305555555555556, 'recall': 0.5740740740740741, 'f1-score': 0.49206349206349204, 'support': 54.0}, '1': {'precision': 0.5490196078431373, 'recall': 0.4057971014492754, 'f1-score': 0.4666666666666667, 'support': 69.0}, 'accuracy': 0.4796747967479675, 'macro avg': {'precision': 0.48978758169934644, 'recall': 0.48993558776167473, 'f1-score': 0.4793650793650793, 'support': 123.0}, 'weighted avg': {'precision': 0.4970109995217599, 'recall': 0.4796747967479675, 'f1-score': 0.4778164924506388, 'support': 123.0}}","[[31 23]
 [41 28]]"
1055,300,0.01,50,5,dart,0.7,0.4876694214876033,0.5,"{'0': {'precision': 0.43661971830985913, 'recall': 0.5740740740740741, 'f1-score': 0.496, 'support': 54.0}, '1': {'precision': 0.5576923076923077, 'recall': 0.42028985507246375, 'f1-score': 0.4793388429752066, 'support': 69.0}, 'accuracy': 0.4878048780487805, 'macro avg': {'precision': 0.4971560130010834, 'recall': 0.4971819645732689, 'f1-score': 0.4876694214876033, 'support': 123.0}, 'weighted avg': {'precision': 0.5045384879634278, 'recall': 0.4878048780487805, 'f1-score': 0.48665349727877444, 'support': 123.0}}","[[31 23]
 [40 29]]"
1056,300,0.01,50,5,dart,0.8,0.4959016393442623,0.5,"{'0': {'precision': 0.4411764705882353, 'recall': 0.5555555555555556, 'f1-score': 0.4918032786885246, 'support': 54.0}, '1': {'precision': 0.5636363636363636, 'recall': 0.4492753623188406, 'f1-score': 0.5, 'support': 69.0}, 'accuracy': 0.4959349593495935, 'macro avg': {'precision': 0.5024064171122995, 'recall': 0.5024154589371981, 'f1-score': 0.4959016393442623, 'support': 123.0}, 'weighted avg': {'precision': 0.5098734837615756, 'recall': 0.4959349593495935, 'f1-score': 0.4964014394242303, 'support': 123.0}}","[[30 24]
 [38 31]]"
1057,300,0.01,50,5,dart,0.8,0.4793650793650793,0.5,"{'0': {'precision': 0.4305555555555556, 'recall': 0.5740740740740741, 'f1-score': 0.49206349206349204, 'support': 54.0}, '1': {'precision': 0.5490196078431373, 'recall': 0.4057971014492754, 'f1-score': 0.4666666666666667, 'support': 69.0}, 'accuracy': 0.4796747967479675, 'macro avg': {'precision': 0.48978758169934644, 'recall': 0.48993558776167473, 'f1-score': 0.4793650793650793, 'support': 123.0}, 'weighted avg': {'precision': 0.4970109995217599, 'recall': 0.4796747967479675, 'f1-score': 0.4778164924506388, 'support': 123.0}}","[[31 23]
 [41 28]]"
1058,300,0.01,50,5,dart,0.8,0.4876694214876033,0.5,"{'0': {'precision': 0.43661971830985913, 'recall': 0.5740740740740741, 'f1-score': 0.496, 'support': 54.0}, '1': {'precision': 0.5576923076923077, 'recall': 0.42028985507246375, 'f1-score': 0.4793388429752066, 'support': 69.0}, 'accuracy': 0.4878048780487805, 'macro avg': {'precision': 0.4971560130010834, 'recall': 0.4971819645732689, 'f1-score': 0.4876694214876033, 'support': 123.0}, 'weighted avg': {'precision': 0.5045384879634278, 'recall': 0.4878048780487805, 'f1-score': 0.48665349727877444, 'support': 123.0}}","[[31 23]
 [40 29]]"
1059,300,0.01,50,5,dart,1.0,0.4959016393442623,0.5,"{'0': {'precision': 0.4411764705882353, 'recall': 0.5555555555555556, 'f1-score': 0.4918032786885246, 'support': 54.0}, '1': {'precision': 0.5636363636363636, 'recall': 0.4492753623188406, 'f1-score': 0.5, 'support': 69.0}, 'accuracy': 0.4959349593495935, 'macro avg': {'precision': 0.5024064171122995, 'recall': 0.5024154589371981, 'f1-score': 0.4959016393442623, 'support': 123.0}, 'weighted avg': {'precision': 0.5098734837615756, 'recall': 0.4959349593495935, 'f1-score': 0.4964014394242303, 'support': 123.0}}","[[30 24]
 [38 31]]"
1060,300,0.01,50,5,dart,1.0,0.4793650793650793,0.5,"{'0': {'precision': 0.4305555555555556, 'recall': 0.5740740740740741, 'f1-score': 0.49206349206349204, 'support': 54.0}, '1': {'precision': 0.5490196078431373, 'recall': 0.4057971014492754, 'f1-score': 0.4666666666666667, 'support': 69.0}, 'accuracy': 0.4796747967479675, 'macro avg': {'precision': 0.48978758169934644, 'recall': 0.48993558776167473, 'f1-score': 0.4793650793650793, 'support': 123.0}, 'weighted avg': {'precision': 0.4970109995217599, 'recall': 0.4796747967479675, 'f1-score': 0.4778164924506388, 'support': 123.0}}","[[31 23]
 [41 28]]"
1061,300,0.01,50,5,dart,1.0,0.4876694214876033,0.5,"{'0': {'precision': 0.43661971830985913, 'recall': 0.5740740740740741, 'f1-score': 0.496, 'support': 54.0}, '1': {'precision': 0.5576923076923077, 'recall': 0.42028985507246375, 'f1-score': 0.4793388429752066, 'support': 69.0}, 'accuracy': 0.4878048780487805, 'macro avg': {'precision': 0.4971560130010834, 'recall': 0.4971819645732689, 'f1-score': 0.4876694214876033, 'support': 123.0}, 'weighted avg': {'precision': 0.5045384879634278, 'recall': 0.4878048780487805, 'f1-score': 0.48665349727877444, 'support': 123.0}}","[[31 23]
 [40 29]]"
1062,300,0.01,50,10,gbdt,0.7,0.47421400992829565,0.4,"{'0': {'precision': 0.4090909090909091, 'recall': 0.3333333333333333, 'f1-score': 0.3673469387755102, 'support': 54.0}, '1': {'precision': 0.5443037974683544, 'recall': 0.6231884057971014, 'f1-score': 0.581081081081081, 'support': 69.0}, 'accuracy': 0.4959349593495935, 'macro avg': {'precision': 0.4766973532796318, 'recall': 0.4782608695652174, 'f1-score': 0.47421400992829565, 'support': 123.0}, 'weighted avg': {'precision': 0.48494204159532966, 'recall': 0.4959349593495935, 'f1-score': 0.4872465795810743, 'support': 123.0}}","[[18 36]
 [26 43]]"
1063,300,0.01,50,10,gbdt,0.7,0.46384833598560854,0.4,"{'0': {'precision': 0.3953488372093023, 'recall': 0.3148148148148148, 'f1-score': 0.35051546391752575, 'support': 54.0}, '1': {'precision': 0.5375, 'recall': 0.6231884057971014, 'f1-score': 0.5771812080536913, 'support': 69.0}, 'accuracy': 0.4878048780487805, 'macro avg': {'precision': 0.4664244186046511, 'recall': 0.4690016103059581, 'f1-score': 0.46384833598560854, 'support': 123.0}, 'weighted avg': {'precision': 0.4750921724333522, 'recall': 0.4878048780487805, 'f1-score': 0.47766941794513085, 'support': 123.0}}","[[17 37]
 [26 43]]"
1064,300,0.01,50,10,gbdt,0.7,0.440292333149476,0.6000000000000001,"{'0': {'precision': 0.43617021276595747, 'recall': 0.7592592592592593, 'f1-score': 0.5540540540540541, 'support': 54.0}, '1': {'precision': 0.5517241379310345, 'recall': 0.2318840579710145, 'f1-score': 0.32653061224489793, 'support': 69.0}, 'accuracy': 0.4634146341463415, 'macro avg': {'precision': 0.49394717534849597, 'recall': 0.4955716586151369, 'f1-score': 0.440292333149476, 'support': 123.0}, 'weighted avg': {'precision': 0.500993146395147, 'recall': 0.4634146341463415, 'f1-score': 0.4264189525513567, 'support': 123.0}}","[[41 13]
 [53 16]]"
1065,300,0.01,50,10,gbdt,0.8,0.47421400992829565,0.4,"{'0': {'precision': 0.4090909090909091, 'recall': 0.3333333333333333, 'f1-score': 0.3673469387755102, 'support': 54.0}, '1': {'precision': 0.5443037974683544, 'recall': 0.6231884057971014, 'f1-score': 0.581081081081081, 'support': 69.0}, 'accuracy': 0.4959349593495935, 'macro avg': {'precision': 0.4766973532796318, 'recall': 0.4782608695652174, 'f1-score': 0.47421400992829565, 'support': 123.0}, 'weighted avg': {'precision': 0.48494204159532966, 'recall': 0.4959349593495935, 'f1-score': 0.4872465795810743, 'support': 123.0}}","[[18 36]
 [26 43]]"
1066,300,0.01,50,10,gbdt,0.8,0.46384833598560854,0.4,"{'0': {'precision': 0.3953488372093023, 'recall': 0.3148148148148148, 'f1-score': 0.35051546391752575, 'support': 54.0}, '1': {'precision': 0.5375, 'recall': 0.6231884057971014, 'f1-score': 0.5771812080536913, 'support': 69.0}, 'accuracy': 0.4878048780487805, 'macro avg': {'precision': 0.4664244186046511, 'recall': 0.4690016103059581, 'f1-score': 0.46384833598560854, 'support': 123.0}, 'weighted avg': {'precision': 0.4750921724333522, 'recall': 0.4878048780487805, 'f1-score': 0.47766941794513085, 'support': 123.0}}","[[17 37]
 [26 43]]"
1067,300,0.01,50,10,gbdt,0.8,0.440292333149476,0.6000000000000001,"{'0': {'precision': 0.43617021276595747, 'recall': 0.7592592592592593, 'f1-score': 0.5540540540540541, 'support': 54.0}, '1': {'precision': 0.5517241379310345, 'recall': 0.2318840579710145, 'f1-score': 0.32653061224489793, 'support': 69.0}, 'accuracy': 0.4634146341463415, 'macro avg': {'precision': 0.49394717534849597, 'recall': 0.4955716586151369, 'f1-score': 0.440292333149476, 'support': 123.0}, 'weighted avg': {'precision': 0.500993146395147, 'recall': 0.4634146341463415, 'f1-score': 0.4264189525513567, 'support': 123.0}}","[[41 13]
 [53 16]]"
1068,300,0.01,50,10,gbdt,1.0,0.47421400992829565,0.4,"{'0': {'precision': 0.4090909090909091, 'recall': 0.3333333333333333, 'f1-score': 0.3673469387755102, 'support': 54.0}, '1': {'precision': 0.5443037974683544, 'recall': 0.6231884057971014, 'f1-score': 0.581081081081081, 'support': 69.0}, 'accuracy': 0.4959349593495935, 'macro avg': {'precision': 0.4766973532796318, 'recall': 0.4782608695652174, 'f1-score': 0.47421400992829565, 'support': 123.0}, 'weighted avg': {'precision': 0.48494204159532966, 'recall': 0.4959349593495935, 'f1-score': 0.4872465795810743, 'support': 123.0}}","[[18 36]
 [26 43]]"
1069,300,0.01,50,10,gbdt,1.0,0.46384833598560854,0.4,"{'0': {'precision': 0.3953488372093023, 'recall': 0.3148148148148148, 'f1-score': 0.35051546391752575, 'support': 54.0}, '1': {'precision': 0.5375, 'recall': 0.6231884057971014, 'f1-score': 0.5771812080536913, 'support': 69.0}, 'accuracy': 0.4878048780487805, 'macro avg': {'precision': 0.4664244186046511, 'recall': 0.4690016103059581, 'f1-score': 0.46384833598560854, 'support': 123.0}, 'weighted avg': {'precision': 0.4750921724333522, 'recall': 0.4878048780487805, 'f1-score': 0.47766941794513085, 'support': 123.0}}","[[17 37]
 [26 43]]"
1070,300,0.01,50,10,gbdt,1.0,0.440292333149476,0.6000000000000001,"{'0': {'precision': 0.43617021276595747, 'recall': 0.7592592592592593, 'f1-score': 0.5540540540540541, 'support': 54.0}, '1': {'precision': 0.5517241379310345, 'recall': 0.2318840579710145, 'f1-score': 0.32653061224489793, 'support': 69.0}, 'accuracy': 0.4634146341463415, 'macro avg': {'precision': 0.49394717534849597, 'recall': 0.4955716586151369, 'f1-score': 0.440292333149476, 'support': 123.0}, 'weighted avg': {'precision': 0.500993146395147, 'recall': 0.4634146341463415, 'f1-score': 0.4264189525513567, 'support': 123.0}}","[[41 13]
 [53 16]]"
1071,300,0.01,50,10,dart,0.7,0.46337916446324695,0.5,"{'0': {'precision': 0.4142857142857143, 'recall': 0.5370370370370371, 'f1-score': 0.46774193548387094, 'support': 54.0}, '1': {'precision': 0.5283018867924528, 'recall': 0.4057971014492754, 'f1-score': 0.45901639344262296, 'support': 69.0}, 'accuracy': 0.4634146341463415, 'macro avg': {'precision': 0.47129380053908354, 'recall': 0.47141706924315624, 'f1-score': 0.46337916446324695, 'support': 123.0}, 'weighted avg': {'precision': 0.47824600617973834, 'recall': 0.4634146341463415, 'f1-score': 0.4628471192168294, 'support': 123.0}}","[[29 25]
 [41 28]]"
1072,300,0.01,50,10,dart,0.7,0.5201983471074381,0.5,"{'0': {'precision': 0.4647887323943662, 'recall': 0.6111111111111112, 'f1-score': 0.528, 'support': 54.0}, '1': {'precision': 0.5961538461538461, 'recall': 0.4492753623188406, 'f1-score': 0.512396694214876, 'support': 69.0}, 'accuracy': 0.5203252032520326, 'macro avg': {'precision': 0.5304712892741061, 'recall': 0.5301932367149759, 'f1-score': 0.5201983471074381, 'support': 123.0}, 'weighted avg': {'precision': 0.5384813571862697, 'recall': 0.5203252032520326, 'f1-score': 0.5192469260229792, 'support': 123.0}}","[[33 21]
 [38 31]]"
1073,300,0.01,50,10,dart,0.7,0.4959016393442623,0.5,"{'0': {'precision': 0.4411764705882353, 'recall': 0.5555555555555556, 'f1-score': 0.4918032786885246, 'support': 54.0}, '1': {'precision': 0.5636363636363636, 'recall': 0.4492753623188406, 'f1-score': 0.5, 'support': 69.0}, 'accuracy': 0.4959349593495935, 'macro avg': {'precision': 0.5024064171122995, 'recall': 0.5024154589371981, 'f1-score': 0.4959016393442623, 'support': 123.0}, 'weighted avg': {'precision': 0.5098734837615756, 'recall': 0.4959349593495935, 'f1-score': 0.4964014394242303, 'support': 123.0}}","[[30 24]
 [38 31]]"
1074,300,0.01,50,10,dart,0.8,0.46337916446324695,0.5,"{'0': {'precision': 0.4142857142857143, 'recall': 0.5370370370370371, 'f1-score': 0.46774193548387094, 'support': 54.0}, '1': {'precision': 0.5283018867924528, 'recall': 0.4057971014492754, 'f1-score': 0.45901639344262296, 'support': 69.0}, 'accuracy': 0.4634146341463415, 'macro avg': {'precision': 0.47129380053908354, 'recall': 0.47141706924315624, 'f1-score': 0.46337916446324695, 'support': 123.0}, 'weighted avg': {'precision': 0.47824600617973834, 'recall': 0.4634146341463415, 'f1-score': 0.4628471192168294, 'support': 123.0}}","[[29 25]
 [41 28]]"
1075,300,0.01,50,10,dart,0.8,0.5201983471074381,0.5,"{'0': {'precision': 0.4647887323943662, 'recall': 0.6111111111111112, 'f1-score': 0.528, 'support': 54.0}, '1': {'precision': 0.5961538461538461, 'recall': 0.4492753623188406, 'f1-score': 0.512396694214876, 'support': 69.0}, 'accuracy': 0.5203252032520326, 'macro avg': {'precision': 0.5304712892741061, 'recall': 0.5301932367149759, 'f1-score': 0.5201983471074381, 'support': 123.0}, 'weighted avg': {'precision': 0.5384813571862697, 'recall': 0.5203252032520326, 'f1-score': 0.5192469260229792, 'support': 123.0}}","[[33 21]
 [38 31]]"
1076,300,0.01,50,10,dart,0.8,0.4959016393442623,0.5,"{'0': {'precision': 0.4411764705882353, 'recall': 0.5555555555555556, 'f1-score': 0.4918032786885246, 'support': 54.0}, '1': {'precision': 0.5636363636363636, 'recall': 0.4492753623188406, 'f1-score': 0.5, 'support': 69.0}, 'accuracy': 0.4959349593495935, 'macro avg': {'precision': 0.5024064171122995, 'recall': 0.5024154589371981, 'f1-score': 0.4959016393442623, 'support': 123.0}, 'weighted avg': {'precision': 0.5098734837615756, 'recall': 0.4959349593495935, 'f1-score': 0.4964014394242303, 'support': 123.0}}","[[30 24]
 [38 31]]"
1077,300,0.01,50,10,dart,1.0,0.46337916446324695,0.5,"{'0': {'precision': 0.4142857142857143, 'recall': 0.5370370370370371, 'f1-score': 0.46774193548387094, 'support': 54.0}, '1': {'precision': 0.5283018867924528, 'recall': 0.4057971014492754, 'f1-score': 0.45901639344262296, 'support': 69.0}, 'accuracy': 0.4634146341463415, 'macro avg': {'precision': 0.47129380053908354, 'recall': 0.47141706924315624, 'f1-score': 0.46337916446324695, 'support': 123.0}, 'weighted avg': {'precision': 0.47824600617973834, 'recall': 0.4634146341463415, 'f1-score': 0.4628471192168294, 'support': 123.0}}","[[29 25]
 [41 28]]"
1078,300,0.01,50,10,dart,1.0,0.5201983471074381,0.5,"{'0': {'precision': 0.4647887323943662, 'recall': 0.6111111111111112, 'f1-score': 0.528, 'support': 54.0}, '1': {'precision': 0.5961538461538461, 'recall': 0.4492753623188406, 'f1-score': 0.512396694214876, 'support': 69.0}, 'accuracy': 0.5203252032520326, 'macro avg': {'precision': 0.5304712892741061, 'recall': 0.5301932367149759, 'f1-score': 0.5201983471074381, 'support': 123.0}, 'weighted avg': {'precision': 0.5384813571862697, 'recall': 0.5203252032520326, 'f1-score': 0.5192469260229792, 'support': 123.0}}","[[33 21]
 [38 31]]"
1079,300,0.01,50,10,dart,1.0,0.4959016393442623,0.5,"{'0': {'precision': 0.4411764705882353, 'recall': 0.5555555555555556, 'f1-score': 0.4918032786885246, 'support': 54.0}, '1': {'precision': 0.5636363636363636, 'recall': 0.4492753623188406, 'f1-score': 0.5, 'support': 69.0}, 'accuracy': 0.4959349593495935, 'macro avg': {'precision': 0.5024064171122995, 'recall': 0.5024154589371981, 'f1-score': 0.4959016393442623, 'support': 123.0}, 'weighted avg': {'precision': 0.5098734837615756, 'recall': 0.4959349593495935, 'f1-score': 0.4964014394242303, 'support': 123.0}}","[[30 24]
 [38 31]]"
1080,300,0.01,70,-1,gbdt,0.7,0.47421400992829565,0.4,"{'0': {'precision': 0.4090909090909091, 'recall': 0.3333333333333333, 'f1-score': 0.3673469387755102, 'support': 54.0}, '1': {'precision': 0.5443037974683544, 'recall': 0.6231884057971014, 'f1-score': 0.581081081081081, 'support': 69.0}, 'accuracy': 0.4959349593495935, 'macro avg': {'precision': 0.4766973532796318, 'recall': 0.4782608695652174, 'f1-score': 0.47421400992829565, 'support': 123.0}, 'weighted avg': {'precision': 0.48494204159532966, 'recall': 0.4959349593495935, 'f1-score': 0.4872465795810743, 'support': 123.0}}","[[18 36]
 [26 43]]"
1081,300,0.01,70,-1,gbdt,0.7,0.46384833598560854,0.4,"{'0': {'precision': 0.3953488372093023, 'recall': 0.3148148148148148, 'f1-score': 0.35051546391752575, 'support': 54.0}, '1': {'precision': 0.5375, 'recall': 0.6231884057971014, 'f1-score': 0.5771812080536913, 'support': 69.0}, 'accuracy': 0.4878048780487805, 'macro avg': {'precision': 0.4664244186046511, 'recall': 0.4690016103059581, 'f1-score': 0.46384833598560854, 'support': 123.0}, 'weighted avg': {'precision': 0.4750921724333522, 'recall': 0.4878048780487805, 'f1-score': 0.47766941794513085, 'support': 123.0}}","[[17 37]
 [26 43]]"
1082,300,0.01,70,-1,gbdt,0.7,0.440292333149476,0.6000000000000001,"{'0': {'precision': 0.43617021276595747, 'recall': 0.7592592592592593, 'f1-score': 0.5540540540540541, 'support': 54.0}, '1': {'precision': 0.5517241379310345, 'recall': 0.2318840579710145, 'f1-score': 0.32653061224489793, 'support': 69.0}, 'accuracy': 0.4634146341463415, 'macro avg': {'precision': 0.49394717534849597, 'recall': 0.4955716586151369, 'f1-score': 0.440292333149476, 'support': 123.0}, 'weighted avg': {'precision': 0.500993146395147, 'recall': 0.4634146341463415, 'f1-score': 0.4264189525513567, 'support': 123.0}}","[[41 13]
 [53 16]]"
1083,300,0.01,70,-1,gbdt,0.8,0.47421400992829565,0.4,"{'0': {'precision': 0.4090909090909091, 'recall': 0.3333333333333333, 'f1-score': 0.3673469387755102, 'support': 54.0}, '1': {'precision': 0.5443037974683544, 'recall': 0.6231884057971014, 'f1-score': 0.581081081081081, 'support': 69.0}, 'accuracy': 0.4959349593495935, 'macro avg': {'precision': 0.4766973532796318, 'recall': 0.4782608695652174, 'f1-score': 0.47421400992829565, 'support': 123.0}, 'weighted avg': {'precision': 0.48494204159532966, 'recall': 0.4959349593495935, 'f1-score': 0.4872465795810743, 'support': 123.0}}","[[18 36]
 [26 43]]"
1084,300,0.01,70,-1,gbdt,0.8,0.46384833598560854,0.4,"{'0': {'precision': 0.3953488372093023, 'recall': 0.3148148148148148, 'f1-score': 0.35051546391752575, 'support': 54.0}, '1': {'precision': 0.5375, 'recall': 0.6231884057971014, 'f1-score': 0.5771812080536913, 'support': 69.0}, 'accuracy': 0.4878048780487805, 'macro avg': {'precision': 0.4664244186046511, 'recall': 0.4690016103059581, 'f1-score': 0.46384833598560854, 'support': 123.0}, 'weighted avg': {'precision': 0.4750921724333522, 'recall': 0.4878048780487805, 'f1-score': 0.47766941794513085, 'support': 123.0}}","[[17 37]
 [26 43]]"
1085,300,0.01,70,-1,gbdt,0.8,0.440292333149476,0.6000000000000001,"{'0': {'precision': 0.43617021276595747, 'recall': 0.7592592592592593, 'f1-score': 0.5540540540540541, 'support': 54.0}, '1': {'precision': 0.5517241379310345, 'recall': 0.2318840579710145, 'f1-score': 0.32653061224489793, 'support': 69.0}, 'accuracy': 0.4634146341463415, 'macro avg': {'precision': 0.49394717534849597, 'recall': 0.4955716586151369, 'f1-score': 0.440292333149476, 'support': 123.0}, 'weighted avg': {'precision': 0.500993146395147, 'recall': 0.4634146341463415, 'f1-score': 0.4264189525513567, 'support': 123.0}}","[[41 13]
 [53 16]]"
1086,300,0.01,70,-1,gbdt,1.0,0.47421400992829565,0.4,"{'0': {'precision': 0.4090909090909091, 'recall': 0.3333333333333333, 'f1-score': 0.3673469387755102, 'support': 54.0}, '1': {'precision': 0.5443037974683544, 'recall': 0.6231884057971014, 'f1-score': 0.581081081081081, 'support': 69.0}, 'accuracy': 0.4959349593495935, 'macro avg': {'precision': 0.4766973532796318, 'recall': 0.4782608695652174, 'f1-score': 0.47421400992829565, 'support': 123.0}, 'weighted avg': {'precision': 0.48494204159532966, 'recall': 0.4959349593495935, 'f1-score': 0.4872465795810743, 'support': 123.0}}","[[18 36]
 [26 43]]"
1087,300,0.01,70,-1,gbdt,1.0,0.46384833598560854,0.4,"{'0': {'precision': 0.3953488372093023, 'recall': 0.3148148148148148, 'f1-score': 0.35051546391752575, 'support': 54.0}, '1': {'precision': 0.5375, 'recall': 0.6231884057971014, 'f1-score': 0.5771812080536913, 'support': 69.0}, 'accuracy': 0.4878048780487805, 'macro avg': {'precision': 0.4664244186046511, 'recall': 0.4690016103059581, 'f1-score': 0.46384833598560854, 'support': 123.0}, 'weighted avg': {'precision': 0.4750921724333522, 'recall': 0.4878048780487805, 'f1-score': 0.47766941794513085, 'support': 123.0}}","[[17 37]
 [26 43]]"
1088,300,0.01,70,-1,gbdt,1.0,0.440292333149476,0.6000000000000001,"{'0': {'precision': 0.43617021276595747, 'recall': 0.7592592592592593, 'f1-score': 0.5540540540540541, 'support': 54.0}, '1': {'precision': 0.5517241379310345, 'recall': 0.2318840579710145, 'f1-score': 0.32653061224489793, 'support': 69.0}, 'accuracy': 0.4634146341463415, 'macro avg': {'precision': 0.49394717534849597, 'recall': 0.4955716586151369, 'f1-score': 0.440292333149476, 'support': 123.0}, 'weighted avg': {'precision': 0.500993146395147, 'recall': 0.4634146341463415, 'f1-score': 0.4264189525513567, 'support': 123.0}}","[[41 13]
 [53 16]]"
1089,300,0.01,70,-1,dart,0.7,0.46337916446324695,0.5,"{'0': {'precision': 0.4142857142857143, 'recall': 0.5370370370370371, 'f1-score': 0.46774193548387094, 'support': 54.0}, '1': {'precision': 0.5283018867924528, 'recall': 0.4057971014492754, 'f1-score': 0.45901639344262296, 'support': 69.0}, 'accuracy': 0.4634146341463415, 'macro avg': {'precision': 0.47129380053908354, 'recall': 0.47141706924315624, 'f1-score': 0.46337916446324695, 'support': 123.0}, 'weighted avg': {'precision': 0.47824600617973834, 'recall': 0.4634146341463415, 'f1-score': 0.4628471192168294, 'support': 123.0}}","[[29 25]
 [41 28]]"
1090,300,0.01,70,-1,dart,0.7,0.5201983471074381,0.5,"{'0': {'precision': 0.4647887323943662, 'recall': 0.6111111111111112, 'f1-score': 0.528, 'support': 54.0}, '1': {'precision': 0.5961538461538461, 'recall': 0.4492753623188406, 'f1-score': 0.512396694214876, 'support': 69.0}, 'accuracy': 0.5203252032520326, 'macro avg': {'precision': 0.5304712892741061, 'recall': 0.5301932367149759, 'f1-score': 0.5201983471074381, 'support': 123.0}, 'weighted avg': {'precision': 0.5384813571862697, 'recall': 0.5203252032520326, 'f1-score': 0.5192469260229792, 'support': 123.0}}","[[33 21]
 [38 31]]"
1091,300,0.01,70,-1,dart,0.7,0.4959016393442623,0.5,"{'0': {'precision': 0.4411764705882353, 'recall': 0.5555555555555556, 'f1-score': 0.4918032786885246, 'support': 54.0}, '1': {'precision': 0.5636363636363636, 'recall': 0.4492753623188406, 'f1-score': 0.5, 'support': 69.0}, 'accuracy': 0.4959349593495935, 'macro avg': {'precision': 0.5024064171122995, 'recall': 0.5024154589371981, 'f1-score': 0.4959016393442623, 'support': 123.0}, 'weighted avg': {'precision': 0.5098734837615756, 'recall': 0.4959349593495935, 'f1-score': 0.4964014394242303, 'support': 123.0}}","[[30 24]
 [38 31]]"
1092,300,0.01,70,-1,dart,0.8,0.46337916446324695,0.5,"{'0': {'precision': 0.4142857142857143, 'recall': 0.5370370370370371, 'f1-score': 0.46774193548387094, 'support': 54.0}, '1': {'precision': 0.5283018867924528, 'recall': 0.4057971014492754, 'f1-score': 0.45901639344262296, 'support': 69.0}, 'accuracy': 0.4634146341463415, 'macro avg': {'precision': 0.47129380053908354, 'recall': 0.47141706924315624, 'f1-score': 0.46337916446324695, 'support': 123.0}, 'weighted avg': {'precision': 0.47824600617973834, 'recall': 0.4634146341463415, 'f1-score': 0.4628471192168294, 'support': 123.0}}","[[29 25]
 [41 28]]"
1093,300,0.01,70,-1,dart,0.8,0.5201983471074381,0.5,"{'0': {'precision': 0.4647887323943662, 'recall': 0.6111111111111112, 'f1-score': 0.528, 'support': 54.0}, '1': {'precision': 0.5961538461538461, 'recall': 0.4492753623188406, 'f1-score': 0.512396694214876, 'support': 69.0}, 'accuracy': 0.5203252032520326, 'macro avg': {'precision': 0.5304712892741061, 'recall': 0.5301932367149759, 'f1-score': 0.5201983471074381, 'support': 123.0}, 'weighted avg': {'precision': 0.5384813571862697, 'recall': 0.5203252032520326, 'f1-score': 0.5192469260229792, 'support': 123.0}}","[[33 21]
 [38 31]]"
1094,300,0.01,70,-1,dart,0.8,0.4959016393442623,0.5,"{'0': {'precision': 0.4411764705882353, 'recall': 0.5555555555555556, 'f1-score': 0.4918032786885246, 'support': 54.0}, '1': {'precision': 0.5636363636363636, 'recall': 0.4492753623188406, 'f1-score': 0.5, 'support': 69.0}, 'accuracy': 0.4959349593495935, 'macro avg': {'precision': 0.5024064171122995, 'recall': 0.5024154589371981, 'f1-score': 0.4959016393442623, 'support': 123.0}, 'weighted avg': {'precision': 0.5098734837615756, 'recall': 0.4959349593495935, 'f1-score': 0.4964014394242303, 'support': 123.0}}","[[30 24]
 [38 31]]"
1095,300,0.01,70,-1,dart,1.0,0.46337916446324695,0.5,"{'0': {'precision': 0.4142857142857143, 'recall': 0.5370370370370371, 'f1-score': 0.46774193548387094, 'support': 54.0}, '1': {'precision': 0.5283018867924528, 'recall': 0.4057971014492754, 'f1-score': 0.45901639344262296, 'support': 69.0}, 'accuracy': 0.4634146341463415, 'macro avg': {'precision': 0.47129380053908354, 'recall': 0.47141706924315624, 'f1-score': 0.46337916446324695, 'support': 123.0}, 'weighted avg': {'precision': 0.47824600617973834, 'recall': 0.4634146341463415, 'f1-score': 0.4628471192168294, 'support': 123.0}}","[[29 25]
 [41 28]]"
1096,300,0.01,70,-1,dart,1.0,0.5201983471074381,0.5,"{'0': {'precision': 0.4647887323943662, 'recall': 0.6111111111111112, 'f1-score': 0.528, 'support': 54.0}, '1': {'precision': 0.5961538461538461, 'recall': 0.4492753623188406, 'f1-score': 0.512396694214876, 'support': 69.0}, 'accuracy': 0.5203252032520326, 'macro avg': {'precision': 0.5304712892741061, 'recall': 0.5301932367149759, 'f1-score': 0.5201983471074381, 'support': 123.0}, 'weighted avg': {'precision': 0.5384813571862697, 'recall': 0.5203252032520326, 'f1-score': 0.5192469260229792, 'support': 123.0}}","[[33 21]
 [38 31]]"
1097,300,0.01,70,-1,dart,1.0,0.4959016393442623,0.5,"{'0': {'precision': 0.4411764705882353, 'recall': 0.5555555555555556, 'f1-score': 0.4918032786885246, 'support': 54.0}, '1': {'precision': 0.5636363636363636, 'recall': 0.4492753623188406, 'f1-score': 0.5, 'support': 69.0}, 'accuracy': 0.4959349593495935, 'macro avg': {'precision': 0.5024064171122995, 'recall': 0.5024154589371981, 'f1-score': 0.4959016393442623, 'support': 123.0}, 'weighted avg': {'precision': 0.5098734837615756, 'recall': 0.4959349593495935, 'f1-score': 0.4964014394242303, 'support': 123.0}}","[[30 24]
 [38 31]]"
1098,300,0.01,70,5,gbdt,0.7,0.4796404019037546,0.5,"{'0': {'precision': 0.4264705882352941, 'recall': 0.5370370370370371, 'f1-score': 0.47540983606557374, 'support': 54.0}, '1': {'precision': 0.5454545454545454, 'recall': 0.43478260869565216, 'f1-score': 0.4838709677419355, 'support': 69.0}, 'accuracy': 0.4796747967479675, 'macro avg': {'precision': 0.4859625668449198, 'recall': 0.48590982286634465, 'f1-score': 0.4796404019037546, 'support': 123.0}, 'weighted avg': {'precision': 0.493217686187557, 'recall': 0.4796747967479675, 'f1-score': 0.4801563245669474, 'support': 123.0}}","[[29 25]
 [39 30]]"
1099,300,0.01,70,5,gbdt,0.7,0.49563492063492065,0.5,"{'0': {'precision': 0.4444444444444444, 'recall': 0.5925925925925926, 'f1-score': 0.5079365079365079, 'support': 54.0}, '1': {'precision': 0.5686274509803921, 'recall': 0.42028985507246375, 'f1-score': 0.48333333333333334, 'support': 69.0}, 'accuracy': 0.4959349593495935, 'macro avg': {'precision': 0.5065359477124183, 'recall': 0.5064412238325282, 'f1-score': 0.49563492063492065, 'support': 123.0}, 'weighted avg': {'precision': 0.5141080822572932, 'recall': 0.4959349593495935, 'f1-score': 0.4941347270615563, 'support': 123.0}}","[[32 22]
 [40 29]]"
1100,300,0.01,70,5,gbdt,0.7,0.4788135593220339,0.5,"{'0': {'precision': 0.43243243243243246, 'recall': 0.5925925925925926, 'f1-score': 0.5, 'support': 54.0}, '1': {'precision': 0.5510204081632653, 'recall': 0.391304347826087, 'f1-score': 0.4576271186440678, 'support': 69.0}, 'accuracy': 0.4796747967479675, 'macro avg': {'precision': 0.49172642029784885, 'recall': 0.49194847020933974, 'f1-score': 0.4788135593220339, 'support': 123.0}, 'weighted avg': {'precision': 0.4989573944277777, 'recall': 0.4796747967479675, 'f1-score': 0.47622984704423316, 'support': 123.0}}","[[32 22]
 [42 27]]"
1101,300,0.01,70,5,gbdt,0.8,0.4796404019037546,0.5,"{'0': {'precision': 0.4264705882352941, 'recall': 0.5370370370370371, 'f1-score': 0.47540983606557374, 'support': 54.0}, '1': {'precision': 0.5454545454545454, 'recall': 0.43478260869565216, 'f1-score': 0.4838709677419355, 'support': 69.0}, 'accuracy': 0.4796747967479675, 'macro avg': {'precision': 0.4859625668449198, 'recall': 0.48590982286634465, 'f1-score': 0.4796404019037546, 'support': 123.0}, 'weighted avg': {'precision': 0.493217686187557, 'recall': 0.4796747967479675, 'f1-score': 0.4801563245669474, 'support': 123.0}}","[[29 25]
 [39 30]]"
1102,300,0.01,70,5,gbdt,0.8,0.49563492063492065,0.5,"{'0': {'precision': 0.4444444444444444, 'recall': 0.5925925925925926, 'f1-score': 0.5079365079365079, 'support': 54.0}, '1': {'precision': 0.5686274509803921, 'recall': 0.42028985507246375, 'f1-score': 0.48333333333333334, 'support': 69.0}, 'accuracy': 0.4959349593495935, 'macro avg': {'precision': 0.5065359477124183, 'recall': 0.5064412238325282, 'f1-score': 0.49563492063492065, 'support': 123.0}, 'weighted avg': {'precision': 0.5141080822572932, 'recall': 0.4959349593495935, 'f1-score': 0.4941347270615563, 'support': 123.0}}","[[32 22]
 [40 29]]"
1103,300,0.01,70,5,gbdt,0.8,0.4788135593220339,0.5,"{'0': {'precision': 0.43243243243243246, 'recall': 0.5925925925925926, 'f1-score': 0.5, 'support': 54.0}, '1': {'precision': 0.5510204081632653, 'recall': 0.391304347826087, 'f1-score': 0.4576271186440678, 'support': 69.0}, 'accuracy': 0.4796747967479675, 'macro avg': {'precision': 0.49172642029784885, 'recall': 0.49194847020933974, 'f1-score': 0.4788135593220339, 'support': 123.0}, 'weighted avg': {'precision': 0.4989573944277777, 'recall': 0.4796747967479675, 'f1-score': 0.47622984704423316, 'support': 123.0}}","[[32 22]
 [42 27]]"
1104,300,0.01,70,5,gbdt,1.0,0.4796404019037546,0.5,"{'0': {'precision': 0.4264705882352941, 'recall': 0.5370370370370371, 'f1-score': 0.47540983606557374, 'support': 54.0}, '1': {'precision': 0.5454545454545454, 'recall': 0.43478260869565216, 'f1-score': 0.4838709677419355, 'support': 69.0}, 'accuracy': 0.4796747967479675, 'macro avg': {'precision': 0.4859625668449198, 'recall': 0.48590982286634465, 'f1-score': 0.4796404019037546, 'support': 123.0}, 'weighted avg': {'precision': 0.493217686187557, 'recall': 0.4796747967479675, 'f1-score': 0.4801563245669474, 'support': 123.0}}","[[29 25]
 [39 30]]"
1105,300,0.01,70,5,gbdt,1.0,0.49563492063492065,0.5,"{'0': {'precision': 0.4444444444444444, 'recall': 0.5925925925925926, 'f1-score': 0.5079365079365079, 'support': 54.0}, '1': {'precision': 0.5686274509803921, 'recall': 0.42028985507246375, 'f1-score': 0.48333333333333334, 'support': 69.0}, 'accuracy': 0.4959349593495935, 'macro avg': {'precision': 0.5065359477124183, 'recall': 0.5064412238325282, 'f1-score': 0.49563492063492065, 'support': 123.0}, 'weighted avg': {'precision': 0.5141080822572932, 'recall': 0.4959349593495935, 'f1-score': 0.4941347270615563, 'support': 123.0}}","[[32 22]
 [40 29]]"
1106,300,0.01,70,5,gbdt,1.0,0.4788135593220339,0.5,"{'0': {'precision': 0.43243243243243246, 'recall': 0.5925925925925926, 'f1-score': 0.5, 'support': 54.0}, '1': {'precision': 0.5510204081632653, 'recall': 0.391304347826087, 'f1-score': 0.4576271186440678, 'support': 69.0}, 'accuracy': 0.4796747967479675, 'macro avg': {'precision': 0.49172642029784885, 'recall': 0.49194847020933974, 'f1-score': 0.4788135593220339, 'support': 123.0}, 'weighted avg': {'precision': 0.4989573944277777, 'recall': 0.4796747967479675, 'f1-score': 0.47622984704423316, 'support': 123.0}}","[[32 22]
 [42 27]]"
1107,300,0.01,70,5,dart,0.7,0.4959016393442623,0.5,"{'0': {'precision': 0.4411764705882353, 'recall': 0.5555555555555556, 'f1-score': 0.4918032786885246, 'support': 54.0}, '1': {'precision': 0.5636363636363636, 'recall': 0.4492753623188406, 'f1-score': 0.5, 'support': 69.0}, 'accuracy': 0.4959349593495935, 'macro avg': {'precision': 0.5024064171122995, 'recall': 0.5024154589371981, 'f1-score': 0.4959016393442623, 'support': 123.0}, 'weighted avg': {'precision': 0.5098734837615756, 'recall': 0.4959349593495935, 'f1-score': 0.4964014394242303, 'support': 123.0}}","[[30 24]
 [38 31]]"
1108,300,0.01,70,5,dart,0.7,0.4793650793650793,0.5,"{'0': {'precision': 0.4305555555555556, 'recall': 0.5740740740740741, 'f1-score': 0.49206349206349204, 'support': 54.0}, '1': {'precision': 0.5490196078431373, 'recall': 0.4057971014492754, 'f1-score': 0.4666666666666667, 'support': 69.0}, 'accuracy': 0.4796747967479675, 'macro avg': {'precision': 0.48978758169934644, 'recall': 0.48993558776167473, 'f1-score': 0.4793650793650793, 'support': 123.0}, 'weighted avg': {'precision': 0.4970109995217599, 'recall': 0.4796747967479675, 'f1-score': 0.4778164924506388, 'support': 123.0}}","[[31 23]
 [41 28]]"
1109,300,0.01,70,5,dart,0.7,0.4876694214876033,0.5,"{'0': {'precision': 0.43661971830985913, 'recall': 0.5740740740740741, 'f1-score': 0.496, 'support': 54.0}, '1': {'precision': 0.5576923076923077, 'recall': 0.42028985507246375, 'f1-score': 0.4793388429752066, 'support': 69.0}, 'accuracy': 0.4878048780487805, 'macro avg': {'precision': 0.4971560130010834, 'recall': 0.4971819645732689, 'f1-score': 0.4876694214876033, 'support': 123.0}, 'weighted avg': {'precision': 0.5045384879634278, 'recall': 0.4878048780487805, 'f1-score': 0.48665349727877444, 'support': 123.0}}","[[31 23]
 [40 29]]"
1110,300,0.01,70,5,dart,0.8,0.4959016393442623,0.5,"{'0': {'precision': 0.4411764705882353, 'recall': 0.5555555555555556, 'f1-score': 0.4918032786885246, 'support': 54.0}, '1': {'precision': 0.5636363636363636, 'recall': 0.4492753623188406, 'f1-score': 0.5, 'support': 69.0}, 'accuracy': 0.4959349593495935, 'macro avg': {'precision': 0.5024064171122995, 'recall': 0.5024154589371981, 'f1-score': 0.4959016393442623, 'support': 123.0}, 'weighted avg': {'precision': 0.5098734837615756, 'recall': 0.4959349593495935, 'f1-score': 0.4964014394242303, 'support': 123.0}}","[[30 24]
 [38 31]]"
1111,300,0.01,70,5,dart,0.8,0.4793650793650793,0.5,"{'0': {'precision': 0.4305555555555556, 'recall': 0.5740740740740741, 'f1-score': 0.49206349206349204, 'support': 54.0}, '1': {'precision': 0.5490196078431373, 'recall': 0.4057971014492754, 'f1-score': 0.4666666666666667, 'support': 69.0}, 'accuracy': 0.4796747967479675, 'macro avg': {'precision': 0.48978758169934644, 'recall': 0.48993558776167473, 'f1-score': 0.4793650793650793, 'support': 123.0}, 'weighted avg': {'precision': 0.4970109995217599, 'recall': 0.4796747967479675, 'f1-score': 0.4778164924506388, 'support': 123.0}}","[[31 23]
 [41 28]]"
1112,300,0.01,70,5,dart,0.8,0.4876694214876033,0.5,"{'0': {'precision': 0.43661971830985913, 'recall': 0.5740740740740741, 'f1-score': 0.496, 'support': 54.0}, '1': {'precision': 0.5576923076923077, 'recall': 0.42028985507246375, 'f1-score': 0.4793388429752066, 'support': 69.0}, 'accuracy': 0.4878048780487805, 'macro avg': {'precision': 0.4971560130010834, 'recall': 0.4971819645732689, 'f1-score': 0.4876694214876033, 'support': 123.0}, 'weighted avg': {'precision': 0.5045384879634278, 'recall': 0.4878048780487805, 'f1-score': 0.48665349727877444, 'support': 123.0}}","[[31 23]
 [40 29]]"
1113,300,0.01,70,5,dart,1.0,0.4959016393442623,0.5,"{'0': {'precision': 0.4411764705882353, 'recall': 0.5555555555555556, 'f1-score': 0.4918032786885246, 'support': 54.0}, '1': {'precision': 0.5636363636363636, 'recall': 0.4492753623188406, 'f1-score': 0.5, 'support': 69.0}, 'accuracy': 0.4959349593495935, 'macro avg': {'precision': 0.5024064171122995, 'recall': 0.5024154589371981, 'f1-score': 0.4959016393442623, 'support': 123.0}, 'weighted avg': {'precision': 0.5098734837615756, 'recall': 0.4959349593495935, 'f1-score': 0.4964014394242303, 'support': 123.0}}","[[30 24]
 [38 31]]"
1114,300,0.01,70,5,dart,1.0,0.4793650793650793,0.5,"{'0': {'precision': 0.4305555555555556, 'recall': 0.5740740740740741, 'f1-score': 0.49206349206349204, 'support': 54.0}, '1': {'precision': 0.5490196078431373, 'recall': 0.4057971014492754, 'f1-score': 0.4666666666666667, 'support': 69.0}, 'accuracy': 0.4796747967479675, 'macro avg': {'precision': 0.48978758169934644, 'recall': 0.48993558776167473, 'f1-score': 0.4793650793650793, 'support': 123.0}, 'weighted avg': {'precision': 0.4970109995217599, 'recall': 0.4796747967479675, 'f1-score': 0.4778164924506388, 'support': 123.0}}","[[31 23]
 [41 28]]"
1115,300,0.01,70,5,dart,1.0,0.4876694214876033,0.5,"{'0': {'precision': 0.43661971830985913, 'recall': 0.5740740740740741, 'f1-score': 0.496, 'support': 54.0}, '1': {'precision': 0.5576923076923077, 'recall': 0.42028985507246375, 'f1-score': 0.4793388429752066, 'support': 69.0}, 'accuracy': 0.4878048780487805, 'macro avg': {'precision': 0.4971560130010834, 'recall': 0.4971819645732689, 'f1-score': 0.4876694214876033, 'support': 123.0}, 'weighted avg': {'precision': 0.5045384879634278, 'recall': 0.4878048780487805, 'f1-score': 0.48665349727877444, 'support': 123.0}}","[[31 23]
 [40 29]]"
1116,300,0.01,70,10,gbdt,0.7,0.47421400992829565,0.4,"{'0': {'precision': 0.4090909090909091, 'recall': 0.3333333333333333, 'f1-score': 0.3673469387755102, 'support': 54.0}, '1': {'precision': 0.5443037974683544, 'recall': 0.6231884057971014, 'f1-score': 0.581081081081081, 'support': 69.0}, 'accuracy': 0.4959349593495935, 'macro avg': {'precision': 0.4766973532796318, 'recall': 0.4782608695652174, 'f1-score': 0.47421400992829565, 'support': 123.0}, 'weighted avg': {'precision': 0.48494204159532966, 'recall': 0.4959349593495935, 'f1-score': 0.4872465795810743, 'support': 123.0}}","[[18 36]
 [26 43]]"
1117,300,0.01,70,10,gbdt,0.7,0.46384833598560854,0.4,"{'0': {'precision': 0.3953488372093023, 'recall': 0.3148148148148148, 'f1-score': 0.35051546391752575, 'support': 54.0}, '1': {'precision': 0.5375, 'recall': 0.6231884057971014, 'f1-score': 0.5771812080536913, 'support': 69.0}, 'accuracy': 0.4878048780487805, 'macro avg': {'precision': 0.4664244186046511, 'recall': 0.4690016103059581, 'f1-score': 0.46384833598560854, 'support': 123.0}, 'weighted avg': {'precision': 0.4750921724333522, 'recall': 0.4878048780487805, 'f1-score': 0.47766941794513085, 'support': 123.0}}","[[17 37]
 [26 43]]"
1118,300,0.01,70,10,gbdt,0.7,0.440292333149476,0.6000000000000001,"{'0': {'precision': 0.43617021276595747, 'recall': 0.7592592592592593, 'f1-score': 0.5540540540540541, 'support': 54.0}, '1': {'precision': 0.5517241379310345, 'recall': 0.2318840579710145, 'f1-score': 0.32653061224489793, 'support': 69.0}, 'accuracy': 0.4634146341463415, 'macro avg': {'precision': 0.49394717534849597, 'recall': 0.4955716586151369, 'f1-score': 0.440292333149476, 'support': 123.0}, 'weighted avg': {'precision': 0.500993146395147, 'recall': 0.4634146341463415, 'f1-score': 0.4264189525513567, 'support': 123.0}}","[[41 13]
 [53 16]]"
1119,300,0.01,70,10,gbdt,0.8,0.47421400992829565,0.4,"{'0': {'precision': 0.4090909090909091, 'recall': 0.3333333333333333, 'f1-score': 0.3673469387755102, 'support': 54.0}, '1': {'precision': 0.5443037974683544, 'recall': 0.6231884057971014, 'f1-score': 0.581081081081081, 'support': 69.0}, 'accuracy': 0.4959349593495935, 'macro avg': {'precision': 0.4766973532796318, 'recall': 0.4782608695652174, 'f1-score': 0.47421400992829565, 'support': 123.0}, 'weighted avg': {'precision': 0.48494204159532966, 'recall': 0.4959349593495935, 'f1-score': 0.4872465795810743, 'support': 123.0}}","[[18 36]
 [26 43]]"
1120,300,0.01,70,10,gbdt,0.8,0.46384833598560854,0.4,"{'0': {'precision': 0.3953488372093023, 'recall': 0.3148148148148148, 'f1-score': 0.35051546391752575, 'support': 54.0}, '1': {'precision': 0.5375, 'recall': 0.6231884057971014, 'f1-score': 0.5771812080536913, 'support': 69.0}, 'accuracy': 0.4878048780487805, 'macro avg': {'precision': 0.4664244186046511, 'recall': 0.4690016103059581, 'f1-score': 0.46384833598560854, 'support': 123.0}, 'weighted avg': {'precision': 0.4750921724333522, 'recall': 0.4878048780487805, 'f1-score': 0.47766941794513085, 'support': 123.0}}","[[17 37]
 [26 43]]"
1121,300,0.01,70,10,gbdt,0.8,0.440292333149476,0.6000000000000001,"{'0': {'precision': 0.43617021276595747, 'recall': 0.7592592592592593, 'f1-score': 0.5540540540540541, 'support': 54.0}, '1': {'precision': 0.5517241379310345, 'recall': 0.2318840579710145, 'f1-score': 0.32653061224489793, 'support': 69.0}, 'accuracy': 0.4634146341463415, 'macro avg': {'precision': 0.49394717534849597, 'recall': 0.4955716586151369, 'f1-score': 0.440292333149476, 'support': 123.0}, 'weighted avg': {'precision': 0.500993146395147, 'recall': 0.4634146341463415, 'f1-score': 0.4264189525513567, 'support': 123.0}}","[[41 13]
 [53 16]]"
1122,300,0.01,70,10,gbdt,1.0,0.47421400992829565,0.4,"{'0': {'precision': 0.4090909090909091, 'recall': 0.3333333333333333, 'f1-score': 0.3673469387755102, 'support': 54.0}, '1': {'precision': 0.5443037974683544, 'recall': 0.6231884057971014, 'f1-score': 0.581081081081081, 'support': 69.0}, 'accuracy': 0.4959349593495935, 'macro avg': {'precision': 0.4766973532796318, 'recall': 0.4782608695652174, 'f1-score': 0.47421400992829565, 'support': 123.0}, 'weighted avg': {'precision': 0.48494204159532966, 'recall': 0.4959349593495935, 'f1-score': 0.4872465795810743, 'support': 123.0}}","[[18 36]
 [26 43]]"
1123,300,0.01,70,10,gbdt,1.0,0.46384833598560854,0.4,"{'0': {'precision': 0.3953488372093023, 'recall': 0.3148148148148148, 'f1-score': 0.35051546391752575, 'support': 54.0}, '1': {'precision': 0.5375, 'recall': 0.6231884057971014, 'f1-score': 0.5771812080536913, 'support': 69.0}, 'accuracy': 0.4878048780487805, 'macro avg': {'precision': 0.4664244186046511, 'recall': 0.4690016103059581, 'f1-score': 0.46384833598560854, 'support': 123.0}, 'weighted avg': {'precision': 0.4750921724333522, 'recall': 0.4878048780487805, 'f1-score': 0.47766941794513085, 'support': 123.0}}","[[17 37]
 [26 43]]"
1124,300,0.01,70,10,gbdt,1.0,0.440292333149476,0.6000000000000001,"{'0': {'precision': 0.43617021276595747, 'recall': 0.7592592592592593, 'f1-score': 0.5540540540540541, 'support': 54.0}, '1': {'precision': 0.5517241379310345, 'recall': 0.2318840579710145, 'f1-score': 0.32653061224489793, 'support': 69.0}, 'accuracy': 0.4634146341463415, 'macro avg': {'precision': 0.49394717534849597, 'recall': 0.4955716586151369, 'f1-score': 0.440292333149476, 'support': 123.0}, 'weighted avg': {'precision': 0.500993146395147, 'recall': 0.4634146341463415, 'f1-score': 0.4264189525513567, 'support': 123.0}}","[[41 13]
 [53 16]]"
1125,300,0.01,70,10,dart,0.7,0.46337916446324695,0.5,"{'0': {'precision': 0.4142857142857143, 'recall': 0.5370370370370371, 'f1-score': 0.46774193548387094, 'support': 54.0}, '1': {'precision': 0.5283018867924528, 'recall': 0.4057971014492754, 'f1-score': 0.45901639344262296, 'support': 69.0}, 'accuracy': 0.4634146341463415, 'macro avg': {'precision': 0.47129380053908354, 'recall': 0.47141706924315624, 'f1-score': 0.46337916446324695, 'support': 123.0}, 'weighted avg': {'precision': 0.47824600617973834, 'recall': 0.4634146341463415, 'f1-score': 0.4628471192168294, 'support': 123.0}}","[[29 25]
 [41 28]]"
1126,300,0.01,70,10,dart,0.7,0.5201983471074381,0.5,"{'0': {'precision': 0.4647887323943662, 'recall': 0.6111111111111112, 'f1-score': 0.528, 'support': 54.0}, '1': {'precision': 0.5961538461538461, 'recall': 0.4492753623188406, 'f1-score': 0.512396694214876, 'support': 69.0}, 'accuracy': 0.5203252032520326, 'macro avg': {'precision': 0.5304712892741061, 'recall': 0.5301932367149759, 'f1-score': 0.5201983471074381, 'support': 123.0}, 'weighted avg': {'precision': 0.5384813571862697, 'recall': 0.5203252032520326, 'f1-score': 0.5192469260229792, 'support': 123.0}}","[[33 21]
 [38 31]]"
1127,300,0.01,70,10,dart,0.7,0.4959016393442623,0.5,"{'0': {'precision': 0.4411764705882353, 'recall': 0.5555555555555556, 'f1-score': 0.4918032786885246, 'support': 54.0}, '1': {'precision': 0.5636363636363636, 'recall': 0.4492753623188406, 'f1-score': 0.5, 'support': 69.0}, 'accuracy': 0.4959349593495935, 'macro avg': {'precision': 0.5024064171122995, 'recall': 0.5024154589371981, 'f1-score': 0.4959016393442623, 'support': 123.0}, 'weighted avg': {'precision': 0.5098734837615756, 'recall': 0.4959349593495935, 'f1-score': 0.4964014394242303, 'support': 123.0}}","[[30 24]
 [38 31]]"
1128,300,0.01,70,10,dart,0.8,0.46337916446324695,0.5,"{'0': {'precision': 0.4142857142857143, 'recall': 0.5370370370370371, 'f1-score': 0.46774193548387094, 'support': 54.0}, '1': {'precision': 0.5283018867924528, 'recall': 0.4057971014492754, 'f1-score': 0.45901639344262296, 'support': 69.0}, 'accuracy': 0.4634146341463415, 'macro avg': {'precision': 0.47129380053908354, 'recall': 0.47141706924315624, 'f1-score': 0.46337916446324695, 'support': 123.0}, 'weighted avg': {'precision': 0.47824600617973834, 'recall': 0.4634146341463415, 'f1-score': 0.4628471192168294, 'support': 123.0}}","[[29 25]
 [41 28]]"
1129,300,0.01,70,10,dart,0.8,0.5201983471074381,0.5,"{'0': {'precision': 0.4647887323943662, 'recall': 0.6111111111111112, 'f1-score': 0.528, 'support': 54.0}, '1': {'precision': 0.5961538461538461, 'recall': 0.4492753623188406, 'f1-score': 0.512396694214876, 'support': 69.0}, 'accuracy': 0.5203252032520326, 'macro avg': {'precision': 0.5304712892741061, 'recall': 0.5301932367149759, 'f1-score': 0.5201983471074381, 'support': 123.0}, 'weighted avg': {'precision': 0.5384813571862697, 'recall': 0.5203252032520326, 'f1-score': 0.5192469260229792, 'support': 123.0}}","[[33 21]
 [38 31]]"
1130,300,0.01,70,10,dart,0.8,0.4959016393442623,0.5,"{'0': {'precision': 0.4411764705882353, 'recall': 0.5555555555555556, 'f1-score': 0.4918032786885246, 'support': 54.0}, '1': {'precision': 0.5636363636363636, 'recall': 0.4492753623188406, 'f1-score': 0.5, 'support': 69.0}, 'accuracy': 0.4959349593495935, 'macro avg': {'precision': 0.5024064171122995, 'recall': 0.5024154589371981, 'f1-score': 0.4959016393442623, 'support': 123.0}, 'weighted avg': {'precision': 0.5098734837615756, 'recall': 0.4959349593495935, 'f1-score': 0.4964014394242303, 'support': 123.0}}","[[30 24]
 [38 31]]"
1131,300,0.01,70,10,dart,1.0,0.46337916446324695,0.5,"{'0': {'precision': 0.4142857142857143, 'recall': 0.5370370370370371, 'f1-score': 0.46774193548387094, 'support': 54.0}, '1': {'precision': 0.5283018867924528, 'recall': 0.4057971014492754, 'f1-score': 0.45901639344262296, 'support': 69.0}, 'accuracy': 0.4634146341463415, 'macro avg': {'precision': 0.47129380053908354, 'recall': 0.47141706924315624, 'f1-score': 0.46337916446324695, 'support': 123.0}, 'weighted avg': {'precision': 0.47824600617973834, 'recall': 0.4634146341463415, 'f1-score': 0.4628471192168294, 'support': 123.0}}","[[29 25]
 [41 28]]"
1132,300,0.01,70,10,dart,1.0,0.5201983471074381,0.5,"{'0': {'precision': 0.4647887323943662, 'recall': 0.6111111111111112, 'f1-score': 0.528, 'support': 54.0}, '1': {'precision': 0.5961538461538461, 'recall': 0.4492753623188406, 'f1-score': 0.512396694214876, 'support': 69.0}, 'accuracy': 0.5203252032520326, 'macro avg': {'precision': 0.5304712892741061, 'recall': 0.5301932367149759, 'f1-score': 0.5201983471074381, 'support': 123.0}, 'weighted avg': {'precision': 0.5384813571862697, 'recall': 0.5203252032520326, 'f1-score': 0.5192469260229792, 'support': 123.0}}","[[33 21]
 [38 31]]"
1133,300,0.01,70,10,dart,1.0,0.4959016393442623,0.5,"{'0': {'precision': 0.4411764705882353, 'recall': 0.5555555555555556, 'f1-score': 0.4918032786885246, 'support': 54.0}, '1': {'precision': 0.5636363636363636, 'recall': 0.4492753623188406, 'f1-score': 0.5, 'support': 69.0}, 'accuracy': 0.4959349593495935, 'macro avg': {'precision': 0.5024064171122995, 'recall': 0.5024154589371981, 'f1-score': 0.4959016393442623, 'support': 123.0}, 'weighted avg': {'precision': 0.5098734837615756, 'recall': 0.4959349593495935, 'f1-score': 0.4964014394242303, 'support': 123.0}}","[[30 24]
 [38 31]]"
1134,300,0.05,31,-1,gbdt,0.7,0.5028821307891076,0.4,"{'0': {'precision': 0.4444444444444444, 'recall': 0.5185185185185185, 'f1-score': 0.47863247863247865, 'support': 54.0}, '1': {'precision': 0.5666666666666667, 'recall': 0.4927536231884058, 'f1-score': 0.5271317829457365, 'support': 69.0}, 'accuracy': 0.5040650406504065, 'macro avg': {'precision': 0.5055555555555555, 'recall': 0.5056360708534622, 'f1-score': 0.5028821307891076, 'support': 123.0}, 'weighted avg': {'precision': 0.5130081300813009, 'recall': 0.5040650406504065, 'f1-score': 0.505839405442355, 'support': 123.0}}","[[28 26]
 [35 34]]"
1135,300,0.05,31,-1,gbdt,0.7,0.5121628767847699,0.5,"{'0': {'precision': 0.45588235294117646, 'recall': 0.5740740740740741, 'f1-score': 0.5081967213114754, 'support': 54.0}, '1': {'precision': 0.5818181818181818, 'recall': 0.463768115942029, 'f1-score': 0.5161290322580645, 'support': 69.0}, 'accuracy': 0.5121951219512195, 'macro avg': {'precision': 0.5188502673796791, 'recall': 0.5189210950080515, 'f1-score': 0.5121628767847699, 'support': 123.0}, 'weighted avg': {'precision': 0.526529281335594, 'recall': 0.5121951219512195, 'f1-score': 0.5126465542815132, 'support': 123.0}}","[[31 23]
 [37 32]]"
1136,300,0.05,31,-1,gbdt,0.7,0.4876694214876033,0.5,"{'0': {'precision': 0.43283582089552236, 'recall': 0.5370370370370371, 'f1-score': 0.4793388429752066, 'support': 54.0}, '1': {'precision': 0.5535714285714286, 'recall': 0.4492753623188406, 'f1-score': 0.496, 'support': 69.0}, 'accuracy': 0.4878048780487805, 'macro avg': {'precision': 0.49320362473347545, 'recall': 0.49315619967793883, 'f1-score': 0.4876694214876033, 'support': 123.0}, 'weighted avg': {'precision': 0.5005655520307869, 'recall': 0.4878048780487805, 'f1-score': 0.4886853456964321, 'support': 123.0}}","[[29 25]
 [38 31]]"
1137,300,0.05,31,-1,gbdt,0.8,0.5028821307891076,0.4,"{'0': {'precision': 0.4444444444444444, 'recall': 0.5185185185185185, 'f1-score': 0.47863247863247865, 'support': 54.0}, '1': {'precision': 0.5666666666666667, 'recall': 0.4927536231884058, 'f1-score': 0.5271317829457365, 'support': 69.0}, 'accuracy': 0.5040650406504065, 'macro avg': {'precision': 0.5055555555555555, 'recall': 0.5056360708534622, 'f1-score': 0.5028821307891076, 'support': 123.0}, 'weighted avg': {'precision': 0.5130081300813009, 'recall': 0.5040650406504065, 'f1-score': 0.505839405442355, 'support': 123.0}}","[[28 26]
 [35 34]]"
1138,300,0.05,31,-1,gbdt,0.8,0.5121628767847699,0.5,"{'0': {'precision': 0.45588235294117646, 'recall': 0.5740740740740741, 'f1-score': 0.5081967213114754, 'support': 54.0}, '1': {'precision': 0.5818181818181818, 'recall': 0.463768115942029, 'f1-score': 0.5161290322580645, 'support': 69.0}, 'accuracy': 0.5121951219512195, 'macro avg': {'precision': 0.5188502673796791, 'recall': 0.5189210950080515, 'f1-score': 0.5121628767847699, 'support': 123.0}, 'weighted avg': {'precision': 0.526529281335594, 'recall': 0.5121951219512195, 'f1-score': 0.5126465542815132, 'support': 123.0}}","[[31 23]
 [37 32]]"
1139,300,0.05,31,-1,gbdt,0.8,0.4876694214876033,0.5,"{'0': {'precision': 0.43283582089552236, 'recall': 0.5370370370370371, 'f1-score': 0.4793388429752066, 'support': 54.0}, '1': {'precision': 0.5535714285714286, 'recall': 0.4492753623188406, 'f1-score': 0.496, 'support': 69.0}, 'accuracy': 0.4878048780487805, 'macro avg': {'precision': 0.49320362473347545, 'recall': 0.49315619967793883, 'f1-score': 0.4876694214876033, 'support': 123.0}, 'weighted avg': {'precision': 0.5005655520307869, 'recall': 0.4878048780487805, 'f1-score': 0.4886853456964321, 'support': 123.0}}","[[29 25]
 [38 31]]"
1140,300,0.05,31,-1,gbdt,1.0,0.5028821307891076,0.4,"{'0': {'precision': 0.4444444444444444, 'recall': 0.5185185185185185, 'f1-score': 0.47863247863247865, 'support': 54.0}, '1': {'precision': 0.5666666666666667, 'recall': 0.4927536231884058, 'f1-score': 0.5271317829457365, 'support': 69.0}, 'accuracy': 0.5040650406504065, 'macro avg': {'precision': 0.5055555555555555, 'recall': 0.5056360708534622, 'f1-score': 0.5028821307891076, 'support': 123.0}, 'weighted avg': {'precision': 0.5130081300813009, 'recall': 0.5040650406504065, 'f1-score': 0.505839405442355, 'support': 123.0}}","[[28 26]
 [35 34]]"
1141,300,0.05,31,-1,gbdt,1.0,0.5121628767847699,0.5,"{'0': {'precision': 0.45588235294117646, 'recall': 0.5740740740740741, 'f1-score': 0.5081967213114754, 'support': 54.0}, '1': {'precision': 0.5818181818181818, 'recall': 0.463768115942029, 'f1-score': 0.5161290322580645, 'support': 69.0}, 'accuracy': 0.5121951219512195, 'macro avg': {'precision': 0.5188502673796791, 'recall': 0.5189210950080515, 'f1-score': 0.5121628767847699, 'support': 123.0}, 'weighted avg': {'precision': 0.526529281335594, 'recall': 0.5121951219512195, 'f1-score': 0.5126465542815132, 'support': 123.0}}","[[31 23]
 [37 32]]"
1142,300,0.05,31,-1,gbdt,1.0,0.4876694214876033,0.5,"{'0': {'precision': 0.43283582089552236, 'recall': 0.5370370370370371, 'f1-score': 0.4793388429752066, 'support': 54.0}, '1': {'precision': 0.5535714285714286, 'recall': 0.4492753623188406, 'f1-score': 0.496, 'support': 69.0}, 'accuracy': 0.4878048780487805, 'macro avg': {'precision': 0.49320362473347545, 'recall': 0.49315619967793883, 'f1-score': 0.4876694214876033, 'support': 123.0}, 'weighted avg': {'precision': 0.5005655520307869, 'recall': 0.4878048780487805, 'f1-score': 0.4886853456964321, 'support': 123.0}}","[[29 25]
 [38 31]]"
1143,300,0.05,31,-1,dart,0.7,0.5039338842975207,0.5,"{'0': {'precision': 0.44776119402985076, 'recall': 0.5555555555555556, 'f1-score': 0.49586776859504134, 'support': 54.0}, '1': {'precision': 0.5714285714285714, 'recall': 0.463768115942029, 'f1-score': 0.512, 'support': 69.0}, 'accuracy': 0.5040650406504065, 'macro avg': {'precision': 0.509594882729211, 'recall': 0.5096618357487923, 'f1-score': 0.5039338842975207, 'support': 123.0}, 'weighted avg': {'precision': 0.5171355764730354, 'recall': 0.5040650406504065, 'f1-score': 0.5049175569441645, 'support': 123.0}}","[[30 24]
 [37 32]]"
1144,300,0.05,31,-1,dart,0.7,0.4872626215840667,0.5,"{'0': {'precision': 0.4383561643835616, 'recall': 0.5925925925925926, 'f1-score': 0.5039370078740157, 'support': 54.0}, '1': {'precision': 0.56, 'recall': 0.4057971014492754, 'f1-score': 0.47058823529411764, 'support': 69.0}, 'accuracy': 0.4878048780487805, 'macro avg': {'precision': 0.49917808219178084, 'recall': 0.499194847020934, 'f1-score': 0.4872626215840667, 'support': 123.0}, 'weighted avg': {'precision': 0.5065953892415637, 'recall': 0.4878048780487805, 'f1-score': 0.48522915984139, 'support': 123.0}}","[[32 22]
 [41 28]]"
1145,300,0.05,31,-1,dart,0.7,0.4765957446808511,0.4,"{'0': {'precision': 0.4117647058823529, 'recall': 0.3888888888888889, 'f1-score': 0.4, 'support': 54.0}, '1': {'precision': 0.5416666666666666, 'recall': 0.5652173913043478, 'f1-score': 0.5531914893617021, 'support': 69.0}, 'accuracy': 0.4878048780487805, 'macro avg': {'precision': 0.4767156862745098, 'recall': 0.47705314009661837, 'f1-score': 0.4765957446808511, 'support': 123.0}, 'weighted avg': {'precision': 0.484636537541846, 'recall': 0.4878048780487805, 'f1-score': 0.48593668915412563, 'support': 123.0}}","[[21 33]
 [30 39]]"
1146,300,0.05,31,-1,dart,0.8,0.5039338842975207,0.5,"{'0': {'precision': 0.44776119402985076, 'recall': 0.5555555555555556, 'f1-score': 0.49586776859504134, 'support': 54.0}, '1': {'precision': 0.5714285714285714, 'recall': 0.463768115942029, 'f1-score': 0.512, 'support': 69.0}, 'accuracy': 0.5040650406504065, 'macro avg': {'precision': 0.509594882729211, 'recall': 0.5096618357487923, 'f1-score': 0.5039338842975207, 'support': 123.0}, 'weighted avg': {'precision': 0.5171355764730354, 'recall': 0.5040650406504065, 'f1-score': 0.5049175569441645, 'support': 123.0}}","[[30 24]
 [37 32]]"
1147,300,0.05,31,-1,dart,0.8,0.4872626215840667,0.5,"{'0': {'precision': 0.4383561643835616, 'recall': 0.5925925925925926, 'f1-score': 0.5039370078740157, 'support': 54.0}, '1': {'precision': 0.56, 'recall': 0.4057971014492754, 'f1-score': 0.47058823529411764, 'support': 69.0}, 'accuracy': 0.4878048780487805, 'macro avg': {'precision': 0.49917808219178084, 'recall': 0.499194847020934, 'f1-score': 0.4872626215840667, 'support': 123.0}, 'weighted avg': {'precision': 0.5065953892415637, 'recall': 0.4878048780487805, 'f1-score': 0.48522915984139, 'support': 123.0}}","[[32 22]
 [41 28]]"
1148,300,0.05,31,-1,dart,0.8,0.4765957446808511,0.4,"{'0': {'precision': 0.4117647058823529, 'recall': 0.3888888888888889, 'f1-score': 0.4, 'support': 54.0}, '1': {'precision': 0.5416666666666666, 'recall': 0.5652173913043478, 'f1-score': 0.5531914893617021, 'support': 69.0}, 'accuracy': 0.4878048780487805, 'macro avg': {'precision': 0.4767156862745098, 'recall': 0.47705314009661837, 'f1-score': 0.4765957446808511, 'support': 123.0}, 'weighted avg': {'precision': 0.484636537541846, 'recall': 0.4878048780487805, 'f1-score': 0.48593668915412563, 'support': 123.0}}","[[21 33]
 [30 39]]"
1149,300,0.05,31,-1,dart,1.0,0.5039338842975207,0.5,"{'0': {'precision': 0.44776119402985076, 'recall': 0.5555555555555556, 'f1-score': 0.49586776859504134, 'support': 54.0}, '1': {'precision': 0.5714285714285714, 'recall': 0.463768115942029, 'f1-score': 0.512, 'support': 69.0}, 'accuracy': 0.5040650406504065, 'macro avg': {'precision': 0.509594882729211, 'recall': 0.5096618357487923, 'f1-score': 0.5039338842975207, 'support': 123.0}, 'weighted avg': {'precision': 0.5171355764730354, 'recall': 0.5040650406504065, 'f1-score': 0.5049175569441645, 'support': 123.0}}","[[30 24]
 [37 32]]"
1150,300,0.05,31,-1,dart,1.0,0.4872626215840667,0.5,"{'0': {'precision': 0.4383561643835616, 'recall': 0.5925925925925926, 'f1-score': 0.5039370078740157, 'support': 54.0}, '1': {'precision': 0.56, 'recall': 0.4057971014492754, 'f1-score': 0.47058823529411764, 'support': 69.0}, 'accuracy': 0.4878048780487805, 'macro avg': {'precision': 0.49917808219178084, 'recall': 0.499194847020934, 'f1-score': 0.4872626215840667, 'support': 123.0}, 'weighted avg': {'precision': 0.5065953892415637, 'recall': 0.4878048780487805, 'f1-score': 0.48522915984139, 'support': 123.0}}","[[32 22]
 [41 28]]"
1151,300,0.05,31,-1,dart,1.0,0.4765957446808511,0.4,"{'0': {'precision': 0.4117647058823529, 'recall': 0.3888888888888889, 'f1-score': 0.4, 'support': 54.0}, '1': {'precision': 0.5416666666666666, 'recall': 0.5652173913043478, 'f1-score': 0.5531914893617021, 'support': 69.0}, 'accuracy': 0.4878048780487805, 'macro avg': {'precision': 0.4767156862745098, 'recall': 0.47705314009661837, 'f1-score': 0.4765957446808511, 'support': 123.0}, 'weighted avg': {'precision': 0.484636537541846, 'recall': 0.4878048780487805, 'f1-score': 0.48593668915412563, 'support': 123.0}}","[[21 33]
 [30 39]]"
1152,300,0.05,31,5,gbdt,0.7,0.4553140096618358,0.6000000000000001,"{'0': {'precision': 0.42857142857142855, 'recall': 0.6666666666666666, 'f1-score': 0.5217391304347826, 'support': 54.0}, '1': {'precision': 0.5384615384615384, 'recall': 0.30434782608695654, 'f1-score': 0.3888888888888889, 'support': 69.0}, 'accuracy': 0.4634146341463415, 'macro avg': {'precision': 0.48351648351648346, 'recall': 0.4855072463768116, 'f1-score': 0.4553140096618358, 'support': 123.0}, 'weighted avg': {'precision': 0.49021709997319757, 'recall': 0.4634146341463415, 'f1-score': 0.44721338517733006, 'support': 123.0}}","[[36 18]
 [48 21]]"
1153,300,0.05,31,5,gbdt,0.7,0.5019581812147361,0.4,"{'0': {'precision': 0.4426229508196721, 'recall': 0.5, 'f1-score': 0.46956521739130436, 'support': 54.0}, '1': {'precision': 0.5645161290322581, 'recall': 0.5072463768115942, 'f1-score': 0.5343511450381679, 'support': 69.0}, 'accuracy': 0.5040650406504065, 'macro avg': {'precision': 0.5035695399259651, 'recall': 0.5036231884057971, 'f1-score': 0.5019581812147361, 'support': 123.0}, 'weighted avg': {'precision': 0.5110020507925862, 'recall': 0.5040650406504065, 'f1-score': 0.5059085426566181, 'support': 123.0}}","[[27 27]
 [34 35]]"
1154,300,0.05,31,5,gbdt,0.7,0.5157157157157157,0.4,"{'0': {'precision': 0.45614035087719296, 'recall': 0.48148148148148145, 'f1-score': 0.46846846846846846, 'support': 54.0}, '1': {'precision': 0.5757575757575758, 'recall': 0.5507246376811594, 'f1-score': 0.562962962962963, 'support': 69.0}, 'accuracy': 0.5203252032520326, 'macro avg': {'precision': 0.5159489633173844, 'recall': 0.5161030595813204, 'f1-score': 0.5157157157157157, 'support': 123.0}, 'weighted avg': {'precision': 0.523242696541798, 'recall': 0.5203252032520326, 'f1-score': 0.5214775751361118, 'support': 123.0}}","[[26 28]
 [31 38]]"
1155,300,0.05,31,5,gbdt,0.8,0.4553140096618358,0.6000000000000001,"{'0': {'precision': 0.42857142857142855, 'recall': 0.6666666666666666, 'f1-score': 0.5217391304347826, 'support': 54.0}, '1': {'precision': 0.5384615384615384, 'recall': 0.30434782608695654, 'f1-score': 0.3888888888888889, 'support': 69.0}, 'accuracy': 0.4634146341463415, 'macro avg': {'precision': 0.48351648351648346, 'recall': 0.4855072463768116, 'f1-score': 0.4553140096618358, 'support': 123.0}, 'weighted avg': {'precision': 0.49021709997319757, 'recall': 0.4634146341463415, 'f1-score': 0.44721338517733006, 'support': 123.0}}","[[36 18]
 [48 21]]"
1156,300,0.05,31,5,gbdt,0.8,0.5019581812147361,0.4,"{'0': {'precision': 0.4426229508196721, 'recall': 0.5, 'f1-score': 0.46956521739130436, 'support': 54.0}, '1': {'precision': 0.5645161290322581, 'recall': 0.5072463768115942, 'f1-score': 0.5343511450381679, 'support': 69.0}, 'accuracy': 0.5040650406504065, 'macro avg': {'precision': 0.5035695399259651, 'recall': 0.5036231884057971, 'f1-score': 0.5019581812147361, 'support': 123.0}, 'weighted avg': {'precision': 0.5110020507925862, 'recall': 0.5040650406504065, 'f1-score': 0.5059085426566181, 'support': 123.0}}","[[27 27]
 [34 35]]"
1157,300,0.05,31,5,gbdt,0.8,0.5157157157157157,0.4,"{'0': {'precision': 0.45614035087719296, 'recall': 0.48148148148148145, 'f1-score': 0.46846846846846846, 'support': 54.0}, '1': {'precision': 0.5757575757575758, 'recall': 0.5507246376811594, 'f1-score': 0.562962962962963, 'support': 69.0}, 'accuracy': 0.5203252032520326, 'macro avg': {'precision': 0.5159489633173844, 'recall': 0.5161030595813204, 'f1-score': 0.5157157157157157, 'support': 123.0}, 'weighted avg': {'precision': 0.523242696541798, 'recall': 0.5203252032520326, 'f1-score': 0.5214775751361118, 'support': 123.0}}","[[26 28]
 [31 38]]"
1158,300,0.05,31,5,gbdt,1.0,0.4553140096618358,0.6000000000000001,"{'0': {'precision': 0.42857142857142855, 'recall': 0.6666666666666666, 'f1-score': 0.5217391304347826, 'support': 54.0}, '1': {'precision': 0.5384615384615384, 'recall': 0.30434782608695654, 'f1-score': 0.3888888888888889, 'support': 69.0}, 'accuracy': 0.4634146341463415, 'macro avg': {'precision': 0.48351648351648346, 'recall': 0.4855072463768116, 'f1-score': 0.4553140096618358, 'support': 123.0}, 'weighted avg': {'precision': 0.49021709997319757, 'recall': 0.4634146341463415, 'f1-score': 0.44721338517733006, 'support': 123.0}}","[[36 18]
 [48 21]]"
1159,300,0.05,31,5,gbdt,1.0,0.5019581812147361,0.4,"{'0': {'precision': 0.4426229508196721, 'recall': 0.5, 'f1-score': 0.46956521739130436, 'support': 54.0}, '1': {'precision': 0.5645161290322581, 'recall': 0.5072463768115942, 'f1-score': 0.5343511450381679, 'support': 69.0}, 'accuracy': 0.5040650406504065, 'macro avg': {'precision': 0.5035695399259651, 'recall': 0.5036231884057971, 'f1-score': 0.5019581812147361, 'support': 123.0}, 'weighted avg': {'precision': 0.5110020507925862, 'recall': 0.5040650406504065, 'f1-score': 0.5059085426566181, 'support': 123.0}}","[[27 27]
 [34 35]]"
1160,300,0.05,31,5,gbdt,1.0,0.5157157157157157,0.4,"{'0': {'precision': 0.45614035087719296, 'recall': 0.48148148148148145, 'f1-score': 0.46846846846846846, 'support': 54.0}, '1': {'precision': 0.5757575757575758, 'recall': 0.5507246376811594, 'f1-score': 0.562962962962963, 'support': 69.0}, 'accuracy': 0.5203252032520326, 'macro avg': {'precision': 0.5159489633173844, 'recall': 0.5161030595813204, 'f1-score': 0.5157157157157157, 'support': 123.0}, 'weighted avg': {'precision': 0.523242696541798, 'recall': 0.5203252032520326, 'f1-score': 0.5214775751361118, 'support': 123.0}}","[[26 28]
 [31 38]]"
1161,300,0.05,31,5,dart,0.7,0.5212700580402868,0.4,"{'0': {'precision': 0.46808510638297873, 'recall': 0.4074074074074074, 'f1-score': 0.43564356435643564, 'support': 54.0}, '1': {'precision': 0.5789473684210527, 'recall': 0.6376811594202898, 'f1-score': 0.6068965517241379, 'support': 69.0}, 'accuracy': 0.5365853658536586, 'macro avg': {'precision': 0.5235162374020157, 'recall': 0.5225442834138486, 'f1-score': 0.5212700580402868, 'support': 123.0}, 'weighted avg': {'precision': 0.5302761314287274, 'recall': 0.5365853658536586, 'f1-score': 0.5317123133675857, 'support': 123.0}}","[[22 32]
 [25 44]]"
1162,300,0.05,31,5,dart,0.7,0.46384833598560854,0.4,"{'0': {'precision': 0.3953488372093023, 'recall': 0.3148148148148148, 'f1-score': 0.35051546391752575, 'support': 54.0}, '1': {'precision': 0.5375, 'recall': 0.6231884057971014, 'f1-score': 0.5771812080536913, 'support': 69.0}, 'accuracy': 0.4878048780487805, 'macro avg': {'precision': 0.4664244186046511, 'recall': 0.4690016103059581, 'f1-score': 0.46384833598560854, 'support': 123.0}, 'weighted avg': {'precision': 0.4750921724333522, 'recall': 0.4878048780487805, 'f1-score': 0.47766941794513085, 'support': 123.0}}","[[17 37]
 [26 43]]"
1163,300,0.05,31,5,dart,0.7,0.514297385620915,0.4,"{'0': {'precision': 0.4583333333333333, 'recall': 0.4074074074074074, 'f1-score': 0.43137254901960786, 'support': 54.0}, '1': {'precision': 0.5733333333333334, 'recall': 0.6231884057971014, 'f1-score': 0.5972222222222222, 'support': 69.0}, 'accuracy': 0.5284552845528455, 'macro avg': {'precision': 0.5158333333333334, 'recall': 0.5152979066022544, 'f1-score': 0.514297385620915, 'support': 123.0}, 'weighted avg': {'precision': 0.5228455284552845, 'recall': 0.5284552845528455, 'f1-score': 0.5244101705722939, 'support': 123.0}}","[[22 32]
 [26 43]]"
1164,300,0.05,31,5,dart,0.8,0.5212700580402868,0.4,"{'0': {'precision': 0.46808510638297873, 'recall': 0.4074074074074074, 'f1-score': 0.43564356435643564, 'support': 54.0}, '1': {'precision': 0.5789473684210527, 'recall': 0.6376811594202898, 'f1-score': 0.6068965517241379, 'support': 69.0}, 'accuracy': 0.5365853658536586, 'macro avg': {'precision': 0.5235162374020157, 'recall': 0.5225442834138486, 'f1-score': 0.5212700580402868, 'support': 123.0}, 'weighted avg': {'precision': 0.5302761314287274, 'recall': 0.5365853658536586, 'f1-score': 0.5317123133675857, 'support': 123.0}}","[[22 32]
 [25 44]]"
1165,300,0.05,31,5,dart,0.8,0.46384833598560854,0.4,"{'0': {'precision': 0.3953488372093023, 'recall': 0.3148148148148148, 'f1-score': 0.35051546391752575, 'support': 54.0}, '1': {'precision': 0.5375, 'recall': 0.6231884057971014, 'f1-score': 0.5771812080536913, 'support': 69.0}, 'accuracy': 0.4878048780487805, 'macro avg': {'precision': 0.4664244186046511, 'recall': 0.4690016103059581, 'f1-score': 0.46384833598560854, 'support': 123.0}, 'weighted avg': {'precision': 0.4750921724333522, 'recall': 0.4878048780487805, 'f1-score': 0.47766941794513085, 'support': 123.0}}","[[17 37]
 [26 43]]"
1166,300,0.05,31,5,dart,0.8,0.514297385620915,0.4,"{'0': {'precision': 0.4583333333333333, 'recall': 0.4074074074074074, 'f1-score': 0.43137254901960786, 'support': 54.0}, '1': {'precision': 0.5733333333333334, 'recall': 0.6231884057971014, 'f1-score': 0.5972222222222222, 'support': 69.0}, 'accuracy': 0.5284552845528455, 'macro avg': {'precision': 0.5158333333333334, 'recall': 0.5152979066022544, 'f1-score': 0.514297385620915, 'support': 123.0}, 'weighted avg': {'precision': 0.5228455284552845, 'recall': 0.5284552845528455, 'f1-score': 0.5244101705722939, 'support': 123.0}}","[[22 32]
 [26 43]]"
1167,300,0.05,31,5,dart,1.0,0.5212700580402868,0.4,"{'0': {'precision': 0.46808510638297873, 'recall': 0.4074074074074074, 'f1-score': 0.43564356435643564, 'support': 54.0}, '1': {'precision': 0.5789473684210527, 'recall': 0.6376811594202898, 'f1-score': 0.6068965517241379, 'support': 69.0}, 'accuracy': 0.5365853658536586, 'macro avg': {'precision': 0.5235162374020157, 'recall': 0.5225442834138486, 'f1-score': 0.5212700580402868, 'support': 123.0}, 'weighted avg': {'precision': 0.5302761314287274, 'recall': 0.5365853658536586, 'f1-score': 0.5317123133675857, 'support': 123.0}}","[[22 32]
 [25 44]]"
1168,300,0.05,31,5,dart,1.0,0.46384833598560854,0.4,"{'0': {'precision': 0.3953488372093023, 'recall': 0.3148148148148148, 'f1-score': 0.35051546391752575, 'support': 54.0}, '1': {'precision': 0.5375, 'recall': 0.6231884057971014, 'f1-score': 0.5771812080536913, 'support': 69.0}, 'accuracy': 0.4878048780487805, 'macro avg': {'precision': 0.4664244186046511, 'recall': 0.4690016103059581, 'f1-score': 0.46384833598560854, 'support': 123.0}, 'weighted avg': {'precision': 0.4750921724333522, 'recall': 0.4878048780487805, 'f1-score': 0.47766941794513085, 'support': 123.0}}","[[17 37]
 [26 43]]"
1169,300,0.05,31,5,dart,1.0,0.514297385620915,0.4,"{'0': {'precision': 0.4583333333333333, 'recall': 0.4074074074074074, 'f1-score': 0.43137254901960786, 'support': 54.0}, '1': {'precision': 0.5733333333333334, 'recall': 0.6231884057971014, 'f1-score': 0.5972222222222222, 'support': 69.0}, 'accuracy': 0.5284552845528455, 'macro avg': {'precision': 0.5158333333333334, 'recall': 0.5152979066022544, 'f1-score': 0.514297385620915, 'support': 123.0}, 'weighted avg': {'precision': 0.5228455284552845, 'recall': 0.5284552845528455, 'f1-score': 0.5244101705722939, 'support': 123.0}}","[[22 32]
 [26 43]]"
1170,300,0.05,31,10,gbdt,0.7,0.4779840848806366,0.4,"{'0': {'precision': 0.41935483870967744, 'recall': 0.48148148148148145, 'f1-score': 0.4482758620689655, 'support': 54.0}, '1': {'precision': 0.5409836065573771, 'recall': 0.4782608695652174, 'f1-score': 0.5076923076923077, 'support': 69.0}, 'accuracy': 0.4796747967479675, 'macro avg': {'precision': 0.48016922263352724, 'recall': 0.47987117552334946, 'f1-score': 0.4779840848806366, 'support': 123.0}, 'weighted avg': {'precision': 0.48758561091692354, 'recall': 0.4796747967479675, 'f1-score': 0.4816070388820599, 'support': 123.0}}","[[26 28]
 [36 33]]"
1171,300,0.05,31,10,gbdt,0.7,0.5321321321321322,0.4,"{'0': {'precision': 0.47368421052631576, 'recall': 0.5, 'f1-score': 0.4864864864864865, 'support': 54.0}, '1': {'precision': 0.5909090909090909, 'recall': 0.5652173913043478, 'f1-score': 0.5777777777777777, 'support': 69.0}, 'accuracy': 0.5365853658536586, 'macro avg': {'precision': 0.5322966507177034, 'recall': 0.5326086956521738, 'f1-score': 0.5321321321321322, 'support': 123.0}, 'weighted avg': {'precision': 0.5394445092776287, 'recall': 0.5365853658536586, 'f1-score': 0.5376986742840401, 'support': 123.0}}","[[27 27]
 [30 39]]"
1172,300,0.05,31,10,gbdt,0.7,0.4876694214876033,0.5,"{'0': {'precision': 0.43283582089552236, 'recall': 0.5370370370370371, 'f1-score': 0.4793388429752066, 'support': 54.0}, '1': {'precision': 0.5535714285714286, 'recall': 0.4492753623188406, 'f1-score': 0.496, 'support': 69.0}, 'accuracy': 0.4878048780487805, 'macro avg': {'precision': 0.49320362473347545, 'recall': 0.49315619967793883, 'f1-score': 0.4876694214876033, 'support': 123.0}, 'weighted avg': {'precision': 0.5005655520307869, 'recall': 0.4878048780487805, 'f1-score': 0.4886853456964321, 'support': 123.0}}","[[29 25]
 [38 31]]"
1173,300,0.05,31,10,gbdt,0.8,0.4779840848806366,0.4,"{'0': {'precision': 0.41935483870967744, 'recall': 0.48148148148148145, 'f1-score': 0.4482758620689655, 'support': 54.0}, '1': {'precision': 0.5409836065573771, 'recall': 0.4782608695652174, 'f1-score': 0.5076923076923077, 'support': 69.0}, 'accuracy': 0.4796747967479675, 'macro avg': {'precision': 0.48016922263352724, 'recall': 0.47987117552334946, 'f1-score': 0.4779840848806366, 'support': 123.0}, 'weighted avg': {'precision': 0.48758561091692354, 'recall': 0.4796747967479675, 'f1-score': 0.4816070388820599, 'support': 123.0}}","[[26 28]
 [36 33]]"
1174,300,0.05,31,10,gbdt,0.8,0.5321321321321322,0.4,"{'0': {'precision': 0.47368421052631576, 'recall': 0.5, 'f1-score': 0.4864864864864865, 'support': 54.0}, '1': {'precision': 0.5909090909090909, 'recall': 0.5652173913043478, 'f1-score': 0.5777777777777777, 'support': 69.0}, 'accuracy': 0.5365853658536586, 'macro avg': {'precision': 0.5322966507177034, 'recall': 0.5326086956521738, 'f1-score': 0.5321321321321322, 'support': 123.0}, 'weighted avg': {'precision': 0.5394445092776287, 'recall': 0.5365853658536586, 'f1-score': 0.5376986742840401, 'support': 123.0}}","[[27 27]
 [30 39]]"
1175,300,0.05,31,10,gbdt,0.8,0.4876694214876033,0.5,"{'0': {'precision': 0.43283582089552236, 'recall': 0.5370370370370371, 'f1-score': 0.4793388429752066, 'support': 54.0}, '1': {'precision': 0.5535714285714286, 'recall': 0.4492753623188406, 'f1-score': 0.496, 'support': 69.0}, 'accuracy': 0.4878048780487805, 'macro avg': {'precision': 0.49320362473347545, 'recall': 0.49315619967793883, 'f1-score': 0.4876694214876033, 'support': 123.0}, 'weighted avg': {'precision': 0.5005655520307869, 'recall': 0.4878048780487805, 'f1-score': 0.4886853456964321, 'support': 123.0}}","[[29 25]
 [38 31]]"
1176,300,0.05,31,10,gbdt,1.0,0.4779840848806366,0.4,"{'0': {'precision': 0.41935483870967744, 'recall': 0.48148148148148145, 'f1-score': 0.4482758620689655, 'support': 54.0}, '1': {'precision': 0.5409836065573771, 'recall': 0.4782608695652174, 'f1-score': 0.5076923076923077, 'support': 69.0}, 'accuracy': 0.4796747967479675, 'macro avg': {'precision': 0.48016922263352724, 'recall': 0.47987117552334946, 'f1-score': 0.4779840848806366, 'support': 123.0}, 'weighted avg': {'precision': 0.48758561091692354, 'recall': 0.4796747967479675, 'f1-score': 0.4816070388820599, 'support': 123.0}}","[[26 28]
 [36 33]]"
1177,300,0.05,31,10,gbdt,1.0,0.5321321321321322,0.4,"{'0': {'precision': 0.47368421052631576, 'recall': 0.5, 'f1-score': 0.4864864864864865, 'support': 54.0}, '1': {'precision': 0.5909090909090909, 'recall': 0.5652173913043478, 'f1-score': 0.5777777777777777, 'support': 69.0}, 'accuracy': 0.5365853658536586, 'macro avg': {'precision': 0.5322966507177034, 'recall': 0.5326086956521738, 'f1-score': 0.5321321321321322, 'support': 123.0}, 'weighted avg': {'precision': 0.5394445092776287, 'recall': 0.5365853658536586, 'f1-score': 0.5376986742840401, 'support': 123.0}}","[[27 27]
 [30 39]]"
1178,300,0.05,31,10,gbdt,1.0,0.4876694214876033,0.5,"{'0': {'precision': 0.43283582089552236, 'recall': 0.5370370370370371, 'f1-score': 0.4793388429752066, 'support': 54.0}, '1': {'precision': 0.5535714285714286, 'recall': 0.4492753623188406, 'f1-score': 0.496, 'support': 69.0}, 'accuracy': 0.4878048780487805, 'macro avg': {'precision': 0.49320362473347545, 'recall': 0.49315619967793883, 'f1-score': 0.4876694214876033, 'support': 123.0}, 'weighted avg': {'precision': 0.5005655520307869, 'recall': 0.4878048780487805, 'f1-score': 0.4886853456964321, 'support': 123.0}}","[[29 25]
 [38 31]]"
1179,300,0.05,31,10,dart,0.7,0.5039338842975207,0.5,"{'0': {'precision': 0.44776119402985076, 'recall': 0.5555555555555556, 'f1-score': 0.49586776859504134, 'support': 54.0}, '1': {'precision': 0.5714285714285714, 'recall': 0.463768115942029, 'f1-score': 0.512, 'support': 69.0}, 'accuracy': 0.5040650406504065, 'macro avg': {'precision': 0.509594882729211, 'recall': 0.5096618357487923, 'f1-score': 0.5039338842975207, 'support': 123.0}, 'weighted avg': {'precision': 0.5171355764730354, 'recall': 0.5040650406504065, 'f1-score': 0.5049175569441645, 'support': 123.0}}","[[30 24]
 [37 32]]"
1180,300,0.05,31,10,dart,0.7,0.4872626215840667,0.5,"{'0': {'precision': 0.4383561643835616, 'recall': 0.5925925925925926, 'f1-score': 0.5039370078740157, 'support': 54.0}, '1': {'precision': 0.56, 'recall': 0.4057971014492754, 'f1-score': 0.47058823529411764, 'support': 69.0}, 'accuracy': 0.4878048780487805, 'macro avg': {'precision': 0.49917808219178084, 'recall': 0.499194847020934, 'f1-score': 0.4872626215840667, 'support': 123.0}, 'weighted avg': {'precision': 0.5065953892415637, 'recall': 0.4878048780487805, 'f1-score': 0.48522915984139, 'support': 123.0}}","[[32 22]
 [41 28]]"
1181,300,0.05,31,10,dart,0.7,0.4765957446808511,0.4,"{'0': {'precision': 0.4117647058823529, 'recall': 0.3888888888888889, 'f1-score': 0.4, 'support': 54.0}, '1': {'precision': 0.5416666666666666, 'recall': 0.5652173913043478, 'f1-score': 0.5531914893617021, 'support': 69.0}, 'accuracy': 0.4878048780487805, 'macro avg': {'precision': 0.4767156862745098, 'recall': 0.47705314009661837, 'f1-score': 0.4765957446808511, 'support': 123.0}, 'weighted avg': {'precision': 0.484636537541846, 'recall': 0.4878048780487805, 'f1-score': 0.48593668915412563, 'support': 123.0}}","[[21 33]
 [30 39]]"
1182,300,0.05,31,10,dart,0.8,0.5039338842975207,0.5,"{'0': {'precision': 0.44776119402985076, 'recall': 0.5555555555555556, 'f1-score': 0.49586776859504134, 'support': 54.0}, '1': {'precision': 0.5714285714285714, 'recall': 0.463768115942029, 'f1-score': 0.512, 'support': 69.0}, 'accuracy': 0.5040650406504065, 'macro avg': {'precision': 0.509594882729211, 'recall': 0.5096618357487923, 'f1-score': 0.5039338842975207, 'support': 123.0}, 'weighted avg': {'precision': 0.5171355764730354, 'recall': 0.5040650406504065, 'f1-score': 0.5049175569441645, 'support': 123.0}}","[[30 24]
 [37 32]]"
1183,300,0.05,31,10,dart,0.8,0.4872626215840667,0.5,"{'0': {'precision': 0.4383561643835616, 'recall': 0.5925925925925926, 'f1-score': 0.5039370078740157, 'support': 54.0}, '1': {'precision': 0.56, 'recall': 0.4057971014492754, 'f1-score': 0.47058823529411764, 'support': 69.0}, 'accuracy': 0.4878048780487805, 'macro avg': {'precision': 0.49917808219178084, 'recall': 0.499194847020934, 'f1-score': 0.4872626215840667, 'support': 123.0}, 'weighted avg': {'precision': 0.5065953892415637, 'recall': 0.4878048780487805, 'f1-score': 0.48522915984139, 'support': 123.0}}","[[32 22]
 [41 28]]"
1184,300,0.05,31,10,dart,0.8,0.4765957446808511,0.4,"{'0': {'precision': 0.4117647058823529, 'recall': 0.3888888888888889, 'f1-score': 0.4, 'support': 54.0}, '1': {'precision': 0.5416666666666666, 'recall': 0.5652173913043478, 'f1-score': 0.5531914893617021, 'support': 69.0}, 'accuracy': 0.4878048780487805, 'macro avg': {'precision': 0.4767156862745098, 'recall': 0.47705314009661837, 'f1-score': 0.4765957446808511, 'support': 123.0}, 'weighted avg': {'precision': 0.484636537541846, 'recall': 0.4878048780487805, 'f1-score': 0.48593668915412563, 'support': 123.0}}","[[21 33]
 [30 39]]"
1185,300,0.05,31,10,dart,1.0,0.5039338842975207,0.5,"{'0': {'precision': 0.44776119402985076, 'recall': 0.5555555555555556, 'f1-score': 0.49586776859504134, 'support': 54.0}, '1': {'precision': 0.5714285714285714, 'recall': 0.463768115942029, 'f1-score': 0.512, 'support': 69.0}, 'accuracy': 0.5040650406504065, 'macro avg': {'precision': 0.509594882729211, 'recall': 0.5096618357487923, 'f1-score': 0.5039338842975207, 'support': 123.0}, 'weighted avg': {'precision': 0.5171355764730354, 'recall': 0.5040650406504065, 'f1-score': 0.5049175569441645, 'support': 123.0}}","[[30 24]
 [37 32]]"
1186,300,0.05,31,10,dart,1.0,0.4872626215840667,0.5,"{'0': {'precision': 0.4383561643835616, 'recall': 0.5925925925925926, 'f1-score': 0.5039370078740157, 'support': 54.0}, '1': {'precision': 0.56, 'recall': 0.4057971014492754, 'f1-score': 0.47058823529411764, 'support': 69.0}, 'accuracy': 0.4878048780487805, 'macro avg': {'precision': 0.49917808219178084, 'recall': 0.499194847020934, 'f1-score': 0.4872626215840667, 'support': 123.0}, 'weighted avg': {'precision': 0.5065953892415637, 'recall': 0.4878048780487805, 'f1-score': 0.48522915984139, 'support': 123.0}}","[[32 22]
 [41 28]]"
1187,300,0.05,31,10,dart,1.0,0.4765957446808511,0.4,"{'0': {'precision': 0.4117647058823529, 'recall': 0.3888888888888889, 'f1-score': 0.4, 'support': 54.0}, '1': {'precision': 0.5416666666666666, 'recall': 0.5652173913043478, 'f1-score': 0.5531914893617021, 'support': 69.0}, 'accuracy': 0.4878048780487805, 'macro avg': {'precision': 0.4767156862745098, 'recall': 0.47705314009661837, 'f1-score': 0.4765957446808511, 'support': 123.0}, 'weighted avg': {'precision': 0.484636537541846, 'recall': 0.4878048780487805, 'f1-score': 0.48593668915412563, 'support': 123.0}}","[[21 33]
 [30 39]]"
1188,300,0.05,50,-1,gbdt,0.7,0.5028821307891076,0.4,"{'0': {'precision': 0.4444444444444444, 'recall': 0.5185185185185185, 'f1-score': 0.47863247863247865, 'support': 54.0}, '1': {'precision': 0.5666666666666667, 'recall': 0.4927536231884058, 'f1-score': 0.5271317829457365, 'support': 69.0}, 'accuracy': 0.5040650406504065, 'macro avg': {'precision': 0.5055555555555555, 'recall': 0.5056360708534622, 'f1-score': 0.5028821307891076, 'support': 123.0}, 'weighted avg': {'precision': 0.5130081300813009, 'recall': 0.5040650406504065, 'f1-score': 0.505839405442355, 'support': 123.0}}","[[28 26]
 [35 34]]"
1189,300,0.05,50,-1,gbdt,0.7,0.5121628767847699,0.5,"{'0': {'precision': 0.45588235294117646, 'recall': 0.5740740740740741, 'f1-score': 0.5081967213114754, 'support': 54.0}, '1': {'precision': 0.5818181818181818, 'recall': 0.463768115942029, 'f1-score': 0.5161290322580645, 'support': 69.0}, 'accuracy': 0.5121951219512195, 'macro avg': {'precision': 0.5188502673796791, 'recall': 0.5189210950080515, 'f1-score': 0.5121628767847699, 'support': 123.0}, 'weighted avg': {'precision': 0.526529281335594, 'recall': 0.5121951219512195, 'f1-score': 0.5126465542815132, 'support': 123.0}}","[[31 23]
 [37 32]]"
1190,300,0.05,50,-1,gbdt,0.7,0.4876694214876033,0.5,"{'0': {'precision': 0.43283582089552236, 'recall': 0.5370370370370371, 'f1-score': 0.4793388429752066, 'support': 54.0}, '1': {'precision': 0.5535714285714286, 'recall': 0.4492753623188406, 'f1-score': 0.496, 'support': 69.0}, 'accuracy': 0.4878048780487805, 'macro avg': {'precision': 0.49320362473347545, 'recall': 0.49315619967793883, 'f1-score': 0.4876694214876033, 'support': 123.0}, 'weighted avg': {'precision': 0.5005655520307869, 'recall': 0.4878048780487805, 'f1-score': 0.4886853456964321, 'support': 123.0}}","[[29 25]
 [38 31]]"
1191,300,0.05,50,-1,gbdt,0.8,0.5028821307891076,0.4,"{'0': {'precision': 0.4444444444444444, 'recall': 0.5185185185185185, 'f1-score': 0.47863247863247865, 'support': 54.0}, '1': {'precision': 0.5666666666666667, 'recall': 0.4927536231884058, 'f1-score': 0.5271317829457365, 'support': 69.0}, 'accuracy': 0.5040650406504065, 'macro avg': {'precision': 0.5055555555555555, 'recall': 0.5056360708534622, 'f1-score': 0.5028821307891076, 'support': 123.0}, 'weighted avg': {'precision': 0.5130081300813009, 'recall': 0.5040650406504065, 'f1-score': 0.505839405442355, 'support': 123.0}}","[[28 26]
 [35 34]]"
1192,300,0.05,50,-1,gbdt,0.8,0.5121628767847699,0.5,"{'0': {'precision': 0.45588235294117646, 'recall': 0.5740740740740741, 'f1-score': 0.5081967213114754, 'support': 54.0}, '1': {'precision': 0.5818181818181818, 'recall': 0.463768115942029, 'f1-score': 0.5161290322580645, 'support': 69.0}, 'accuracy': 0.5121951219512195, 'macro avg': {'precision': 0.5188502673796791, 'recall': 0.5189210950080515, 'f1-score': 0.5121628767847699, 'support': 123.0}, 'weighted avg': {'precision': 0.526529281335594, 'recall': 0.5121951219512195, 'f1-score': 0.5126465542815132, 'support': 123.0}}","[[31 23]
 [37 32]]"
1193,300,0.05,50,-1,gbdt,0.8,0.4876694214876033,0.5,"{'0': {'precision': 0.43283582089552236, 'recall': 0.5370370370370371, 'f1-score': 0.4793388429752066, 'support': 54.0}, '1': {'precision': 0.5535714285714286, 'recall': 0.4492753623188406, 'f1-score': 0.496, 'support': 69.0}, 'accuracy': 0.4878048780487805, 'macro avg': {'precision': 0.49320362473347545, 'recall': 0.49315619967793883, 'f1-score': 0.4876694214876033, 'support': 123.0}, 'weighted avg': {'precision': 0.5005655520307869, 'recall': 0.4878048780487805, 'f1-score': 0.4886853456964321, 'support': 123.0}}","[[29 25]
 [38 31]]"
1194,300,0.05,50,-1,gbdt,1.0,0.5028821307891076,0.4,"{'0': {'precision': 0.4444444444444444, 'recall': 0.5185185185185185, 'f1-score': 0.47863247863247865, 'support': 54.0}, '1': {'precision': 0.5666666666666667, 'recall': 0.4927536231884058, 'f1-score': 0.5271317829457365, 'support': 69.0}, 'accuracy': 0.5040650406504065, 'macro avg': {'precision': 0.5055555555555555, 'recall': 0.5056360708534622, 'f1-score': 0.5028821307891076, 'support': 123.0}, 'weighted avg': {'precision': 0.5130081300813009, 'recall': 0.5040650406504065, 'f1-score': 0.505839405442355, 'support': 123.0}}","[[28 26]
 [35 34]]"
1195,300,0.05,50,-1,gbdt,1.0,0.5121628767847699,0.5,"{'0': {'precision': 0.45588235294117646, 'recall': 0.5740740740740741, 'f1-score': 0.5081967213114754, 'support': 54.0}, '1': {'precision': 0.5818181818181818, 'recall': 0.463768115942029, 'f1-score': 0.5161290322580645, 'support': 69.0}, 'accuracy': 0.5121951219512195, 'macro avg': {'precision': 0.5188502673796791, 'recall': 0.5189210950080515, 'f1-score': 0.5121628767847699, 'support': 123.0}, 'weighted avg': {'precision': 0.526529281335594, 'recall': 0.5121951219512195, 'f1-score': 0.5126465542815132, 'support': 123.0}}","[[31 23]
 [37 32]]"
1196,300,0.05,50,-1,gbdt,1.0,0.4876694214876033,0.5,"{'0': {'precision': 0.43283582089552236, 'recall': 0.5370370370370371, 'f1-score': 0.4793388429752066, 'support': 54.0}, '1': {'precision': 0.5535714285714286, 'recall': 0.4492753623188406, 'f1-score': 0.496, 'support': 69.0}, 'accuracy': 0.4878048780487805, 'macro avg': {'precision': 0.49320362473347545, 'recall': 0.49315619967793883, 'f1-score': 0.4876694214876033, 'support': 123.0}, 'weighted avg': {'precision': 0.5005655520307869, 'recall': 0.4878048780487805, 'f1-score': 0.4886853456964321, 'support': 123.0}}","[[29 25]
 [38 31]]"
1197,300,0.05,50,-1,dart,0.7,0.5039338842975207,0.5,"{'0': {'precision': 0.44776119402985076, 'recall': 0.5555555555555556, 'f1-score': 0.49586776859504134, 'support': 54.0}, '1': {'precision': 0.5714285714285714, 'recall': 0.463768115942029, 'f1-score': 0.512, 'support': 69.0}, 'accuracy': 0.5040650406504065, 'macro avg': {'precision': 0.509594882729211, 'recall': 0.5096618357487923, 'f1-score': 0.5039338842975207, 'support': 123.0}, 'weighted avg': {'precision': 0.5171355764730354, 'recall': 0.5040650406504065, 'f1-score': 0.5049175569441645, 'support': 123.0}}","[[30 24]
 [37 32]]"
1198,300,0.05,50,-1,dart,0.7,0.4872626215840667,0.5,"{'0': {'precision': 0.4383561643835616, 'recall': 0.5925925925925926, 'f1-score': 0.5039370078740157, 'support': 54.0}, '1': {'precision': 0.56, 'recall': 0.4057971014492754, 'f1-score': 0.47058823529411764, 'support': 69.0}, 'accuracy': 0.4878048780487805, 'macro avg': {'precision': 0.49917808219178084, 'recall': 0.499194847020934, 'f1-score': 0.4872626215840667, 'support': 123.0}, 'weighted avg': {'precision': 0.5065953892415637, 'recall': 0.4878048780487805, 'f1-score': 0.48522915984139, 'support': 123.0}}","[[32 22]
 [41 28]]"
1199,300,0.05,50,-1,dart,0.7,0.4765957446808511,0.4,"{'0': {'precision': 0.4117647058823529, 'recall': 0.3888888888888889, 'f1-score': 0.4, 'support': 54.0}, '1': {'precision': 0.5416666666666666, 'recall': 0.5652173913043478, 'f1-score': 0.5531914893617021, 'support': 69.0}, 'accuracy': 0.4878048780487805, 'macro avg': {'precision': 0.4767156862745098, 'recall': 0.47705314009661837, 'f1-score': 0.4765957446808511, 'support': 123.0}, 'weighted avg': {'precision': 0.484636537541846, 'recall': 0.4878048780487805, 'f1-score': 0.48593668915412563, 'support': 123.0}}","[[21 33]
 [30 39]]"
1200,300,0.05,50,-1,dart,0.8,0.5039338842975207,0.5,"{'0': {'precision': 0.44776119402985076, 'recall': 0.5555555555555556, 'f1-score': 0.49586776859504134, 'support': 54.0}, '1': {'precision': 0.5714285714285714, 'recall': 0.463768115942029, 'f1-score': 0.512, 'support': 69.0}, 'accuracy': 0.5040650406504065, 'macro avg': {'precision': 0.509594882729211, 'recall': 0.5096618357487923, 'f1-score': 0.5039338842975207, 'support': 123.0}, 'weighted avg': {'precision': 0.5171355764730354, 'recall': 0.5040650406504065, 'f1-score': 0.5049175569441645, 'support': 123.0}}","[[30 24]
 [37 32]]"
1201,300,0.05,50,-1,dart,0.8,0.4872626215840667,0.5,"{'0': {'precision': 0.4383561643835616, 'recall': 0.5925925925925926, 'f1-score': 0.5039370078740157, 'support': 54.0}, '1': {'precision': 0.56, 'recall': 0.4057971014492754, 'f1-score': 0.47058823529411764, 'support': 69.0}, 'accuracy': 0.4878048780487805, 'macro avg': {'precision': 0.49917808219178084, 'recall': 0.499194847020934, 'f1-score': 0.4872626215840667, 'support': 123.0}, 'weighted avg': {'precision': 0.5065953892415637, 'recall': 0.4878048780487805, 'f1-score': 0.48522915984139, 'support': 123.0}}","[[32 22]
 [41 28]]"
1202,300,0.05,50,-1,dart,0.8,0.4765957446808511,0.4,"{'0': {'precision': 0.4117647058823529, 'recall': 0.3888888888888889, 'f1-score': 0.4, 'support': 54.0}, '1': {'precision': 0.5416666666666666, 'recall': 0.5652173913043478, 'f1-score': 0.5531914893617021, 'support': 69.0}, 'accuracy': 0.4878048780487805, 'macro avg': {'precision': 0.4767156862745098, 'recall': 0.47705314009661837, 'f1-score': 0.4765957446808511, 'support': 123.0}, 'weighted avg': {'precision': 0.484636537541846, 'recall': 0.4878048780487805, 'f1-score': 0.48593668915412563, 'support': 123.0}}","[[21 33]
 [30 39]]"
1203,300,0.05,50,-1,dart,1.0,0.5039338842975207,0.5,"{'0': {'precision': 0.44776119402985076, 'recall': 0.5555555555555556, 'f1-score': 0.49586776859504134, 'support': 54.0}, '1': {'precision': 0.5714285714285714, 'recall': 0.463768115942029, 'f1-score': 0.512, 'support': 69.0}, 'accuracy': 0.5040650406504065, 'macro avg': {'precision': 0.509594882729211, 'recall': 0.5096618357487923, 'f1-score': 0.5039338842975207, 'support': 123.0}, 'weighted avg': {'precision': 0.5171355764730354, 'recall': 0.5040650406504065, 'f1-score': 0.5049175569441645, 'support': 123.0}}","[[30 24]
 [37 32]]"
1204,300,0.05,50,-1,dart,1.0,0.4872626215840667,0.5,"{'0': {'precision': 0.4383561643835616, 'recall': 0.5925925925925926, 'f1-score': 0.5039370078740157, 'support': 54.0}, '1': {'precision': 0.56, 'recall': 0.4057971014492754, 'f1-score': 0.47058823529411764, 'support': 69.0}, 'accuracy': 0.4878048780487805, 'macro avg': {'precision': 0.49917808219178084, 'recall': 0.499194847020934, 'f1-score': 0.4872626215840667, 'support': 123.0}, 'weighted avg': {'precision': 0.5065953892415637, 'recall': 0.4878048780487805, 'f1-score': 0.48522915984139, 'support': 123.0}}","[[32 22]
 [41 28]]"
1205,300,0.05,50,-1,dart,1.0,0.4765957446808511,0.4,"{'0': {'precision': 0.4117647058823529, 'recall': 0.3888888888888889, 'f1-score': 0.4, 'support': 54.0}, '1': {'precision': 0.5416666666666666, 'recall': 0.5652173913043478, 'f1-score': 0.5531914893617021, 'support': 69.0}, 'accuracy': 0.4878048780487805, 'macro avg': {'precision': 0.4767156862745098, 'recall': 0.47705314009661837, 'f1-score': 0.4765957446808511, 'support': 123.0}, 'weighted avg': {'precision': 0.484636537541846, 'recall': 0.4878048780487805, 'f1-score': 0.48593668915412563, 'support': 123.0}}","[[21 33]
 [30 39]]"
1206,300,0.05,50,5,gbdt,0.7,0.4553140096618358,0.6000000000000001,"{'0': {'precision': 0.42857142857142855, 'recall': 0.6666666666666666, 'f1-score': 0.5217391304347826, 'support': 54.0}, '1': {'precision': 0.5384615384615384, 'recall': 0.30434782608695654, 'f1-score': 0.3888888888888889, 'support': 69.0}, 'accuracy': 0.4634146341463415, 'macro avg': {'precision': 0.48351648351648346, 'recall': 0.4855072463768116, 'f1-score': 0.4553140096618358, 'support': 123.0}, 'weighted avg': {'precision': 0.49021709997319757, 'recall': 0.4634146341463415, 'f1-score': 0.44721338517733006, 'support': 123.0}}","[[36 18]
 [48 21]]"
1207,300,0.05,50,5,gbdt,0.7,0.5019581812147361,0.4,"{'0': {'precision': 0.4426229508196721, 'recall': 0.5, 'f1-score': 0.46956521739130436, 'support': 54.0}, '1': {'precision': 0.5645161290322581, 'recall': 0.5072463768115942, 'f1-score': 0.5343511450381679, 'support': 69.0}, 'accuracy': 0.5040650406504065, 'macro avg': {'precision': 0.5035695399259651, 'recall': 0.5036231884057971, 'f1-score': 0.5019581812147361, 'support': 123.0}, 'weighted avg': {'precision': 0.5110020507925862, 'recall': 0.5040650406504065, 'f1-score': 0.5059085426566181, 'support': 123.0}}","[[27 27]
 [34 35]]"
1208,300,0.05,50,5,gbdt,0.7,0.5157157157157157,0.4,"{'0': {'precision': 0.45614035087719296, 'recall': 0.48148148148148145, 'f1-score': 0.46846846846846846, 'support': 54.0}, '1': {'precision': 0.5757575757575758, 'recall': 0.5507246376811594, 'f1-score': 0.562962962962963, 'support': 69.0}, 'accuracy': 0.5203252032520326, 'macro avg': {'precision': 0.5159489633173844, 'recall': 0.5161030595813204, 'f1-score': 0.5157157157157157, 'support': 123.0}, 'weighted avg': {'precision': 0.523242696541798, 'recall': 0.5203252032520326, 'f1-score': 0.5214775751361118, 'support': 123.0}}","[[26 28]
 [31 38]]"
1209,300,0.05,50,5,gbdt,0.8,0.4553140096618358,0.6000000000000001,"{'0': {'precision': 0.42857142857142855, 'recall': 0.6666666666666666, 'f1-score': 0.5217391304347826, 'support': 54.0}, '1': {'precision': 0.5384615384615384, 'recall': 0.30434782608695654, 'f1-score': 0.3888888888888889, 'support': 69.0}, 'accuracy': 0.4634146341463415, 'macro avg': {'precision': 0.48351648351648346, 'recall': 0.4855072463768116, 'f1-score': 0.4553140096618358, 'support': 123.0}, 'weighted avg': {'precision': 0.49021709997319757, 'recall': 0.4634146341463415, 'f1-score': 0.44721338517733006, 'support': 123.0}}","[[36 18]
 [48 21]]"
1210,300,0.05,50,5,gbdt,0.8,0.5019581812147361,0.4,"{'0': {'precision': 0.4426229508196721, 'recall': 0.5, 'f1-score': 0.46956521739130436, 'support': 54.0}, '1': {'precision': 0.5645161290322581, 'recall': 0.5072463768115942, 'f1-score': 0.5343511450381679, 'support': 69.0}, 'accuracy': 0.5040650406504065, 'macro avg': {'precision': 0.5035695399259651, 'recall': 0.5036231884057971, 'f1-score': 0.5019581812147361, 'support': 123.0}, 'weighted avg': {'precision': 0.5110020507925862, 'recall': 0.5040650406504065, 'f1-score': 0.5059085426566181, 'support': 123.0}}","[[27 27]
 [34 35]]"
1211,300,0.05,50,5,gbdt,0.8,0.5157157157157157,0.4,"{'0': {'precision': 0.45614035087719296, 'recall': 0.48148148148148145, 'f1-score': 0.46846846846846846, 'support': 54.0}, '1': {'precision': 0.5757575757575758, 'recall': 0.5507246376811594, 'f1-score': 0.562962962962963, 'support': 69.0}, 'accuracy': 0.5203252032520326, 'macro avg': {'precision': 0.5159489633173844, 'recall': 0.5161030595813204, 'f1-score': 0.5157157157157157, 'support': 123.0}, 'weighted avg': {'precision': 0.523242696541798, 'recall': 0.5203252032520326, 'f1-score': 0.5214775751361118, 'support': 123.0}}","[[26 28]
 [31 38]]"
1212,300,0.05,50,5,gbdt,1.0,0.4553140096618358,0.6000000000000001,"{'0': {'precision': 0.42857142857142855, 'recall': 0.6666666666666666, 'f1-score': 0.5217391304347826, 'support': 54.0}, '1': {'precision': 0.5384615384615384, 'recall': 0.30434782608695654, 'f1-score': 0.3888888888888889, 'support': 69.0}, 'accuracy': 0.4634146341463415, 'macro avg': {'precision': 0.48351648351648346, 'recall': 0.4855072463768116, 'f1-score': 0.4553140096618358, 'support': 123.0}, 'weighted avg': {'precision': 0.49021709997319757, 'recall': 0.4634146341463415, 'f1-score': 0.44721338517733006, 'support': 123.0}}","[[36 18]
 [48 21]]"
1213,300,0.05,50,5,gbdt,1.0,0.5019581812147361,0.4,"{'0': {'precision': 0.4426229508196721, 'recall': 0.5, 'f1-score': 0.46956521739130436, 'support': 54.0}, '1': {'precision': 0.5645161290322581, 'recall': 0.5072463768115942, 'f1-score': 0.5343511450381679, 'support': 69.0}, 'accuracy': 0.5040650406504065, 'macro avg': {'precision': 0.5035695399259651, 'recall': 0.5036231884057971, 'f1-score': 0.5019581812147361, 'support': 123.0}, 'weighted avg': {'precision': 0.5110020507925862, 'recall': 0.5040650406504065, 'f1-score': 0.5059085426566181, 'support': 123.0}}","[[27 27]
 [34 35]]"
1214,300,0.05,50,5,gbdt,1.0,0.5157157157157157,0.4,"{'0': {'precision': 0.45614035087719296, 'recall': 0.48148148148148145, 'f1-score': 0.46846846846846846, 'support': 54.0}, '1': {'precision': 0.5757575757575758, 'recall': 0.5507246376811594, 'f1-score': 0.562962962962963, 'support': 69.0}, 'accuracy': 0.5203252032520326, 'macro avg': {'precision': 0.5159489633173844, 'recall': 0.5161030595813204, 'f1-score': 0.5157157157157157, 'support': 123.0}, 'weighted avg': {'precision': 0.523242696541798, 'recall': 0.5203252032520326, 'f1-score': 0.5214775751361118, 'support': 123.0}}","[[26 28]
 [31 38]]"
1215,300,0.05,50,5,dart,0.7,0.5212700580402868,0.4,"{'0': {'precision': 0.46808510638297873, 'recall': 0.4074074074074074, 'f1-score': 0.43564356435643564, 'support': 54.0}, '1': {'precision': 0.5789473684210527, 'recall': 0.6376811594202898, 'f1-score': 0.6068965517241379, 'support': 69.0}, 'accuracy': 0.5365853658536586, 'macro avg': {'precision': 0.5235162374020157, 'recall': 0.5225442834138486, 'f1-score': 0.5212700580402868, 'support': 123.0}, 'weighted avg': {'precision': 0.5302761314287274, 'recall': 0.5365853658536586, 'f1-score': 0.5317123133675857, 'support': 123.0}}","[[22 32]
 [25 44]]"
1216,300,0.05,50,5,dart,0.7,0.46384833598560854,0.4,"{'0': {'precision': 0.3953488372093023, 'recall': 0.3148148148148148, 'f1-score': 0.35051546391752575, 'support': 54.0}, '1': {'precision': 0.5375, 'recall': 0.6231884057971014, 'f1-score': 0.5771812080536913, 'support': 69.0}, 'accuracy': 0.4878048780487805, 'macro avg': {'precision': 0.4664244186046511, 'recall': 0.4690016103059581, 'f1-score': 0.46384833598560854, 'support': 123.0}, 'weighted avg': {'precision': 0.4750921724333522, 'recall': 0.4878048780487805, 'f1-score': 0.47766941794513085, 'support': 123.0}}","[[17 37]
 [26 43]]"
1217,300,0.05,50,5,dart,0.7,0.514297385620915,0.4,"{'0': {'precision': 0.4583333333333333, 'recall': 0.4074074074074074, 'f1-score': 0.43137254901960786, 'support': 54.0}, '1': {'precision': 0.5733333333333334, 'recall': 0.6231884057971014, 'f1-score': 0.5972222222222222, 'support': 69.0}, 'accuracy': 0.5284552845528455, 'macro avg': {'precision': 0.5158333333333334, 'recall': 0.5152979066022544, 'f1-score': 0.514297385620915, 'support': 123.0}, 'weighted avg': {'precision': 0.5228455284552845, 'recall': 0.5284552845528455, 'f1-score': 0.5244101705722939, 'support': 123.0}}","[[22 32]
 [26 43]]"
1218,300,0.05,50,5,dart,0.8,0.5212700580402868,0.4,"{'0': {'precision': 0.46808510638297873, 'recall': 0.4074074074074074, 'f1-score': 0.43564356435643564, 'support': 54.0}, '1': {'precision': 0.5789473684210527, 'recall': 0.6376811594202898, 'f1-score': 0.6068965517241379, 'support': 69.0}, 'accuracy': 0.5365853658536586, 'macro avg': {'precision': 0.5235162374020157, 'recall': 0.5225442834138486, 'f1-score': 0.5212700580402868, 'support': 123.0}, 'weighted avg': {'precision': 0.5302761314287274, 'recall': 0.5365853658536586, 'f1-score': 0.5317123133675857, 'support': 123.0}}","[[22 32]
 [25 44]]"
1219,300,0.05,50,5,dart,0.8,0.46384833598560854,0.4,"{'0': {'precision': 0.3953488372093023, 'recall': 0.3148148148148148, 'f1-score': 0.35051546391752575, 'support': 54.0}, '1': {'precision': 0.5375, 'recall': 0.6231884057971014, 'f1-score': 0.5771812080536913, 'support': 69.0}, 'accuracy': 0.4878048780487805, 'macro avg': {'precision': 0.4664244186046511, 'recall': 0.4690016103059581, 'f1-score': 0.46384833598560854, 'support': 123.0}, 'weighted avg': {'precision': 0.4750921724333522, 'recall': 0.4878048780487805, 'f1-score': 0.47766941794513085, 'support': 123.0}}","[[17 37]
 [26 43]]"
1220,300,0.05,50,5,dart,0.8,0.514297385620915,0.4,"{'0': {'precision': 0.4583333333333333, 'recall': 0.4074074074074074, 'f1-score': 0.43137254901960786, 'support': 54.0}, '1': {'precision': 0.5733333333333334, 'recall': 0.6231884057971014, 'f1-score': 0.5972222222222222, 'support': 69.0}, 'accuracy': 0.5284552845528455, 'macro avg': {'precision': 0.5158333333333334, 'recall': 0.5152979066022544, 'f1-score': 0.514297385620915, 'support': 123.0}, 'weighted avg': {'precision': 0.5228455284552845, 'recall': 0.5284552845528455, 'f1-score': 0.5244101705722939, 'support': 123.0}}","[[22 32]
 [26 43]]"
1221,300,0.05,50,5,dart,1.0,0.5212700580402868,0.4,"{'0': {'precision': 0.46808510638297873, 'recall': 0.4074074074074074, 'f1-score': 0.43564356435643564, 'support': 54.0}, '1': {'precision': 0.5789473684210527, 'recall': 0.6376811594202898, 'f1-score': 0.6068965517241379, 'support': 69.0}, 'accuracy': 0.5365853658536586, 'macro avg': {'precision': 0.5235162374020157, 'recall': 0.5225442834138486, 'f1-score': 0.5212700580402868, 'support': 123.0}, 'weighted avg': {'precision': 0.5302761314287274, 'recall': 0.5365853658536586, 'f1-score': 0.5317123133675857, 'support': 123.0}}","[[22 32]
 [25 44]]"
1222,300,0.05,50,5,dart,1.0,0.46384833598560854,0.4,"{'0': {'precision': 0.3953488372093023, 'recall': 0.3148148148148148, 'f1-score': 0.35051546391752575, 'support': 54.0}, '1': {'precision': 0.5375, 'recall': 0.6231884057971014, 'f1-score': 0.5771812080536913, 'support': 69.0}, 'accuracy': 0.4878048780487805, 'macro avg': {'precision': 0.4664244186046511, 'recall': 0.4690016103059581, 'f1-score': 0.46384833598560854, 'support': 123.0}, 'weighted avg': {'precision': 0.4750921724333522, 'recall': 0.4878048780487805, 'f1-score': 0.47766941794513085, 'support': 123.0}}","[[17 37]
 [26 43]]"
1223,300,0.05,50,5,dart,1.0,0.514297385620915,0.4,"{'0': {'precision': 0.4583333333333333, 'recall': 0.4074074074074074, 'f1-score': 0.43137254901960786, 'support': 54.0}, '1': {'precision': 0.5733333333333334, 'recall': 0.6231884057971014, 'f1-score': 0.5972222222222222, 'support': 69.0}, 'accuracy': 0.5284552845528455, 'macro avg': {'precision': 0.5158333333333334, 'recall': 0.5152979066022544, 'f1-score': 0.514297385620915, 'support': 123.0}, 'weighted avg': {'precision': 0.5228455284552845, 'recall': 0.5284552845528455, 'f1-score': 0.5244101705722939, 'support': 123.0}}","[[22 32]
 [26 43]]"
1224,300,0.05,50,10,gbdt,0.7,0.4779840848806366,0.4,"{'0': {'precision': 0.41935483870967744, 'recall': 0.48148148148148145, 'f1-score': 0.4482758620689655, 'support': 54.0}, '1': {'precision': 0.5409836065573771, 'recall': 0.4782608695652174, 'f1-score': 0.5076923076923077, 'support': 69.0}, 'accuracy': 0.4796747967479675, 'macro avg': {'precision': 0.48016922263352724, 'recall': 0.47987117552334946, 'f1-score': 0.4779840848806366, 'support': 123.0}, 'weighted avg': {'precision': 0.48758561091692354, 'recall': 0.4796747967479675, 'f1-score': 0.4816070388820599, 'support': 123.0}}","[[26 28]
 [36 33]]"
1225,300,0.05,50,10,gbdt,0.7,0.5321321321321322,0.4,"{'0': {'precision': 0.47368421052631576, 'recall': 0.5, 'f1-score': 0.4864864864864865, 'support': 54.0}, '1': {'precision': 0.5909090909090909, 'recall': 0.5652173913043478, 'f1-score': 0.5777777777777777, 'support': 69.0}, 'accuracy': 0.5365853658536586, 'macro avg': {'precision': 0.5322966507177034, 'recall': 0.5326086956521738, 'f1-score': 0.5321321321321322, 'support': 123.0}, 'weighted avg': {'precision': 0.5394445092776287, 'recall': 0.5365853658536586, 'f1-score': 0.5376986742840401, 'support': 123.0}}","[[27 27]
 [30 39]]"
1226,300,0.05,50,10,gbdt,0.7,0.4876694214876033,0.5,"{'0': {'precision': 0.43283582089552236, 'recall': 0.5370370370370371, 'f1-score': 0.4793388429752066, 'support': 54.0}, '1': {'precision': 0.5535714285714286, 'recall': 0.4492753623188406, 'f1-score': 0.496, 'support': 69.0}, 'accuracy': 0.4878048780487805, 'macro avg': {'precision': 0.49320362473347545, 'recall': 0.49315619967793883, 'f1-score': 0.4876694214876033, 'support': 123.0}, 'weighted avg': {'precision': 0.5005655520307869, 'recall': 0.4878048780487805, 'f1-score': 0.4886853456964321, 'support': 123.0}}","[[29 25]
 [38 31]]"
1227,300,0.05,50,10,gbdt,0.8,0.4779840848806366,0.4,"{'0': {'precision': 0.41935483870967744, 'recall': 0.48148148148148145, 'f1-score': 0.4482758620689655, 'support': 54.0}, '1': {'precision': 0.5409836065573771, 'recall': 0.4782608695652174, 'f1-score': 0.5076923076923077, 'support': 69.0}, 'accuracy': 0.4796747967479675, 'macro avg': {'precision': 0.48016922263352724, 'recall': 0.47987117552334946, 'f1-score': 0.4779840848806366, 'support': 123.0}, 'weighted avg': {'precision': 0.48758561091692354, 'recall': 0.4796747967479675, 'f1-score': 0.4816070388820599, 'support': 123.0}}","[[26 28]
 [36 33]]"
1228,300,0.05,50,10,gbdt,0.8,0.5321321321321322,0.4,"{'0': {'precision': 0.47368421052631576, 'recall': 0.5, 'f1-score': 0.4864864864864865, 'support': 54.0}, '1': {'precision': 0.5909090909090909, 'recall': 0.5652173913043478, 'f1-score': 0.5777777777777777, 'support': 69.0}, 'accuracy': 0.5365853658536586, 'macro avg': {'precision': 0.5322966507177034, 'recall': 0.5326086956521738, 'f1-score': 0.5321321321321322, 'support': 123.0}, 'weighted avg': {'precision': 0.5394445092776287, 'recall': 0.5365853658536586, 'f1-score': 0.5376986742840401, 'support': 123.0}}","[[27 27]
 [30 39]]"
1229,300,0.05,50,10,gbdt,0.8,0.4876694214876033,0.5,"{'0': {'precision': 0.43283582089552236, 'recall': 0.5370370370370371, 'f1-score': 0.4793388429752066, 'support': 54.0}, '1': {'precision': 0.5535714285714286, 'recall': 0.4492753623188406, 'f1-score': 0.496, 'support': 69.0}, 'accuracy': 0.4878048780487805, 'macro avg': {'precision': 0.49320362473347545, 'recall': 0.49315619967793883, 'f1-score': 0.4876694214876033, 'support': 123.0}, 'weighted avg': {'precision': 0.5005655520307869, 'recall': 0.4878048780487805, 'f1-score': 0.4886853456964321, 'support': 123.0}}","[[29 25]
 [38 31]]"
1230,300,0.05,50,10,gbdt,1.0,0.4779840848806366,0.4,"{'0': {'precision': 0.41935483870967744, 'recall': 0.48148148148148145, 'f1-score': 0.4482758620689655, 'support': 54.0}, '1': {'precision': 0.5409836065573771, 'recall': 0.4782608695652174, 'f1-score': 0.5076923076923077, 'support': 69.0}, 'accuracy': 0.4796747967479675, 'macro avg': {'precision': 0.48016922263352724, 'recall': 0.47987117552334946, 'f1-score': 0.4779840848806366, 'support': 123.0}, 'weighted avg': {'precision': 0.48758561091692354, 'recall': 0.4796747967479675, 'f1-score': 0.4816070388820599, 'support': 123.0}}","[[26 28]
 [36 33]]"
1231,300,0.05,50,10,gbdt,1.0,0.5321321321321322,0.4,"{'0': {'precision': 0.47368421052631576, 'recall': 0.5, 'f1-score': 0.4864864864864865, 'support': 54.0}, '1': {'precision': 0.5909090909090909, 'recall': 0.5652173913043478, 'f1-score': 0.5777777777777777, 'support': 69.0}, 'accuracy': 0.5365853658536586, 'macro avg': {'precision': 0.5322966507177034, 'recall': 0.5326086956521738, 'f1-score': 0.5321321321321322, 'support': 123.0}, 'weighted avg': {'precision': 0.5394445092776287, 'recall': 0.5365853658536586, 'f1-score': 0.5376986742840401, 'support': 123.0}}","[[27 27]
 [30 39]]"
1232,300,0.05,50,10,gbdt,1.0,0.4876694214876033,0.5,"{'0': {'precision': 0.43283582089552236, 'recall': 0.5370370370370371, 'f1-score': 0.4793388429752066, 'support': 54.0}, '1': {'precision': 0.5535714285714286, 'recall': 0.4492753623188406, 'f1-score': 0.496, 'support': 69.0}, 'accuracy': 0.4878048780487805, 'macro avg': {'precision': 0.49320362473347545, 'recall': 0.49315619967793883, 'f1-score': 0.4876694214876033, 'support': 123.0}, 'weighted avg': {'precision': 0.5005655520307869, 'recall': 0.4878048780487805, 'f1-score': 0.4886853456964321, 'support': 123.0}}","[[29 25]
 [38 31]]"
1233,300,0.05,50,10,dart,0.7,0.5039338842975207,0.5,"{'0': {'precision': 0.44776119402985076, 'recall': 0.5555555555555556, 'f1-score': 0.49586776859504134, 'support': 54.0}, '1': {'precision': 0.5714285714285714, 'recall': 0.463768115942029, 'f1-score': 0.512, 'support': 69.0}, 'accuracy': 0.5040650406504065, 'macro avg': {'precision': 0.509594882729211, 'recall': 0.5096618357487923, 'f1-score': 0.5039338842975207, 'support': 123.0}, 'weighted avg': {'precision': 0.5171355764730354, 'recall': 0.5040650406504065, 'f1-score': 0.5049175569441645, 'support': 123.0}}","[[30 24]
 [37 32]]"
1234,300,0.05,50,10,dart,0.7,0.4872626215840667,0.5,"{'0': {'precision': 0.4383561643835616, 'recall': 0.5925925925925926, 'f1-score': 0.5039370078740157, 'support': 54.0}, '1': {'precision': 0.56, 'recall': 0.4057971014492754, 'f1-score': 0.47058823529411764, 'support': 69.0}, 'accuracy': 0.4878048780487805, 'macro avg': {'precision': 0.49917808219178084, 'recall': 0.499194847020934, 'f1-score': 0.4872626215840667, 'support': 123.0}, 'weighted avg': {'precision': 0.5065953892415637, 'recall': 0.4878048780487805, 'f1-score': 0.48522915984139, 'support': 123.0}}","[[32 22]
 [41 28]]"
1235,300,0.05,50,10,dart,0.7,0.4765957446808511,0.4,"{'0': {'precision': 0.4117647058823529, 'recall': 0.3888888888888889, 'f1-score': 0.4, 'support': 54.0}, '1': {'precision': 0.5416666666666666, 'recall': 0.5652173913043478, 'f1-score': 0.5531914893617021, 'support': 69.0}, 'accuracy': 0.4878048780487805, 'macro avg': {'precision': 0.4767156862745098, 'recall': 0.47705314009661837, 'f1-score': 0.4765957446808511, 'support': 123.0}, 'weighted avg': {'precision': 0.484636537541846, 'recall': 0.4878048780487805, 'f1-score': 0.48593668915412563, 'support': 123.0}}","[[21 33]
 [30 39]]"
1236,300,0.05,50,10,dart,0.8,0.5039338842975207,0.5,"{'0': {'precision': 0.44776119402985076, 'recall': 0.5555555555555556, 'f1-score': 0.49586776859504134, 'support': 54.0}, '1': {'precision': 0.5714285714285714, 'recall': 0.463768115942029, 'f1-score': 0.512, 'support': 69.0}, 'accuracy': 0.5040650406504065, 'macro avg': {'precision': 0.509594882729211, 'recall': 0.5096618357487923, 'f1-score': 0.5039338842975207, 'support': 123.0}, 'weighted avg': {'precision': 0.5171355764730354, 'recall': 0.5040650406504065, 'f1-score': 0.5049175569441645, 'support': 123.0}}","[[30 24]
 [37 32]]"
1237,300,0.05,50,10,dart,0.8,0.4872626215840667,0.5,"{'0': {'precision': 0.4383561643835616, 'recall': 0.5925925925925926, 'f1-score': 0.5039370078740157, 'support': 54.0}, '1': {'precision': 0.56, 'recall': 0.4057971014492754, 'f1-score': 0.47058823529411764, 'support': 69.0}, 'accuracy': 0.4878048780487805, 'macro avg': {'precision': 0.49917808219178084, 'recall': 0.499194847020934, 'f1-score': 0.4872626215840667, 'support': 123.0}, 'weighted avg': {'precision': 0.5065953892415637, 'recall': 0.4878048780487805, 'f1-score': 0.48522915984139, 'support': 123.0}}","[[32 22]
 [41 28]]"
1238,300,0.05,50,10,dart,0.8,0.4765957446808511,0.4,"{'0': {'precision': 0.4117647058823529, 'recall': 0.3888888888888889, 'f1-score': 0.4, 'support': 54.0}, '1': {'precision': 0.5416666666666666, 'recall': 0.5652173913043478, 'f1-score': 0.5531914893617021, 'support': 69.0}, 'accuracy': 0.4878048780487805, 'macro avg': {'precision': 0.4767156862745098, 'recall': 0.47705314009661837, 'f1-score': 0.4765957446808511, 'support': 123.0}, 'weighted avg': {'precision': 0.484636537541846, 'recall': 0.4878048780487805, 'f1-score': 0.48593668915412563, 'support': 123.0}}","[[21 33]
 [30 39]]"
1239,300,0.05,50,10,dart,1.0,0.5039338842975207,0.5,"{'0': {'precision': 0.44776119402985076, 'recall': 0.5555555555555556, 'f1-score': 0.49586776859504134, 'support': 54.0}, '1': {'precision': 0.5714285714285714, 'recall': 0.463768115942029, 'f1-score': 0.512, 'support': 69.0}, 'accuracy': 0.5040650406504065, 'macro avg': {'precision': 0.509594882729211, 'recall': 0.5096618357487923, 'f1-score': 0.5039338842975207, 'support': 123.0}, 'weighted avg': {'precision': 0.5171355764730354, 'recall': 0.5040650406504065, 'f1-score': 0.5049175569441645, 'support': 123.0}}","[[30 24]
 [37 32]]"
1240,300,0.05,50,10,dart,1.0,0.4872626215840667,0.5,"{'0': {'precision': 0.4383561643835616, 'recall': 0.5925925925925926, 'f1-score': 0.5039370078740157, 'support': 54.0}, '1': {'precision': 0.56, 'recall': 0.4057971014492754, 'f1-score': 0.47058823529411764, 'support': 69.0}, 'accuracy': 0.4878048780487805, 'macro avg': {'precision': 0.49917808219178084, 'recall': 0.499194847020934, 'f1-score': 0.4872626215840667, 'support': 123.0}, 'weighted avg': {'precision': 0.5065953892415637, 'recall': 0.4878048780487805, 'f1-score': 0.48522915984139, 'support': 123.0}}","[[32 22]
 [41 28]]"
1241,300,0.05,50,10,dart,1.0,0.4765957446808511,0.4,"{'0': {'precision': 0.4117647058823529, 'recall': 0.3888888888888889, 'f1-score': 0.4, 'support': 54.0}, '1': {'precision': 0.5416666666666666, 'recall': 0.5652173913043478, 'f1-score': 0.5531914893617021, 'support': 69.0}, 'accuracy': 0.4878048780487805, 'macro avg': {'precision': 0.4767156862745098, 'recall': 0.47705314009661837, 'f1-score': 0.4765957446808511, 'support': 123.0}, 'weighted avg': {'precision': 0.484636537541846, 'recall': 0.4878048780487805, 'f1-score': 0.48593668915412563, 'support': 123.0}}","[[21 33]
 [30 39]]"
1242,300,0.05,70,-1,gbdt,0.7,0.5028821307891076,0.4,"{'0': {'precision': 0.4444444444444444, 'recall': 0.5185185185185185, 'f1-score': 0.47863247863247865, 'support': 54.0}, '1': {'precision': 0.5666666666666667, 'recall': 0.4927536231884058, 'f1-score': 0.5271317829457365, 'support': 69.0}, 'accuracy': 0.5040650406504065, 'macro avg': {'precision': 0.5055555555555555, 'recall': 0.5056360708534622, 'f1-score': 0.5028821307891076, 'support': 123.0}, 'weighted avg': {'precision': 0.5130081300813009, 'recall': 0.5040650406504065, 'f1-score': 0.505839405442355, 'support': 123.0}}","[[28 26]
 [35 34]]"
1243,300,0.05,70,-1,gbdt,0.7,0.5121628767847699,0.5,"{'0': {'precision': 0.45588235294117646, 'recall': 0.5740740740740741, 'f1-score': 0.5081967213114754, 'support': 54.0}, '1': {'precision': 0.5818181818181818, 'recall': 0.463768115942029, 'f1-score': 0.5161290322580645, 'support': 69.0}, 'accuracy': 0.5121951219512195, 'macro avg': {'precision': 0.5188502673796791, 'recall': 0.5189210950080515, 'f1-score': 0.5121628767847699, 'support': 123.0}, 'weighted avg': {'precision': 0.526529281335594, 'recall': 0.5121951219512195, 'f1-score': 0.5126465542815132, 'support': 123.0}}","[[31 23]
 [37 32]]"
1244,300,0.05,70,-1,gbdt,0.7,0.4876694214876033,0.5,"{'0': {'precision': 0.43283582089552236, 'recall': 0.5370370370370371, 'f1-score': 0.4793388429752066, 'support': 54.0}, '1': {'precision': 0.5535714285714286, 'recall': 0.4492753623188406, 'f1-score': 0.496, 'support': 69.0}, 'accuracy': 0.4878048780487805, 'macro avg': {'precision': 0.49320362473347545, 'recall': 0.49315619967793883, 'f1-score': 0.4876694214876033, 'support': 123.0}, 'weighted avg': {'precision': 0.5005655520307869, 'recall': 0.4878048780487805, 'f1-score': 0.4886853456964321, 'support': 123.0}}","[[29 25]
 [38 31]]"
1245,300,0.05,70,-1,gbdt,0.8,0.5028821307891076,0.4,"{'0': {'precision': 0.4444444444444444, 'recall': 0.5185185185185185, 'f1-score': 0.47863247863247865, 'support': 54.0}, '1': {'precision': 0.5666666666666667, 'recall': 0.4927536231884058, 'f1-score': 0.5271317829457365, 'support': 69.0}, 'accuracy': 0.5040650406504065, 'macro avg': {'precision': 0.5055555555555555, 'recall': 0.5056360708534622, 'f1-score': 0.5028821307891076, 'support': 123.0}, 'weighted avg': {'precision': 0.5130081300813009, 'recall': 0.5040650406504065, 'f1-score': 0.505839405442355, 'support': 123.0}}","[[28 26]
 [35 34]]"
1246,300,0.05,70,-1,gbdt,0.8,0.5121628767847699,0.5,"{'0': {'precision': 0.45588235294117646, 'recall': 0.5740740740740741, 'f1-score': 0.5081967213114754, 'support': 54.0}, '1': {'precision': 0.5818181818181818, 'recall': 0.463768115942029, 'f1-score': 0.5161290322580645, 'support': 69.0}, 'accuracy': 0.5121951219512195, 'macro avg': {'precision': 0.5188502673796791, 'recall': 0.5189210950080515, 'f1-score': 0.5121628767847699, 'support': 123.0}, 'weighted avg': {'precision': 0.526529281335594, 'recall': 0.5121951219512195, 'f1-score': 0.5126465542815132, 'support': 123.0}}","[[31 23]
 [37 32]]"
1247,300,0.05,70,-1,gbdt,0.8,0.4876694214876033,0.5,"{'0': {'precision': 0.43283582089552236, 'recall': 0.5370370370370371, 'f1-score': 0.4793388429752066, 'support': 54.0}, '1': {'precision': 0.5535714285714286, 'recall': 0.4492753623188406, 'f1-score': 0.496, 'support': 69.0}, 'accuracy': 0.4878048780487805, 'macro avg': {'precision': 0.49320362473347545, 'recall': 0.49315619967793883, 'f1-score': 0.4876694214876033, 'support': 123.0}, 'weighted avg': {'precision': 0.5005655520307869, 'recall': 0.4878048780487805, 'f1-score': 0.4886853456964321, 'support': 123.0}}","[[29 25]
 [38 31]]"
1248,300,0.05,70,-1,gbdt,1.0,0.5028821307891076,0.4,"{'0': {'precision': 0.4444444444444444, 'recall': 0.5185185185185185, 'f1-score': 0.47863247863247865, 'support': 54.0}, '1': {'precision': 0.5666666666666667, 'recall': 0.4927536231884058, 'f1-score': 0.5271317829457365, 'support': 69.0}, 'accuracy': 0.5040650406504065, 'macro avg': {'precision': 0.5055555555555555, 'recall': 0.5056360708534622, 'f1-score': 0.5028821307891076, 'support': 123.0}, 'weighted avg': {'precision': 0.5130081300813009, 'recall': 0.5040650406504065, 'f1-score': 0.505839405442355, 'support': 123.0}}","[[28 26]
 [35 34]]"
1249,300,0.05,70,-1,gbdt,1.0,0.5121628767847699,0.5,"{'0': {'precision': 0.45588235294117646, 'recall': 0.5740740740740741, 'f1-score': 0.5081967213114754, 'support': 54.0}, '1': {'precision': 0.5818181818181818, 'recall': 0.463768115942029, 'f1-score': 0.5161290322580645, 'support': 69.0}, 'accuracy': 0.5121951219512195, 'macro avg': {'precision': 0.5188502673796791, 'recall': 0.5189210950080515, 'f1-score': 0.5121628767847699, 'support': 123.0}, 'weighted avg': {'precision': 0.526529281335594, 'recall': 0.5121951219512195, 'f1-score': 0.5126465542815132, 'support': 123.0}}","[[31 23]
 [37 32]]"
1250,300,0.05,70,-1,gbdt,1.0,0.4876694214876033,0.5,"{'0': {'precision': 0.43283582089552236, 'recall': 0.5370370370370371, 'f1-score': 0.4793388429752066, 'support': 54.0}, '1': {'precision': 0.5535714285714286, 'recall': 0.4492753623188406, 'f1-score': 0.496, 'support': 69.0}, 'accuracy': 0.4878048780487805, 'macro avg': {'precision': 0.49320362473347545, 'recall': 0.49315619967793883, 'f1-score': 0.4876694214876033, 'support': 123.0}, 'weighted avg': {'precision': 0.5005655520307869, 'recall': 0.4878048780487805, 'f1-score': 0.4886853456964321, 'support': 123.0}}","[[29 25]
 [38 31]]"
1251,300,0.05,70,-1,dart,0.7,0.5039338842975207,0.5,"{'0': {'precision': 0.44776119402985076, 'recall': 0.5555555555555556, 'f1-score': 0.49586776859504134, 'support': 54.0}, '1': {'precision': 0.5714285714285714, 'recall': 0.463768115942029, 'f1-score': 0.512, 'support': 69.0}, 'accuracy': 0.5040650406504065, 'macro avg': {'precision': 0.509594882729211, 'recall': 0.5096618357487923, 'f1-score': 0.5039338842975207, 'support': 123.0}, 'weighted avg': {'precision': 0.5171355764730354, 'recall': 0.5040650406504065, 'f1-score': 0.5049175569441645, 'support': 123.0}}","[[30 24]
 [37 32]]"
1252,300,0.05,70,-1,dart,0.7,0.4872626215840667,0.5,"{'0': {'precision': 0.4383561643835616, 'recall': 0.5925925925925926, 'f1-score': 0.5039370078740157, 'support': 54.0}, '1': {'precision': 0.56, 'recall': 0.4057971014492754, 'f1-score': 0.47058823529411764, 'support': 69.0}, 'accuracy': 0.4878048780487805, 'macro avg': {'precision': 0.49917808219178084, 'recall': 0.499194847020934, 'f1-score': 0.4872626215840667, 'support': 123.0}, 'weighted avg': {'precision': 0.5065953892415637, 'recall': 0.4878048780487805, 'f1-score': 0.48522915984139, 'support': 123.0}}","[[32 22]
 [41 28]]"
1253,300,0.05,70,-1,dart,0.7,0.4765957446808511,0.4,"{'0': {'precision': 0.4117647058823529, 'recall': 0.3888888888888889, 'f1-score': 0.4, 'support': 54.0}, '1': {'precision': 0.5416666666666666, 'recall': 0.5652173913043478, 'f1-score': 0.5531914893617021, 'support': 69.0}, 'accuracy': 0.4878048780487805, 'macro avg': {'precision': 0.4767156862745098, 'recall': 0.47705314009661837, 'f1-score': 0.4765957446808511, 'support': 123.0}, 'weighted avg': {'precision': 0.484636537541846, 'recall': 0.4878048780487805, 'f1-score': 0.48593668915412563, 'support': 123.0}}","[[21 33]
 [30 39]]"
1254,300,0.05,70,-1,dart,0.8,0.5039338842975207,0.5,"{'0': {'precision': 0.44776119402985076, 'recall': 0.5555555555555556, 'f1-score': 0.49586776859504134, 'support': 54.0}, '1': {'precision': 0.5714285714285714, 'recall': 0.463768115942029, 'f1-score': 0.512, 'support': 69.0}, 'accuracy': 0.5040650406504065, 'macro avg': {'precision': 0.509594882729211, 'recall': 0.5096618357487923, 'f1-score': 0.5039338842975207, 'support': 123.0}, 'weighted avg': {'precision': 0.5171355764730354, 'recall': 0.5040650406504065, 'f1-score': 0.5049175569441645, 'support': 123.0}}","[[30 24]
 [37 32]]"
1255,300,0.05,70,-1,dart,0.8,0.4872626215840667,0.5,"{'0': {'precision': 0.4383561643835616, 'recall': 0.5925925925925926, 'f1-score': 0.5039370078740157, 'support': 54.0}, '1': {'precision': 0.56, 'recall': 0.4057971014492754, 'f1-score': 0.47058823529411764, 'support': 69.0}, 'accuracy': 0.4878048780487805, 'macro avg': {'precision': 0.49917808219178084, 'recall': 0.499194847020934, 'f1-score': 0.4872626215840667, 'support': 123.0}, 'weighted avg': {'precision': 0.5065953892415637, 'recall': 0.4878048780487805, 'f1-score': 0.48522915984139, 'support': 123.0}}","[[32 22]
 [41 28]]"
1256,300,0.05,70,-1,dart,0.8,0.4765957446808511,0.4,"{'0': {'precision': 0.4117647058823529, 'recall': 0.3888888888888889, 'f1-score': 0.4, 'support': 54.0}, '1': {'precision': 0.5416666666666666, 'recall': 0.5652173913043478, 'f1-score': 0.5531914893617021, 'support': 69.0}, 'accuracy': 0.4878048780487805, 'macro avg': {'precision': 0.4767156862745098, 'recall': 0.47705314009661837, 'f1-score': 0.4765957446808511, 'support': 123.0}, 'weighted avg': {'precision': 0.484636537541846, 'recall': 0.4878048780487805, 'f1-score': 0.48593668915412563, 'support': 123.0}}","[[21 33]
 [30 39]]"
1257,300,0.05,70,-1,dart,1.0,0.5039338842975207,0.5,"{'0': {'precision': 0.44776119402985076, 'recall': 0.5555555555555556, 'f1-score': 0.49586776859504134, 'support': 54.0}, '1': {'precision': 0.5714285714285714, 'recall': 0.463768115942029, 'f1-score': 0.512, 'support': 69.0}, 'accuracy': 0.5040650406504065, 'macro avg': {'precision': 0.509594882729211, 'recall': 0.5096618357487923, 'f1-score': 0.5039338842975207, 'support': 123.0}, 'weighted avg': {'precision': 0.5171355764730354, 'recall': 0.5040650406504065, 'f1-score': 0.5049175569441645, 'support': 123.0}}","[[30 24]
 [37 32]]"
1258,300,0.05,70,-1,dart,1.0,0.4872626215840667,0.5,"{'0': {'precision': 0.4383561643835616, 'recall': 0.5925925925925926, 'f1-score': 0.5039370078740157, 'support': 54.0}, '1': {'precision': 0.56, 'recall': 0.4057971014492754, 'f1-score': 0.47058823529411764, 'support': 69.0}, 'accuracy': 0.4878048780487805, 'macro avg': {'precision': 0.49917808219178084, 'recall': 0.499194847020934, 'f1-score': 0.4872626215840667, 'support': 123.0}, 'weighted avg': {'precision': 0.5065953892415637, 'recall': 0.4878048780487805, 'f1-score': 0.48522915984139, 'support': 123.0}}","[[32 22]
 [41 28]]"
1259,300,0.05,70,-1,dart,1.0,0.4765957446808511,0.4,"{'0': {'precision': 0.4117647058823529, 'recall': 0.3888888888888889, 'f1-score': 0.4, 'support': 54.0}, '1': {'precision': 0.5416666666666666, 'recall': 0.5652173913043478, 'f1-score': 0.5531914893617021, 'support': 69.0}, 'accuracy': 0.4878048780487805, 'macro avg': {'precision': 0.4767156862745098, 'recall': 0.47705314009661837, 'f1-score': 0.4765957446808511, 'support': 123.0}, 'weighted avg': {'precision': 0.484636537541846, 'recall': 0.4878048780487805, 'f1-score': 0.48593668915412563, 'support': 123.0}}","[[21 33]
 [30 39]]"
1260,300,0.05,70,5,gbdt,0.7,0.4553140096618358,0.6000000000000001,"{'0': {'precision': 0.42857142857142855, 'recall': 0.6666666666666666, 'f1-score': 0.5217391304347826, 'support': 54.0}, '1': {'precision': 0.5384615384615384, 'recall': 0.30434782608695654, 'f1-score': 0.3888888888888889, 'support': 69.0}, 'accuracy': 0.4634146341463415, 'macro avg': {'precision': 0.48351648351648346, 'recall': 0.4855072463768116, 'f1-score': 0.4553140096618358, 'support': 123.0}, 'weighted avg': {'precision': 0.49021709997319757, 'recall': 0.4634146341463415, 'f1-score': 0.44721338517733006, 'support': 123.0}}","[[36 18]
 [48 21]]"
1261,300,0.05,70,5,gbdt,0.7,0.5019581812147361,0.4,"{'0': {'precision': 0.4426229508196721, 'recall': 0.5, 'f1-score': 0.46956521739130436, 'support': 54.0}, '1': {'precision': 0.5645161290322581, 'recall': 0.5072463768115942, 'f1-score': 0.5343511450381679, 'support': 69.0}, 'accuracy': 0.5040650406504065, 'macro avg': {'precision': 0.5035695399259651, 'recall': 0.5036231884057971, 'f1-score': 0.5019581812147361, 'support': 123.0}, 'weighted avg': {'precision': 0.5110020507925862, 'recall': 0.5040650406504065, 'f1-score': 0.5059085426566181, 'support': 123.0}}","[[27 27]
 [34 35]]"
1262,300,0.05,70,5,gbdt,0.7,0.5157157157157157,0.4,"{'0': {'precision': 0.45614035087719296, 'recall': 0.48148148148148145, 'f1-score': 0.46846846846846846, 'support': 54.0}, '1': {'precision': 0.5757575757575758, 'recall': 0.5507246376811594, 'f1-score': 0.562962962962963, 'support': 69.0}, 'accuracy': 0.5203252032520326, 'macro avg': {'precision': 0.5159489633173844, 'recall': 0.5161030595813204, 'f1-score': 0.5157157157157157, 'support': 123.0}, 'weighted avg': {'precision': 0.523242696541798, 'recall': 0.5203252032520326, 'f1-score': 0.5214775751361118, 'support': 123.0}}","[[26 28]
 [31 38]]"
1263,300,0.05,70,5,gbdt,0.8,0.4553140096618358,0.6000000000000001,"{'0': {'precision': 0.42857142857142855, 'recall': 0.6666666666666666, 'f1-score': 0.5217391304347826, 'support': 54.0}, '1': {'precision': 0.5384615384615384, 'recall': 0.30434782608695654, 'f1-score': 0.3888888888888889, 'support': 69.0}, 'accuracy': 0.4634146341463415, 'macro avg': {'precision': 0.48351648351648346, 'recall': 0.4855072463768116, 'f1-score': 0.4553140096618358, 'support': 123.0}, 'weighted avg': {'precision': 0.49021709997319757, 'recall': 0.4634146341463415, 'f1-score': 0.44721338517733006, 'support': 123.0}}","[[36 18]
 [48 21]]"
1264,300,0.05,70,5,gbdt,0.8,0.5019581812147361,0.4,"{'0': {'precision': 0.4426229508196721, 'recall': 0.5, 'f1-score': 0.46956521739130436, 'support': 54.0}, '1': {'precision': 0.5645161290322581, 'recall': 0.5072463768115942, 'f1-score': 0.5343511450381679, 'support': 69.0}, 'accuracy': 0.5040650406504065, 'macro avg': {'precision': 0.5035695399259651, 'recall': 0.5036231884057971, 'f1-score': 0.5019581812147361, 'support': 123.0}, 'weighted avg': {'precision': 0.5110020507925862, 'recall': 0.5040650406504065, 'f1-score': 0.5059085426566181, 'support': 123.0}}","[[27 27]
 [34 35]]"
1265,300,0.05,70,5,gbdt,0.8,0.5157157157157157,0.4,"{'0': {'precision': 0.45614035087719296, 'recall': 0.48148148148148145, 'f1-score': 0.46846846846846846, 'support': 54.0}, '1': {'precision': 0.5757575757575758, 'recall': 0.5507246376811594, 'f1-score': 0.562962962962963, 'support': 69.0}, 'accuracy': 0.5203252032520326, 'macro avg': {'precision': 0.5159489633173844, 'recall': 0.5161030595813204, 'f1-score': 0.5157157157157157, 'support': 123.0}, 'weighted avg': {'precision': 0.523242696541798, 'recall': 0.5203252032520326, 'f1-score': 0.5214775751361118, 'support': 123.0}}","[[26 28]
 [31 38]]"
1266,300,0.05,70,5,gbdt,1.0,0.4553140096618358,0.6000000000000001,"{'0': {'precision': 0.42857142857142855, 'recall': 0.6666666666666666, 'f1-score': 0.5217391304347826, 'support': 54.0}, '1': {'precision': 0.5384615384615384, 'recall': 0.30434782608695654, 'f1-score': 0.3888888888888889, 'support': 69.0}, 'accuracy': 0.4634146341463415, 'macro avg': {'precision': 0.48351648351648346, 'recall': 0.4855072463768116, 'f1-score': 0.4553140096618358, 'support': 123.0}, 'weighted avg': {'precision': 0.49021709997319757, 'recall': 0.4634146341463415, 'f1-score': 0.44721338517733006, 'support': 123.0}}","[[36 18]
 [48 21]]"
1267,300,0.05,70,5,gbdt,1.0,0.5019581812147361,0.4,"{'0': {'precision': 0.4426229508196721, 'recall': 0.5, 'f1-score': 0.46956521739130436, 'support': 54.0}, '1': {'precision': 0.5645161290322581, 'recall': 0.5072463768115942, 'f1-score': 0.5343511450381679, 'support': 69.0}, 'accuracy': 0.5040650406504065, 'macro avg': {'precision': 0.5035695399259651, 'recall': 0.5036231884057971, 'f1-score': 0.5019581812147361, 'support': 123.0}, 'weighted avg': {'precision': 0.5110020507925862, 'recall': 0.5040650406504065, 'f1-score': 0.5059085426566181, 'support': 123.0}}","[[27 27]
 [34 35]]"
1268,300,0.05,70,5,gbdt,1.0,0.5157157157157157,0.4,"{'0': {'precision': 0.45614035087719296, 'recall': 0.48148148148148145, 'f1-score': 0.46846846846846846, 'support': 54.0}, '1': {'precision': 0.5757575757575758, 'recall': 0.5507246376811594, 'f1-score': 0.562962962962963, 'support': 69.0}, 'accuracy': 0.5203252032520326, 'macro avg': {'precision': 0.5159489633173844, 'recall': 0.5161030595813204, 'f1-score': 0.5157157157157157, 'support': 123.0}, 'weighted avg': {'precision': 0.523242696541798, 'recall': 0.5203252032520326, 'f1-score': 0.5214775751361118, 'support': 123.0}}","[[26 28]
 [31 38]]"
1269,300,0.05,70,5,dart,0.7,0.5212700580402868,0.4,"{'0': {'precision': 0.46808510638297873, 'recall': 0.4074074074074074, 'f1-score': 0.43564356435643564, 'support': 54.0}, '1': {'precision': 0.5789473684210527, 'recall': 0.6376811594202898, 'f1-score': 0.6068965517241379, 'support': 69.0}, 'accuracy': 0.5365853658536586, 'macro avg': {'precision': 0.5235162374020157, 'recall': 0.5225442834138486, 'f1-score': 0.5212700580402868, 'support': 123.0}, 'weighted avg': {'precision': 0.5302761314287274, 'recall': 0.5365853658536586, 'f1-score': 0.5317123133675857, 'support': 123.0}}","[[22 32]
 [25 44]]"
1270,300,0.05,70,5,dart,0.7,0.46384833598560854,0.4,"{'0': {'precision': 0.3953488372093023, 'recall': 0.3148148148148148, 'f1-score': 0.35051546391752575, 'support': 54.0}, '1': {'precision': 0.5375, 'recall': 0.6231884057971014, 'f1-score': 0.5771812080536913, 'support': 69.0}, 'accuracy': 0.4878048780487805, 'macro avg': {'precision': 0.4664244186046511, 'recall': 0.4690016103059581, 'f1-score': 0.46384833598560854, 'support': 123.0}, 'weighted avg': {'precision': 0.4750921724333522, 'recall': 0.4878048780487805, 'f1-score': 0.47766941794513085, 'support': 123.0}}","[[17 37]
 [26 43]]"
1271,300,0.05,70,5,dart,0.7,0.514297385620915,0.4,"{'0': {'precision': 0.4583333333333333, 'recall': 0.4074074074074074, 'f1-score': 0.43137254901960786, 'support': 54.0}, '1': {'precision': 0.5733333333333334, 'recall': 0.6231884057971014, 'f1-score': 0.5972222222222222, 'support': 69.0}, 'accuracy': 0.5284552845528455, 'macro avg': {'precision': 0.5158333333333334, 'recall': 0.5152979066022544, 'f1-score': 0.514297385620915, 'support': 123.0}, 'weighted avg': {'precision': 0.5228455284552845, 'recall': 0.5284552845528455, 'f1-score': 0.5244101705722939, 'support': 123.0}}","[[22 32]
 [26 43]]"
1272,300,0.05,70,5,dart,0.8,0.5212700580402868,0.4,"{'0': {'precision': 0.46808510638297873, 'recall': 0.4074074074074074, 'f1-score': 0.43564356435643564, 'support': 54.0}, '1': {'precision': 0.5789473684210527, 'recall': 0.6376811594202898, 'f1-score': 0.6068965517241379, 'support': 69.0}, 'accuracy': 0.5365853658536586, 'macro avg': {'precision': 0.5235162374020157, 'recall': 0.5225442834138486, 'f1-score': 0.5212700580402868, 'support': 123.0}, 'weighted avg': {'precision': 0.5302761314287274, 'recall': 0.5365853658536586, 'f1-score': 0.5317123133675857, 'support': 123.0}}","[[22 32]
 [25 44]]"
1273,300,0.05,70,5,dart,0.8,0.46384833598560854,0.4,"{'0': {'precision': 0.3953488372093023, 'recall': 0.3148148148148148, 'f1-score': 0.35051546391752575, 'support': 54.0}, '1': {'precision': 0.5375, 'recall': 0.6231884057971014, 'f1-score': 0.5771812080536913, 'support': 69.0}, 'accuracy': 0.4878048780487805, 'macro avg': {'precision': 0.4664244186046511, 'recall': 0.4690016103059581, 'f1-score': 0.46384833598560854, 'support': 123.0}, 'weighted avg': {'precision': 0.4750921724333522, 'recall': 0.4878048780487805, 'f1-score': 0.47766941794513085, 'support': 123.0}}","[[17 37]
 [26 43]]"
1274,300,0.05,70,5,dart,0.8,0.514297385620915,0.4,"{'0': {'precision': 0.4583333333333333, 'recall': 0.4074074074074074, 'f1-score': 0.43137254901960786, 'support': 54.0}, '1': {'precision': 0.5733333333333334, 'recall': 0.6231884057971014, 'f1-score': 0.5972222222222222, 'support': 69.0}, 'accuracy': 0.5284552845528455, 'macro avg': {'precision': 0.5158333333333334, 'recall': 0.5152979066022544, 'f1-score': 0.514297385620915, 'support': 123.0}, 'weighted avg': {'precision': 0.5228455284552845, 'recall': 0.5284552845528455, 'f1-score': 0.5244101705722939, 'support': 123.0}}","[[22 32]
 [26 43]]"
1275,300,0.05,70,5,dart,1.0,0.5212700580402868,0.4,"{'0': {'precision': 0.46808510638297873, 'recall': 0.4074074074074074, 'f1-score': 0.43564356435643564, 'support': 54.0}, '1': {'precision': 0.5789473684210527, 'recall': 0.6376811594202898, 'f1-score': 0.6068965517241379, 'support': 69.0}, 'accuracy': 0.5365853658536586, 'macro avg': {'precision': 0.5235162374020157, 'recall': 0.5225442834138486, 'f1-score': 0.5212700580402868, 'support': 123.0}, 'weighted avg': {'precision': 0.5302761314287274, 'recall': 0.5365853658536586, 'f1-score': 0.5317123133675857, 'support': 123.0}}","[[22 32]
 [25 44]]"
1276,300,0.05,70,5,dart,1.0,0.46384833598560854,0.4,"{'0': {'precision': 0.3953488372093023, 'recall': 0.3148148148148148, 'f1-score': 0.35051546391752575, 'support': 54.0}, '1': {'precision': 0.5375, 'recall': 0.6231884057971014, 'f1-score': 0.5771812080536913, 'support': 69.0}, 'accuracy': 0.4878048780487805, 'macro avg': {'precision': 0.4664244186046511, 'recall': 0.4690016103059581, 'f1-score': 0.46384833598560854, 'support': 123.0}, 'weighted avg': {'precision': 0.4750921724333522, 'recall': 0.4878048780487805, 'f1-score': 0.47766941794513085, 'support': 123.0}}","[[17 37]
 [26 43]]"
1277,300,0.05,70,5,dart,1.0,0.514297385620915,0.4,"{'0': {'precision': 0.4583333333333333, 'recall': 0.4074074074074074, 'f1-score': 0.43137254901960786, 'support': 54.0}, '1': {'precision': 0.5733333333333334, 'recall': 0.6231884057971014, 'f1-score': 0.5972222222222222, 'support': 69.0}, 'accuracy': 0.5284552845528455, 'macro avg': {'precision': 0.5158333333333334, 'recall': 0.5152979066022544, 'f1-score': 0.514297385620915, 'support': 123.0}, 'weighted avg': {'precision': 0.5228455284552845, 'recall': 0.5284552845528455, 'f1-score': 0.5244101705722939, 'support': 123.0}}","[[22 32]
 [26 43]]"
1278,300,0.05,70,10,gbdt,0.7,0.4779840848806366,0.4,"{'0': {'precision': 0.41935483870967744, 'recall': 0.48148148148148145, 'f1-score': 0.4482758620689655, 'support': 54.0}, '1': {'precision': 0.5409836065573771, 'recall': 0.4782608695652174, 'f1-score': 0.5076923076923077, 'support': 69.0}, 'accuracy': 0.4796747967479675, 'macro avg': {'precision': 0.48016922263352724, 'recall': 0.47987117552334946, 'f1-score': 0.4779840848806366, 'support': 123.0}, 'weighted avg': {'precision': 0.48758561091692354, 'recall': 0.4796747967479675, 'f1-score': 0.4816070388820599, 'support': 123.0}}","[[26 28]
 [36 33]]"
1279,300,0.05,70,10,gbdt,0.7,0.5321321321321322,0.4,"{'0': {'precision': 0.47368421052631576, 'recall': 0.5, 'f1-score': 0.4864864864864865, 'support': 54.0}, '1': {'precision': 0.5909090909090909, 'recall': 0.5652173913043478, 'f1-score': 0.5777777777777777, 'support': 69.0}, 'accuracy': 0.5365853658536586, 'macro avg': {'precision': 0.5322966507177034, 'recall': 0.5326086956521738, 'f1-score': 0.5321321321321322, 'support': 123.0}, 'weighted avg': {'precision': 0.5394445092776287, 'recall': 0.5365853658536586, 'f1-score': 0.5376986742840401, 'support': 123.0}}","[[27 27]
 [30 39]]"
1280,300,0.05,70,10,gbdt,0.7,0.4876694214876033,0.5,"{'0': {'precision': 0.43283582089552236, 'recall': 0.5370370370370371, 'f1-score': 0.4793388429752066, 'support': 54.0}, '1': {'precision': 0.5535714285714286, 'recall': 0.4492753623188406, 'f1-score': 0.496, 'support': 69.0}, 'accuracy': 0.4878048780487805, 'macro avg': {'precision': 0.49320362473347545, 'recall': 0.49315619967793883, 'f1-score': 0.4876694214876033, 'support': 123.0}, 'weighted avg': {'precision': 0.5005655520307869, 'recall': 0.4878048780487805, 'f1-score': 0.4886853456964321, 'support': 123.0}}","[[29 25]
 [38 31]]"
1281,300,0.05,70,10,gbdt,0.8,0.4779840848806366,0.4,"{'0': {'precision': 0.41935483870967744, 'recall': 0.48148148148148145, 'f1-score': 0.4482758620689655, 'support': 54.0}, '1': {'precision': 0.5409836065573771, 'recall': 0.4782608695652174, 'f1-score': 0.5076923076923077, 'support': 69.0}, 'accuracy': 0.4796747967479675, 'macro avg': {'precision': 0.48016922263352724, 'recall': 0.47987117552334946, 'f1-score': 0.4779840848806366, 'support': 123.0}, 'weighted avg': {'precision': 0.48758561091692354, 'recall': 0.4796747967479675, 'f1-score': 0.4816070388820599, 'support': 123.0}}","[[26 28]
 [36 33]]"
1282,300,0.05,70,10,gbdt,0.8,0.5321321321321322,0.4,"{'0': {'precision': 0.47368421052631576, 'recall': 0.5, 'f1-score': 0.4864864864864865, 'support': 54.0}, '1': {'precision': 0.5909090909090909, 'recall': 0.5652173913043478, 'f1-score': 0.5777777777777777, 'support': 69.0}, 'accuracy': 0.5365853658536586, 'macro avg': {'precision': 0.5322966507177034, 'recall': 0.5326086956521738, 'f1-score': 0.5321321321321322, 'support': 123.0}, 'weighted avg': {'precision': 0.5394445092776287, 'recall': 0.5365853658536586, 'f1-score': 0.5376986742840401, 'support': 123.0}}","[[27 27]
 [30 39]]"
1283,300,0.05,70,10,gbdt,0.8,0.4876694214876033,0.5,"{'0': {'precision': 0.43283582089552236, 'recall': 0.5370370370370371, 'f1-score': 0.4793388429752066, 'support': 54.0}, '1': {'precision': 0.5535714285714286, 'recall': 0.4492753623188406, 'f1-score': 0.496, 'support': 69.0}, 'accuracy': 0.4878048780487805, 'macro avg': {'precision': 0.49320362473347545, 'recall': 0.49315619967793883, 'f1-score': 0.4876694214876033, 'support': 123.0}, 'weighted avg': {'precision': 0.5005655520307869, 'recall': 0.4878048780487805, 'f1-score': 0.4886853456964321, 'support': 123.0}}","[[29 25]
 [38 31]]"
1284,300,0.05,70,10,gbdt,1.0,0.4779840848806366,0.4,"{'0': {'precision': 0.41935483870967744, 'recall': 0.48148148148148145, 'f1-score': 0.4482758620689655, 'support': 54.0}, '1': {'precision': 0.5409836065573771, 'recall': 0.4782608695652174, 'f1-score': 0.5076923076923077, 'support': 69.0}, 'accuracy': 0.4796747967479675, 'macro avg': {'precision': 0.48016922263352724, 'recall': 0.47987117552334946, 'f1-score': 0.4779840848806366, 'support': 123.0}, 'weighted avg': {'precision': 0.48758561091692354, 'recall': 0.4796747967479675, 'f1-score': 0.4816070388820599, 'support': 123.0}}","[[26 28]
 [36 33]]"
1285,300,0.05,70,10,gbdt,1.0,0.5321321321321322,0.4,"{'0': {'precision': 0.47368421052631576, 'recall': 0.5, 'f1-score': 0.4864864864864865, 'support': 54.0}, '1': {'precision': 0.5909090909090909, 'recall': 0.5652173913043478, 'f1-score': 0.5777777777777777, 'support': 69.0}, 'accuracy': 0.5365853658536586, 'macro avg': {'precision': 0.5322966507177034, 'recall': 0.5326086956521738, 'f1-score': 0.5321321321321322, 'support': 123.0}, 'weighted avg': {'precision': 0.5394445092776287, 'recall': 0.5365853658536586, 'f1-score': 0.5376986742840401, 'support': 123.0}}","[[27 27]
 [30 39]]"
1286,300,0.05,70,10,gbdt,1.0,0.4876694214876033,0.5,"{'0': {'precision': 0.43283582089552236, 'recall': 0.5370370370370371, 'f1-score': 0.4793388429752066, 'support': 54.0}, '1': {'precision': 0.5535714285714286, 'recall': 0.4492753623188406, 'f1-score': 0.496, 'support': 69.0}, 'accuracy': 0.4878048780487805, 'macro avg': {'precision': 0.49320362473347545, 'recall': 0.49315619967793883, 'f1-score': 0.4876694214876033, 'support': 123.0}, 'weighted avg': {'precision': 0.5005655520307869, 'recall': 0.4878048780487805, 'f1-score': 0.4886853456964321, 'support': 123.0}}","[[29 25]
 [38 31]]"
1287,300,0.05,70,10,dart,0.7,0.5039338842975207,0.5,"{'0': {'precision': 0.44776119402985076, 'recall': 0.5555555555555556, 'f1-score': 0.49586776859504134, 'support': 54.0}, '1': {'precision': 0.5714285714285714, 'recall': 0.463768115942029, 'f1-score': 0.512, 'support': 69.0}, 'accuracy': 0.5040650406504065, 'macro avg': {'precision': 0.509594882729211, 'recall': 0.5096618357487923, 'f1-score': 0.5039338842975207, 'support': 123.0}, 'weighted avg': {'precision': 0.5171355764730354, 'recall': 0.5040650406504065, 'f1-score': 0.5049175569441645, 'support': 123.0}}","[[30 24]
 [37 32]]"
1288,300,0.05,70,10,dart,0.7,0.4872626215840667,0.5,"{'0': {'precision': 0.4383561643835616, 'recall': 0.5925925925925926, 'f1-score': 0.5039370078740157, 'support': 54.0}, '1': {'precision': 0.56, 'recall': 0.4057971014492754, 'f1-score': 0.47058823529411764, 'support': 69.0}, 'accuracy': 0.4878048780487805, 'macro avg': {'precision': 0.49917808219178084, 'recall': 0.499194847020934, 'f1-score': 0.4872626215840667, 'support': 123.0}, 'weighted avg': {'precision': 0.5065953892415637, 'recall': 0.4878048780487805, 'f1-score': 0.48522915984139, 'support': 123.0}}","[[32 22]
 [41 28]]"
1289,300,0.05,70,10,dart,0.7,0.4765957446808511,0.4,"{'0': {'precision': 0.4117647058823529, 'recall': 0.3888888888888889, 'f1-score': 0.4, 'support': 54.0}, '1': {'precision': 0.5416666666666666, 'recall': 0.5652173913043478, 'f1-score': 0.5531914893617021, 'support': 69.0}, 'accuracy': 0.4878048780487805, 'macro avg': {'precision': 0.4767156862745098, 'recall': 0.47705314009661837, 'f1-score': 0.4765957446808511, 'support': 123.0}, 'weighted avg': {'precision': 0.484636537541846, 'recall': 0.4878048780487805, 'f1-score': 0.48593668915412563, 'support': 123.0}}","[[21 33]
 [30 39]]"
1290,300,0.05,70,10,dart,0.8,0.5039338842975207,0.5,"{'0': {'precision': 0.44776119402985076, 'recall': 0.5555555555555556, 'f1-score': 0.49586776859504134, 'support': 54.0}, '1': {'precision': 0.5714285714285714, 'recall': 0.463768115942029, 'f1-score': 0.512, 'support': 69.0}, 'accuracy': 0.5040650406504065, 'macro avg': {'precision': 0.509594882729211, 'recall': 0.5096618357487923, 'f1-score': 0.5039338842975207, 'support': 123.0}, 'weighted avg': {'precision': 0.5171355764730354, 'recall': 0.5040650406504065, 'f1-score': 0.5049175569441645, 'support': 123.0}}","[[30 24]
 [37 32]]"
1291,300,0.05,70,10,dart,0.8,0.4872626215840667,0.5,"{'0': {'precision': 0.4383561643835616, 'recall': 0.5925925925925926, 'f1-score': 0.5039370078740157, 'support': 54.0}, '1': {'precision': 0.56, 'recall': 0.4057971014492754, 'f1-score': 0.47058823529411764, 'support': 69.0}, 'accuracy': 0.4878048780487805, 'macro avg': {'precision': 0.49917808219178084, 'recall': 0.499194847020934, 'f1-score': 0.4872626215840667, 'support': 123.0}, 'weighted avg': {'precision': 0.5065953892415637, 'recall': 0.4878048780487805, 'f1-score': 0.48522915984139, 'support': 123.0}}","[[32 22]
 [41 28]]"
1292,300,0.05,70,10,dart,0.8,0.4765957446808511,0.4,"{'0': {'precision': 0.4117647058823529, 'recall': 0.3888888888888889, 'f1-score': 0.4, 'support': 54.0}, '1': {'precision': 0.5416666666666666, 'recall': 0.5652173913043478, 'f1-score': 0.5531914893617021, 'support': 69.0}, 'accuracy': 0.4878048780487805, 'macro avg': {'precision': 0.4767156862745098, 'recall': 0.47705314009661837, 'f1-score': 0.4765957446808511, 'support': 123.0}, 'weighted avg': {'precision': 0.484636537541846, 'recall': 0.4878048780487805, 'f1-score': 0.48593668915412563, 'support': 123.0}}","[[21 33]
 [30 39]]"
1293,300,0.05,70,10,dart,1.0,0.5039338842975207,0.5,"{'0': {'precision': 0.44776119402985076, 'recall': 0.5555555555555556, 'f1-score': 0.49586776859504134, 'support': 54.0}, '1': {'precision': 0.5714285714285714, 'recall': 0.463768115942029, 'f1-score': 0.512, 'support': 69.0}, 'accuracy': 0.5040650406504065, 'macro avg': {'precision': 0.509594882729211, 'recall': 0.5096618357487923, 'f1-score': 0.5039338842975207, 'support': 123.0}, 'weighted avg': {'precision': 0.5171355764730354, 'recall': 0.5040650406504065, 'f1-score': 0.5049175569441645, 'support': 123.0}}","[[30 24]
 [37 32]]"
1294,300,0.05,70,10,dart,1.0,0.4872626215840667,0.5,"{'0': {'precision': 0.4383561643835616, 'recall': 0.5925925925925926, 'f1-score': 0.5039370078740157, 'support': 54.0}, '1': {'precision': 0.56, 'recall': 0.4057971014492754, 'f1-score': 0.47058823529411764, 'support': 69.0}, 'accuracy': 0.4878048780487805, 'macro avg': {'precision': 0.49917808219178084, 'recall': 0.499194847020934, 'f1-score': 0.4872626215840667, 'support': 123.0}, 'weighted avg': {'precision': 0.5065953892415637, 'recall': 0.4878048780487805, 'f1-score': 0.48522915984139, 'support': 123.0}}","[[32 22]
 [41 28]]"
1295,300,0.05,70,10,dart,1.0,0.4765957446808511,0.4,"{'0': {'precision': 0.4117647058823529, 'recall': 0.3888888888888889, 'f1-score': 0.4, 'support': 54.0}, '1': {'precision': 0.5416666666666666, 'recall': 0.5652173913043478, 'f1-score': 0.5531914893617021, 'support': 69.0}, 'accuracy': 0.4878048780487805, 'macro avg': {'precision': 0.4767156862745098, 'recall': 0.47705314009661837, 'f1-score': 0.4765957446808511, 'support': 123.0}, 'weighted avg': {'precision': 0.484636537541846, 'recall': 0.4878048780487805, 'f1-score': 0.48593668915412563, 'support': 123.0}}","[[21 33]
 [30 39]]"
1296,300,0.1,31,-1,gbdt,0.7,0.51692849404117,0.2,"{'0': {'precision': 0.46, 'recall': 0.42592592592592593, 'f1-score': 0.4423076923076923, 'support': 54.0}, '1': {'precision': 0.5753424657534246, 'recall': 0.6086956521739131, 'f1-score': 0.5915492957746479, 'support': 69.0}, 'accuracy': 0.5284552845528455, 'macro avg': {'precision': 0.5176712328767124, 'recall': 0.5173107890499196, 'f1-score': 0.51692849404117, 'support': 123.0}, 'weighted avg': {'precision': 0.5247043100567992, 'recall': 0.5284552845528455, 'f1-score': 0.5260285918135454, 'support': 123.0}}","[[23 31]
 [27 42]]"
1297,300,0.1,31,-1,gbdt,0.7,0.5346166611350813,0.4,"{'0': {'precision': 0.47540983606557374, 'recall': 0.5370370370370371, 'f1-score': 0.5043478260869565, 'support': 54.0}, '1': {'precision': 0.5967741935483871, 'recall': 0.5362318840579711, 'f1-score': 0.5648854961832062, 'support': 69.0}, 'accuracy': 0.5365853658536586, 'macro avg': {'precision': 0.5360920148069804, 'recall': 0.5366344605475041, 'f1-score': 0.5346166611350813, 'support': 123.0}, 'weighted avg': {'precision': 0.5434922805071519, 'recall': 0.5365853658536586, 'f1-score': 0.5383079824824136, 'support': 123.0}}","[[29 25]
 [32 37]]"
1298,300,0.1,31,-1,gbdt,0.7,0.5039338842975207,0.5,"{'0': {'precision': 0.4507042253521127, 'recall': 0.5925925925925926, 'f1-score': 0.512, 'support': 54.0}, '1': {'precision': 0.5769230769230769, 'recall': 0.43478260869565216, 'f1-score': 0.49586776859504134, 'support': 69.0}, 'accuracy': 0.5040650406504065, 'macro avg': {'precision': 0.5138136511375948, 'recall': 0.5136876006441223, 'f1-score': 0.5039338842975207, 'support': 123.0}, 'weighted avg': {'precision': 0.5215099225748486, 'recall': 0.5040650406504065, 'f1-score': 0.5029502116508769, 'support': 123.0}}","[[32 22]
 [39 30]]"
1299,300,0.1,31,-1,gbdt,0.8,0.51692849404117,0.2,"{'0': {'precision': 0.46, 'recall': 0.42592592592592593, 'f1-score': 0.4423076923076923, 'support': 54.0}, '1': {'precision': 0.5753424657534246, 'recall': 0.6086956521739131, 'f1-score': 0.5915492957746479, 'support': 69.0}, 'accuracy': 0.5284552845528455, 'macro avg': {'precision': 0.5176712328767124, 'recall': 0.5173107890499196, 'f1-score': 0.51692849404117, 'support': 123.0}, 'weighted avg': {'precision': 0.5247043100567992, 'recall': 0.5284552845528455, 'f1-score': 0.5260285918135454, 'support': 123.0}}","[[23 31]
 [27 42]]"
1300,300,0.1,31,-1,gbdt,0.8,0.5346166611350813,0.4,"{'0': {'precision': 0.47540983606557374, 'recall': 0.5370370370370371, 'f1-score': 0.5043478260869565, 'support': 54.0}, '1': {'precision': 0.5967741935483871, 'recall': 0.5362318840579711, 'f1-score': 0.5648854961832062, 'support': 69.0}, 'accuracy': 0.5365853658536586, 'macro avg': {'precision': 0.5360920148069804, 'recall': 0.5366344605475041, 'f1-score': 0.5346166611350813, 'support': 123.0}, 'weighted avg': {'precision': 0.5434922805071519, 'recall': 0.5365853658536586, 'f1-score': 0.5383079824824136, 'support': 123.0}}","[[29 25]
 [32 37]]"
1301,300,0.1,31,-1,gbdt,0.8,0.5039338842975207,0.5,"{'0': {'precision': 0.4507042253521127, 'recall': 0.5925925925925926, 'f1-score': 0.512, 'support': 54.0}, '1': {'precision': 0.5769230769230769, 'recall': 0.43478260869565216, 'f1-score': 0.49586776859504134, 'support': 69.0}, 'accuracy': 0.5040650406504065, 'macro avg': {'precision': 0.5138136511375948, 'recall': 0.5136876006441223, 'f1-score': 0.5039338842975207, 'support': 123.0}, 'weighted avg': {'precision': 0.5215099225748486, 'recall': 0.5040650406504065, 'f1-score': 0.5029502116508769, 'support': 123.0}}","[[32 22]
 [39 30]]"
1302,300,0.1,31,-1,gbdt,1.0,0.51692849404117,0.2,"{'0': {'precision': 0.46, 'recall': 0.42592592592592593, 'f1-score': 0.4423076923076923, 'support': 54.0}, '1': {'precision': 0.5753424657534246, 'recall': 0.6086956521739131, 'f1-score': 0.5915492957746479, 'support': 69.0}, 'accuracy': 0.5284552845528455, 'macro avg': {'precision': 0.5176712328767124, 'recall': 0.5173107890499196, 'f1-score': 0.51692849404117, 'support': 123.0}, 'weighted avg': {'precision': 0.5247043100567992, 'recall': 0.5284552845528455, 'f1-score': 0.5260285918135454, 'support': 123.0}}","[[23 31]
 [27 42]]"
1303,300,0.1,31,-1,gbdt,1.0,0.5346166611350813,0.4,"{'0': {'precision': 0.47540983606557374, 'recall': 0.5370370370370371, 'f1-score': 0.5043478260869565, 'support': 54.0}, '1': {'precision': 0.5967741935483871, 'recall': 0.5362318840579711, 'f1-score': 0.5648854961832062, 'support': 69.0}, 'accuracy': 0.5365853658536586, 'macro avg': {'precision': 0.5360920148069804, 'recall': 0.5366344605475041, 'f1-score': 0.5346166611350813, 'support': 123.0}, 'weighted avg': {'precision': 0.5434922805071519, 'recall': 0.5365853658536586, 'f1-score': 0.5383079824824136, 'support': 123.0}}","[[29 25]
 [32 37]]"
1304,300,0.1,31,-1,gbdt,1.0,0.5039338842975207,0.5,"{'0': {'precision': 0.4507042253521127, 'recall': 0.5925925925925926, 'f1-score': 0.512, 'support': 54.0}, '1': {'precision': 0.5769230769230769, 'recall': 0.43478260869565216, 'f1-score': 0.49586776859504134, 'support': 69.0}, 'accuracy': 0.5040650406504065, 'macro avg': {'precision': 0.5138136511375948, 'recall': 0.5136876006441223, 'f1-score': 0.5039338842975207, 'support': 123.0}, 'weighted avg': {'precision': 0.5215099225748486, 'recall': 0.5040650406504065, 'f1-score': 0.5029502116508769, 'support': 123.0}}","[[32 22]
 [39 30]]"
1305,300,0.1,31,-1,dart,0.7,0.51692849404117,0.4,"{'0': {'precision': 0.46, 'recall': 0.42592592592592593, 'f1-score': 0.4423076923076923, 'support': 54.0}, '1': {'precision': 0.5753424657534246, 'recall': 0.6086956521739131, 'f1-score': 0.5915492957746479, 'support': 69.0}, 'accuracy': 0.5284552845528455, 'macro avg': {'precision': 0.5176712328767124, 'recall': 0.5173107890499196, 'f1-score': 0.51692849404117, 'support': 123.0}, 'weighted avg': {'precision': 0.5247043100567992, 'recall': 0.5284552845528455, 'f1-score': 0.5260285918135454, 'support': 123.0}}","[[23 31]
 [27 42]]"
1306,300,0.1,31,-1,dart,0.7,0.5039338842975207,0.5,"{'0': {'precision': 0.4507042253521127, 'recall': 0.5925925925925926, 'f1-score': 0.512, 'support': 54.0}, '1': {'precision': 0.5769230769230769, 'recall': 0.43478260869565216, 'f1-score': 0.49586776859504134, 'support': 69.0}, 'accuracy': 0.5040650406504065, 'macro avg': {'precision': 0.5138136511375948, 'recall': 0.5136876006441223, 'f1-score': 0.5039338842975207, 'support': 123.0}, 'weighted avg': {'precision': 0.5215099225748486, 'recall': 0.5040650406504065, 'f1-score': 0.5029502116508769, 'support': 123.0}}","[[32 22]
 [39 30]]"
1307,300,0.1,31,-1,dart,0.7,0.4630952380952381,0.5,"{'0': {'precision': 0.4166666666666667, 'recall': 0.5555555555555556, 'f1-score': 0.47619047619047616, 'support': 54.0}, '1': {'precision': 0.5294117647058824, 'recall': 0.391304347826087, 'f1-score': 0.45, 'support': 69.0}, 'accuracy': 0.4634146341463415, 'macro avg': {'precision': 0.4730392156862745, 'recall': 0.47342995169082125, 'f1-score': 0.4630952380952381, 'support': 123.0}, 'weighted avg': {'precision': 0.4799139167862267, 'recall': 0.4634146341463415, 'f1-score': 0.46149825783972126, 'support': 123.0}}","[[30 24]
 [42 27]]"
1308,300,0.1,31,-1,dart,0.8,0.51692849404117,0.4,"{'0': {'precision': 0.46, 'recall': 0.42592592592592593, 'f1-score': 0.4423076923076923, 'support': 54.0}, '1': {'precision': 0.5753424657534246, 'recall': 0.6086956521739131, 'f1-score': 0.5915492957746479, 'support': 69.0}, 'accuracy': 0.5284552845528455, 'macro avg': {'precision': 0.5176712328767124, 'recall': 0.5173107890499196, 'f1-score': 0.51692849404117, 'support': 123.0}, 'weighted avg': {'precision': 0.5247043100567992, 'recall': 0.5284552845528455, 'f1-score': 0.5260285918135454, 'support': 123.0}}","[[23 31]
 [27 42]]"
1309,300,0.1,31,-1,dart,0.8,0.5039338842975207,0.5,"{'0': {'precision': 0.4507042253521127, 'recall': 0.5925925925925926, 'f1-score': 0.512, 'support': 54.0}, '1': {'precision': 0.5769230769230769, 'recall': 0.43478260869565216, 'f1-score': 0.49586776859504134, 'support': 69.0}, 'accuracy': 0.5040650406504065, 'macro avg': {'precision': 0.5138136511375948, 'recall': 0.5136876006441223, 'f1-score': 0.5039338842975207, 'support': 123.0}, 'weighted avg': {'precision': 0.5215099225748486, 'recall': 0.5040650406504065, 'f1-score': 0.5029502116508769, 'support': 123.0}}","[[32 22]
 [39 30]]"
1310,300,0.1,31,-1,dart,0.8,0.4630952380952381,0.5,"{'0': {'precision': 0.4166666666666667, 'recall': 0.5555555555555556, 'f1-score': 0.47619047619047616, 'support': 54.0}, '1': {'precision': 0.5294117647058824, 'recall': 0.391304347826087, 'f1-score': 0.45, 'support': 69.0}, 'accuracy': 0.4634146341463415, 'macro avg': {'precision': 0.4730392156862745, 'recall': 0.47342995169082125, 'f1-score': 0.4630952380952381, 'support': 123.0}, 'weighted avg': {'precision': 0.4799139167862267, 'recall': 0.4634146341463415, 'f1-score': 0.46149825783972126, 'support': 123.0}}","[[30 24]
 [42 27]]"
1311,300,0.1,31,-1,dart,1.0,0.51692849404117,0.4,"{'0': {'precision': 0.46, 'recall': 0.42592592592592593, 'f1-score': 0.4423076923076923, 'support': 54.0}, '1': {'precision': 0.5753424657534246, 'recall': 0.6086956521739131, 'f1-score': 0.5915492957746479, 'support': 69.0}, 'accuracy': 0.5284552845528455, 'macro avg': {'precision': 0.5176712328767124, 'recall': 0.5173107890499196, 'f1-score': 0.51692849404117, 'support': 123.0}, 'weighted avg': {'precision': 0.5247043100567992, 'recall': 0.5284552845528455, 'f1-score': 0.5260285918135454, 'support': 123.0}}","[[23 31]
 [27 42]]"
1312,300,0.1,31,-1,dart,1.0,0.5039338842975207,0.5,"{'0': {'precision': 0.4507042253521127, 'recall': 0.5925925925925926, 'f1-score': 0.512, 'support': 54.0}, '1': {'precision': 0.5769230769230769, 'recall': 0.43478260869565216, 'f1-score': 0.49586776859504134, 'support': 69.0}, 'accuracy': 0.5040650406504065, 'macro avg': {'precision': 0.5138136511375948, 'recall': 0.5136876006441223, 'f1-score': 0.5039338842975207, 'support': 123.0}, 'weighted avg': {'precision': 0.5215099225748486, 'recall': 0.5040650406504065, 'f1-score': 0.5029502116508769, 'support': 123.0}}","[[32 22]
 [39 30]]"
1313,300,0.1,31,-1,dart,1.0,0.4630952380952381,0.5,"{'0': {'precision': 0.4166666666666667, 'recall': 0.5555555555555556, 'f1-score': 0.47619047619047616, 'support': 54.0}, '1': {'precision': 0.5294117647058824, 'recall': 0.391304347826087, 'f1-score': 0.45, 'support': 69.0}, 'accuracy': 0.4634146341463415, 'macro avg': {'precision': 0.4730392156862745, 'recall': 0.47342995169082125, 'f1-score': 0.4630952380952381, 'support': 123.0}, 'weighted avg': {'precision': 0.4799139167862267, 'recall': 0.4634146341463415, 'f1-score': 0.46149825783972126, 'support': 123.0}}","[[30 24]
 [42 27]]"
1314,300,0.1,31,5,gbdt,0.7,0.5259170653907496,0.4,"{'0': {'precision': 0.4666666666666667, 'recall': 0.5185185185185185, 'f1-score': 0.49122807017543857, 'support': 54.0}, '1': {'precision': 0.5873015873015873, 'recall': 0.5362318840579711, 'f1-score': 0.5606060606060606, 'support': 69.0}, 'accuracy': 0.5284552845528455, 'macro avg': {'precision': 0.526984126984127, 'recall': 0.5273752012882448, 'f1-score': 0.5259170653907496, 'support': 123.0}, 'weighted avg': {'precision': 0.5343399148277197, 'recall': 0.5284552845528455, 'f1-score': 0.5301474306609094, 'support': 123.0}}","[[28 26]
 [32 37]]"
1315,300,0.1,31,5,gbdt,0.7,0.5259170653907496,0.30000000000000004,"{'0': {'precision': 0.4666666666666667, 'recall': 0.5185185185185185, 'f1-score': 0.49122807017543857, 'support': 54.0}, '1': {'precision': 0.5873015873015873, 'recall': 0.5362318840579711, 'f1-score': 0.5606060606060606, 'support': 69.0}, 'accuracy': 0.5284552845528455, 'macro avg': {'precision': 0.526984126984127, 'recall': 0.5273752012882448, 'f1-score': 0.5259170653907496, 'support': 123.0}, 'weighted avg': {'precision': 0.5343399148277197, 'recall': 0.5284552845528455, 'f1-score': 0.5301474306609094, 'support': 123.0}}","[[28 26]
 [32 37]]"
1316,300,0.1,31,5,gbdt,0.7,0.5662386053629649,0.30000000000000004,"{'0': {'precision': 0.5084745762711864, 'recall': 0.5555555555555556, 'f1-score': 0.5309734513274337, 'support': 54.0}, '1': {'precision': 0.625, 'recall': 0.5797101449275363, 'f1-score': 0.6015037593984962, 'support': 69.0}, 'accuracy': 0.5691056910569106, 'macro avg': {'precision': 0.5667372881355932, 'recall': 0.567632850241546, 'f1-score': 0.5662386053629649, 'support': 123.0}, 'weighted avg': {'precision': 0.5738424968995453, 'recall': 0.5691056910569106, 'f1-score': 0.5705392339038834, 'support': 123.0}}","[[30 24]
 [29 40]]"
1317,300,0.1,31,5,gbdt,0.8,0.5259170653907496,0.4,"{'0': {'precision': 0.4666666666666667, 'recall': 0.5185185185185185, 'f1-score': 0.49122807017543857, 'support': 54.0}, '1': {'precision': 0.5873015873015873, 'recall': 0.5362318840579711, 'f1-score': 0.5606060606060606, 'support': 69.0}, 'accuracy': 0.5284552845528455, 'macro avg': {'precision': 0.526984126984127, 'recall': 0.5273752012882448, 'f1-score': 0.5259170653907496, 'support': 123.0}, 'weighted avg': {'precision': 0.5343399148277197, 'recall': 0.5284552845528455, 'f1-score': 0.5301474306609094, 'support': 123.0}}","[[28 26]
 [32 37]]"
1318,300,0.1,31,5,gbdt,0.8,0.5259170653907496,0.30000000000000004,"{'0': {'precision': 0.4666666666666667, 'recall': 0.5185185185185185, 'f1-score': 0.49122807017543857, 'support': 54.0}, '1': {'precision': 0.5873015873015873, 'recall': 0.5362318840579711, 'f1-score': 0.5606060606060606, 'support': 69.0}, 'accuracy': 0.5284552845528455, 'macro avg': {'precision': 0.526984126984127, 'recall': 0.5273752012882448, 'f1-score': 0.5259170653907496, 'support': 123.0}, 'weighted avg': {'precision': 0.5343399148277197, 'recall': 0.5284552845528455, 'f1-score': 0.5301474306609094, 'support': 123.0}}","[[28 26]
 [32 37]]"
1319,300,0.1,31,5,gbdt,0.8,0.5662386053629649,0.30000000000000004,"{'0': {'precision': 0.5084745762711864, 'recall': 0.5555555555555556, 'f1-score': 0.5309734513274337, 'support': 54.0}, '1': {'precision': 0.625, 'recall': 0.5797101449275363, 'f1-score': 0.6015037593984962, 'support': 69.0}, 'accuracy': 0.5691056910569106, 'macro avg': {'precision': 0.5667372881355932, 'recall': 0.567632850241546, 'f1-score': 0.5662386053629649, 'support': 123.0}, 'weighted avg': {'precision': 0.5738424968995453, 'recall': 0.5691056910569106, 'f1-score': 0.5705392339038834, 'support': 123.0}}","[[30 24]
 [29 40]]"
1320,300,0.1,31,5,gbdt,1.0,0.5259170653907496,0.4,"{'0': {'precision': 0.4666666666666667, 'recall': 0.5185185185185185, 'f1-score': 0.49122807017543857, 'support': 54.0}, '1': {'precision': 0.5873015873015873, 'recall': 0.5362318840579711, 'f1-score': 0.5606060606060606, 'support': 69.0}, 'accuracy': 0.5284552845528455, 'macro avg': {'precision': 0.526984126984127, 'recall': 0.5273752012882448, 'f1-score': 0.5259170653907496, 'support': 123.0}, 'weighted avg': {'precision': 0.5343399148277197, 'recall': 0.5284552845528455, 'f1-score': 0.5301474306609094, 'support': 123.0}}","[[28 26]
 [32 37]]"
1321,300,0.1,31,5,gbdt,1.0,0.5259170653907496,0.30000000000000004,"{'0': {'precision': 0.4666666666666667, 'recall': 0.5185185185185185, 'f1-score': 0.49122807017543857, 'support': 54.0}, '1': {'precision': 0.5873015873015873, 'recall': 0.5362318840579711, 'f1-score': 0.5606060606060606, 'support': 69.0}, 'accuracy': 0.5284552845528455, 'macro avg': {'precision': 0.526984126984127, 'recall': 0.5273752012882448, 'f1-score': 0.5259170653907496, 'support': 123.0}, 'weighted avg': {'precision': 0.5343399148277197, 'recall': 0.5284552845528455, 'f1-score': 0.5301474306609094, 'support': 123.0}}","[[28 26]
 [32 37]]"
1322,300,0.1,31,5,gbdt,1.0,0.5662386053629649,0.30000000000000004,"{'0': {'precision': 0.5084745762711864, 'recall': 0.5555555555555556, 'f1-score': 0.5309734513274337, 'support': 54.0}, '1': {'precision': 0.625, 'recall': 0.5797101449275363, 'f1-score': 0.6015037593984962, 'support': 69.0}, 'accuracy': 0.5691056910569106, 'macro avg': {'precision': 0.5667372881355932, 'recall': 0.567632850241546, 'f1-score': 0.5662386053629649, 'support': 123.0}, 'weighted avg': {'precision': 0.5738424968995453, 'recall': 0.5691056910569106, 'f1-score': 0.5705392339038834, 'support': 123.0}}","[[30 24]
 [29 40]]"
1323,300,0.1,31,5,dart,0.7,0.49563492063492065,0.5,"{'0': {'precision': 0.4444444444444444, 'recall': 0.5925925925925926, 'f1-score': 0.5079365079365079, 'support': 54.0}, '1': {'precision': 0.5686274509803921, 'recall': 0.42028985507246375, 'f1-score': 0.48333333333333334, 'support': 69.0}, 'accuracy': 0.4959349593495935, 'macro avg': {'precision': 0.5065359477124183, 'recall': 0.5064412238325282, 'f1-score': 0.49563492063492065, 'support': 123.0}, 'weighted avg': {'precision': 0.5141080822572932, 'recall': 0.4959349593495935, 'f1-score': 0.4941347270615563, 'support': 123.0}}","[[32 22]
 [40 29]]"
1324,300,0.1,31,5,dart,0.7,0.5201983471074381,0.5,"{'0': {'precision': 0.4647887323943662, 'recall': 0.6111111111111112, 'f1-score': 0.528, 'support': 54.0}, '1': {'precision': 0.5961538461538461, 'recall': 0.4492753623188406, 'f1-score': 0.512396694214876, 'support': 69.0}, 'accuracy': 0.5203252032520326, 'macro avg': {'precision': 0.5304712892741061, 'recall': 0.5301932367149759, 'f1-score': 0.5201983471074381, 'support': 123.0}, 'weighted avg': {'precision': 0.5384813571862697, 'recall': 0.5203252032520326, 'f1-score': 0.5192469260229792, 'support': 123.0}}","[[33 21]
 [38 31]]"
1325,300,0.1,31,5,dart,0.7,0.5039338842975207,0.5,"{'0': {'precision': 0.44776119402985076, 'recall': 0.5555555555555556, 'f1-score': 0.49586776859504134, 'support': 54.0}, '1': {'precision': 0.5714285714285714, 'recall': 0.463768115942029, 'f1-score': 0.512, 'support': 69.0}, 'accuracy': 0.5040650406504065, 'macro avg': {'precision': 0.509594882729211, 'recall': 0.5096618357487923, 'f1-score': 0.5039338842975207, 'support': 123.0}, 'weighted avg': {'precision': 0.5171355764730354, 'recall': 0.5040650406504065, 'f1-score': 0.5049175569441645, 'support': 123.0}}","[[30 24]
 [37 32]]"
1326,300,0.1,31,5,dart,0.8,0.49563492063492065,0.5,"{'0': {'precision': 0.4444444444444444, 'recall': 0.5925925925925926, 'f1-score': 0.5079365079365079, 'support': 54.0}, '1': {'precision': 0.5686274509803921, 'recall': 0.42028985507246375, 'f1-score': 0.48333333333333334, 'support': 69.0}, 'accuracy': 0.4959349593495935, 'macro avg': {'precision': 0.5065359477124183, 'recall': 0.5064412238325282, 'f1-score': 0.49563492063492065, 'support': 123.0}, 'weighted avg': {'precision': 0.5141080822572932, 'recall': 0.4959349593495935, 'f1-score': 0.4941347270615563, 'support': 123.0}}","[[32 22]
 [40 29]]"
1327,300,0.1,31,5,dart,0.8,0.5201983471074381,0.5,"{'0': {'precision': 0.4647887323943662, 'recall': 0.6111111111111112, 'f1-score': 0.528, 'support': 54.0}, '1': {'precision': 0.5961538461538461, 'recall': 0.4492753623188406, 'f1-score': 0.512396694214876, 'support': 69.0}, 'accuracy': 0.5203252032520326, 'macro avg': {'precision': 0.5304712892741061, 'recall': 0.5301932367149759, 'f1-score': 0.5201983471074381, 'support': 123.0}, 'weighted avg': {'precision': 0.5384813571862697, 'recall': 0.5203252032520326, 'f1-score': 0.5192469260229792, 'support': 123.0}}","[[33 21]
 [38 31]]"
1328,300,0.1,31,5,dart,0.8,0.5039338842975207,0.5,"{'0': {'precision': 0.44776119402985076, 'recall': 0.5555555555555556, 'f1-score': 0.49586776859504134, 'support': 54.0}, '1': {'precision': 0.5714285714285714, 'recall': 0.463768115942029, 'f1-score': 0.512, 'support': 69.0}, 'accuracy': 0.5040650406504065, 'macro avg': {'precision': 0.509594882729211, 'recall': 0.5096618357487923, 'f1-score': 0.5039338842975207, 'support': 123.0}, 'weighted avg': {'precision': 0.5171355764730354, 'recall': 0.5040650406504065, 'f1-score': 0.5049175569441645, 'support': 123.0}}","[[30 24]
 [37 32]]"
1329,300,0.1,31,5,dart,1.0,0.49563492063492065,0.5,"{'0': {'precision': 0.4444444444444444, 'recall': 0.5925925925925926, 'f1-score': 0.5079365079365079, 'support': 54.0}, '1': {'precision': 0.5686274509803921, 'recall': 0.42028985507246375, 'f1-score': 0.48333333333333334, 'support': 69.0}, 'accuracy': 0.4959349593495935, 'macro avg': {'precision': 0.5065359477124183, 'recall': 0.5064412238325282, 'f1-score': 0.49563492063492065, 'support': 123.0}, 'weighted avg': {'precision': 0.5141080822572932, 'recall': 0.4959349593495935, 'f1-score': 0.4941347270615563, 'support': 123.0}}","[[32 22]
 [40 29]]"
1330,300,0.1,31,5,dart,1.0,0.5201983471074381,0.5,"{'0': {'precision': 0.4647887323943662, 'recall': 0.6111111111111112, 'f1-score': 0.528, 'support': 54.0}, '1': {'precision': 0.5961538461538461, 'recall': 0.4492753623188406, 'f1-score': 0.512396694214876, 'support': 69.0}, 'accuracy': 0.5203252032520326, 'macro avg': {'precision': 0.5304712892741061, 'recall': 0.5301932367149759, 'f1-score': 0.5201983471074381, 'support': 123.0}, 'weighted avg': {'precision': 0.5384813571862697, 'recall': 0.5203252032520326, 'f1-score': 0.5192469260229792, 'support': 123.0}}","[[33 21]
 [38 31]]"
1331,300,0.1,31,5,dart,1.0,0.5039338842975207,0.5,"{'0': {'precision': 0.44776119402985076, 'recall': 0.5555555555555556, 'f1-score': 0.49586776859504134, 'support': 54.0}, '1': {'precision': 0.5714285714285714, 'recall': 0.463768115942029, 'f1-score': 0.512, 'support': 69.0}, 'accuracy': 0.5040650406504065, 'macro avg': {'precision': 0.509594882729211, 'recall': 0.5096618357487923, 'f1-score': 0.5039338842975207, 'support': 123.0}, 'weighted avg': {'precision': 0.5171355764730354, 'recall': 0.5040650406504065, 'f1-score': 0.5049175569441645, 'support': 123.0}}","[[30 24]
 [37 32]]"
1332,300,0.1,31,10,gbdt,0.7,0.51692849404117,0.2,"{'0': {'precision': 0.46, 'recall': 0.42592592592592593, 'f1-score': 0.4423076923076923, 'support': 54.0}, '1': {'precision': 0.5753424657534246, 'recall': 0.6086956521739131, 'f1-score': 0.5915492957746479, 'support': 69.0}, 'accuracy': 0.5284552845528455, 'macro avg': {'precision': 0.5176712328767124, 'recall': 0.5173107890499196, 'f1-score': 0.51692849404117, 'support': 123.0}, 'weighted avg': {'precision': 0.5247043100567992, 'recall': 0.5284552845528455, 'f1-score': 0.5260285918135454, 'support': 123.0}}","[[23 31]
 [27 42]]"
1333,300,0.1,31,10,gbdt,0.7,0.5346166611350813,0.4,"{'0': {'precision': 0.47540983606557374, 'recall': 0.5370370370370371, 'f1-score': 0.5043478260869565, 'support': 54.0}, '1': {'precision': 0.5967741935483871, 'recall': 0.5362318840579711, 'f1-score': 0.5648854961832062, 'support': 69.0}, 'accuracy': 0.5365853658536586, 'macro avg': {'precision': 0.5360920148069804, 'recall': 0.5366344605475041, 'f1-score': 0.5346166611350813, 'support': 123.0}, 'weighted avg': {'precision': 0.5434922805071519, 'recall': 0.5365853658536586, 'f1-score': 0.5383079824824136, 'support': 123.0}}","[[29 25]
 [32 37]]"
1334,300,0.1,31,10,gbdt,0.7,0.49187100213219614,0.7000000000000001,"{'0': {'precision': 0.45, 'recall': 0.6666666666666666, 'f1-score': 0.5373134328358209, 'support': 54.0}, '1': {'precision': 0.5813953488372093, 'recall': 0.36231884057971014, 'f1-score': 0.44642857142857145, 'support': 69.0}, 'accuracy': 0.4959349593495935, 'macro avg': {'precision': 0.5156976744186047, 'recall': 0.5144927536231884, 'f1-score': 0.49187100213219614, 'support': 123.0}, 'weighted avg': {'precision': 0.5237095859330686, 'recall': 0.4959349593495935, 'f1-score': 0.48632924229029073, 'support': 123.0}}","[[36 18]
 [44 25]]"
1335,300,0.1,31,10,gbdt,0.8,0.51692849404117,0.2,"{'0': {'precision': 0.46, 'recall': 0.42592592592592593, 'f1-score': 0.4423076923076923, 'support': 54.0}, '1': {'precision': 0.5753424657534246, 'recall': 0.6086956521739131, 'f1-score': 0.5915492957746479, 'support': 69.0}, 'accuracy': 0.5284552845528455, 'macro avg': {'precision': 0.5176712328767124, 'recall': 0.5173107890499196, 'f1-score': 0.51692849404117, 'support': 123.0}, 'weighted avg': {'precision': 0.5247043100567992, 'recall': 0.5284552845528455, 'f1-score': 0.5260285918135454, 'support': 123.0}}","[[23 31]
 [27 42]]"
1336,300,0.1,31,10,gbdt,0.8,0.5346166611350813,0.4,"{'0': {'precision': 0.47540983606557374, 'recall': 0.5370370370370371, 'f1-score': 0.5043478260869565, 'support': 54.0}, '1': {'precision': 0.5967741935483871, 'recall': 0.5362318840579711, 'f1-score': 0.5648854961832062, 'support': 69.0}, 'accuracy': 0.5365853658536586, 'macro avg': {'precision': 0.5360920148069804, 'recall': 0.5366344605475041, 'f1-score': 0.5346166611350813, 'support': 123.0}, 'weighted avg': {'precision': 0.5434922805071519, 'recall': 0.5365853658536586, 'f1-score': 0.5383079824824136, 'support': 123.0}}","[[29 25]
 [32 37]]"
1337,300,0.1,31,10,gbdt,0.8,0.49187100213219614,0.7000000000000001,"{'0': {'precision': 0.45, 'recall': 0.6666666666666666, 'f1-score': 0.5373134328358209, 'support': 54.0}, '1': {'precision': 0.5813953488372093, 'recall': 0.36231884057971014, 'f1-score': 0.44642857142857145, 'support': 69.0}, 'accuracy': 0.4959349593495935, 'macro avg': {'precision': 0.5156976744186047, 'recall': 0.5144927536231884, 'f1-score': 0.49187100213219614, 'support': 123.0}, 'weighted avg': {'precision': 0.5237095859330686, 'recall': 0.4959349593495935, 'f1-score': 0.48632924229029073, 'support': 123.0}}","[[36 18]
 [44 25]]"
1338,300,0.1,31,10,gbdt,1.0,0.51692849404117,0.2,"{'0': {'precision': 0.46, 'recall': 0.42592592592592593, 'f1-score': 0.4423076923076923, 'support': 54.0}, '1': {'precision': 0.5753424657534246, 'recall': 0.6086956521739131, 'f1-score': 0.5915492957746479, 'support': 69.0}, 'accuracy': 0.5284552845528455, 'macro avg': {'precision': 0.5176712328767124, 'recall': 0.5173107890499196, 'f1-score': 0.51692849404117, 'support': 123.0}, 'weighted avg': {'precision': 0.5247043100567992, 'recall': 0.5284552845528455, 'f1-score': 0.5260285918135454, 'support': 123.0}}","[[23 31]
 [27 42]]"
1339,300,0.1,31,10,gbdt,1.0,0.5346166611350813,0.4,"{'0': {'precision': 0.47540983606557374, 'recall': 0.5370370370370371, 'f1-score': 0.5043478260869565, 'support': 54.0}, '1': {'precision': 0.5967741935483871, 'recall': 0.5362318840579711, 'f1-score': 0.5648854961832062, 'support': 69.0}, 'accuracy': 0.5365853658536586, 'macro avg': {'precision': 0.5360920148069804, 'recall': 0.5366344605475041, 'f1-score': 0.5346166611350813, 'support': 123.0}, 'weighted avg': {'precision': 0.5434922805071519, 'recall': 0.5365853658536586, 'f1-score': 0.5383079824824136, 'support': 123.0}}","[[29 25]
 [32 37]]"
1340,300,0.1,31,10,gbdt,1.0,0.49187100213219614,0.7000000000000001,"{'0': {'precision': 0.45, 'recall': 0.6666666666666666, 'f1-score': 0.5373134328358209, 'support': 54.0}, '1': {'precision': 0.5813953488372093, 'recall': 0.36231884057971014, 'f1-score': 0.44642857142857145, 'support': 69.0}, 'accuracy': 0.4959349593495935, 'macro avg': {'precision': 0.5156976744186047, 'recall': 0.5144927536231884, 'f1-score': 0.49187100213219614, 'support': 123.0}, 'weighted avg': {'precision': 0.5237095859330686, 'recall': 0.4959349593495935, 'f1-score': 0.48632924229029073, 'support': 123.0}}","[[36 18]
 [44 25]]"
1341,300,0.1,31,10,dart,0.7,0.51692849404117,0.4,"{'0': {'precision': 0.46, 'recall': 0.42592592592592593, 'f1-score': 0.4423076923076923, 'support': 54.0}, '1': {'precision': 0.5753424657534246, 'recall': 0.6086956521739131, 'f1-score': 0.5915492957746479, 'support': 69.0}, 'accuracy': 0.5284552845528455, 'macro avg': {'precision': 0.5176712328767124, 'recall': 0.5173107890499196, 'f1-score': 0.51692849404117, 'support': 123.0}, 'weighted avg': {'precision': 0.5247043100567992, 'recall': 0.5284552845528455, 'f1-score': 0.5260285918135454, 'support': 123.0}}","[[23 31]
 [27 42]]"
1342,300,0.1,31,10,dart,0.7,0.5231283422459893,0.4,"{'0': {'precision': 0.4642857142857143, 'recall': 0.48148148148148145, 'f1-score': 0.4727272727272727, 'support': 54.0}, '1': {'precision': 0.582089552238806, 'recall': 0.5652173913043478, 'f1-score': 0.5735294117647058, 'support': 69.0}, 'accuracy': 0.5284552845528455, 'macro avg': {'precision': 0.5231876332622601, 'recall': 0.5233494363929146, 'f1-score': 0.5231283422459893, 'support': 123.0}, 'weighted avg': {'precision': 0.5303707941130584, 'recall': 0.5284552845528455, 'f1-score': 0.5292748141385156, 'support': 123.0}}","[[26 28]
 [30 39]]"
1343,300,0.1,31,10,dart,0.7,0.4630952380952381,0.5,"{'0': {'precision': 0.4166666666666667, 'recall': 0.5555555555555556, 'f1-score': 0.47619047619047616, 'support': 54.0}, '1': {'precision': 0.5294117647058824, 'recall': 0.391304347826087, 'f1-score': 0.45, 'support': 69.0}, 'accuracy': 0.4634146341463415, 'macro avg': {'precision': 0.4730392156862745, 'recall': 0.47342995169082125, 'f1-score': 0.4630952380952381, 'support': 123.0}, 'weighted avg': {'precision': 0.4799139167862267, 'recall': 0.4634146341463415, 'f1-score': 0.46149825783972126, 'support': 123.0}}","[[30 24]
 [42 27]]"
1344,300,0.1,31,10,dart,0.8,0.51692849404117,0.4,"{'0': {'precision': 0.46, 'recall': 0.42592592592592593, 'f1-score': 0.4423076923076923, 'support': 54.0}, '1': {'precision': 0.5753424657534246, 'recall': 0.6086956521739131, 'f1-score': 0.5915492957746479, 'support': 69.0}, 'accuracy': 0.5284552845528455, 'macro avg': {'precision': 0.5176712328767124, 'recall': 0.5173107890499196, 'f1-score': 0.51692849404117, 'support': 123.0}, 'weighted avg': {'precision': 0.5247043100567992, 'recall': 0.5284552845528455, 'f1-score': 0.5260285918135454, 'support': 123.0}}","[[23 31]
 [27 42]]"
1345,300,0.1,31,10,dart,0.8,0.5231283422459893,0.4,"{'0': {'precision': 0.4642857142857143, 'recall': 0.48148148148148145, 'f1-score': 0.4727272727272727, 'support': 54.0}, '1': {'precision': 0.582089552238806, 'recall': 0.5652173913043478, 'f1-score': 0.5735294117647058, 'support': 69.0}, 'accuracy': 0.5284552845528455, 'macro avg': {'precision': 0.5231876332622601, 'recall': 0.5233494363929146, 'f1-score': 0.5231283422459893, 'support': 123.0}, 'weighted avg': {'precision': 0.5303707941130584, 'recall': 0.5284552845528455, 'f1-score': 0.5292748141385156, 'support': 123.0}}","[[26 28]
 [30 39]]"
1346,300,0.1,31,10,dart,0.8,0.4630952380952381,0.5,"{'0': {'precision': 0.4166666666666667, 'recall': 0.5555555555555556, 'f1-score': 0.47619047619047616, 'support': 54.0}, '1': {'precision': 0.5294117647058824, 'recall': 0.391304347826087, 'f1-score': 0.45, 'support': 69.0}, 'accuracy': 0.4634146341463415, 'macro avg': {'precision': 0.4730392156862745, 'recall': 0.47342995169082125, 'f1-score': 0.4630952380952381, 'support': 123.0}, 'weighted avg': {'precision': 0.4799139167862267, 'recall': 0.4634146341463415, 'f1-score': 0.46149825783972126, 'support': 123.0}}","[[30 24]
 [42 27]]"
1347,300,0.1,31,10,dart,1.0,0.51692849404117,0.4,"{'0': {'precision': 0.46, 'recall': 0.42592592592592593, 'f1-score': 0.4423076923076923, 'support': 54.0}, '1': {'precision': 0.5753424657534246, 'recall': 0.6086956521739131, 'f1-score': 0.5915492957746479, 'support': 69.0}, 'accuracy': 0.5284552845528455, 'macro avg': {'precision': 0.5176712328767124, 'recall': 0.5173107890499196, 'f1-score': 0.51692849404117, 'support': 123.0}, 'weighted avg': {'precision': 0.5247043100567992, 'recall': 0.5284552845528455, 'f1-score': 0.5260285918135454, 'support': 123.0}}","[[23 31]
 [27 42]]"
1348,300,0.1,31,10,dart,1.0,0.5231283422459893,0.4,"{'0': {'precision': 0.4642857142857143, 'recall': 0.48148148148148145, 'f1-score': 0.4727272727272727, 'support': 54.0}, '1': {'precision': 0.582089552238806, 'recall': 0.5652173913043478, 'f1-score': 0.5735294117647058, 'support': 69.0}, 'accuracy': 0.5284552845528455, 'macro avg': {'precision': 0.5231876332622601, 'recall': 0.5233494363929146, 'f1-score': 0.5231283422459893, 'support': 123.0}, 'weighted avg': {'precision': 0.5303707941130584, 'recall': 0.5284552845528455, 'f1-score': 0.5292748141385156, 'support': 123.0}}","[[26 28]
 [30 39]]"
1349,300,0.1,31,10,dart,1.0,0.4630952380952381,0.5,"{'0': {'precision': 0.4166666666666667, 'recall': 0.5555555555555556, 'f1-score': 0.47619047619047616, 'support': 54.0}, '1': {'precision': 0.5294117647058824, 'recall': 0.391304347826087, 'f1-score': 0.45, 'support': 69.0}, 'accuracy': 0.4634146341463415, 'macro avg': {'precision': 0.4730392156862745, 'recall': 0.47342995169082125, 'f1-score': 0.4630952380952381, 'support': 123.0}, 'weighted avg': {'precision': 0.4799139167862267, 'recall': 0.4634146341463415, 'f1-score': 0.46149825783972126, 'support': 123.0}}","[[30 24]
 [42 27]]"
1350,300,0.1,50,-1,gbdt,0.7,0.51692849404117,0.2,"{'0': {'precision': 0.46, 'recall': 0.42592592592592593, 'f1-score': 0.4423076923076923, 'support': 54.0}, '1': {'precision': 0.5753424657534246, 'recall': 0.6086956521739131, 'f1-score': 0.5915492957746479, 'support': 69.0}, 'accuracy': 0.5284552845528455, 'macro avg': {'precision': 0.5176712328767124, 'recall': 0.5173107890499196, 'f1-score': 0.51692849404117, 'support': 123.0}, 'weighted avg': {'precision': 0.5247043100567992, 'recall': 0.5284552845528455, 'f1-score': 0.5260285918135454, 'support': 123.0}}","[[23 31]
 [27 42]]"
1351,300,0.1,50,-1,gbdt,0.7,0.5346166611350813,0.4,"{'0': {'precision': 0.47540983606557374, 'recall': 0.5370370370370371, 'f1-score': 0.5043478260869565, 'support': 54.0}, '1': {'precision': 0.5967741935483871, 'recall': 0.5362318840579711, 'f1-score': 0.5648854961832062, 'support': 69.0}, 'accuracy': 0.5365853658536586, 'macro avg': {'precision': 0.5360920148069804, 'recall': 0.5366344605475041, 'f1-score': 0.5346166611350813, 'support': 123.0}, 'weighted avg': {'precision': 0.5434922805071519, 'recall': 0.5365853658536586, 'f1-score': 0.5383079824824136, 'support': 123.0}}","[[29 25]
 [32 37]]"
1352,300,0.1,50,-1,gbdt,0.7,0.5039338842975207,0.5,"{'0': {'precision': 0.4507042253521127, 'recall': 0.5925925925925926, 'f1-score': 0.512, 'support': 54.0}, '1': {'precision': 0.5769230769230769, 'recall': 0.43478260869565216, 'f1-score': 0.49586776859504134, 'support': 69.0}, 'accuracy': 0.5040650406504065, 'macro avg': {'precision': 0.5138136511375948, 'recall': 0.5136876006441223, 'f1-score': 0.5039338842975207, 'support': 123.0}, 'weighted avg': {'precision': 0.5215099225748486, 'recall': 0.5040650406504065, 'f1-score': 0.5029502116508769, 'support': 123.0}}","[[32 22]
 [39 30]]"
1353,300,0.1,50,-1,gbdt,0.8,0.51692849404117,0.2,"{'0': {'precision': 0.46, 'recall': 0.42592592592592593, 'f1-score': 0.4423076923076923, 'support': 54.0}, '1': {'precision': 0.5753424657534246, 'recall': 0.6086956521739131, 'f1-score': 0.5915492957746479, 'support': 69.0}, 'accuracy': 0.5284552845528455, 'macro avg': {'precision': 0.5176712328767124, 'recall': 0.5173107890499196, 'f1-score': 0.51692849404117, 'support': 123.0}, 'weighted avg': {'precision': 0.5247043100567992, 'recall': 0.5284552845528455, 'f1-score': 0.5260285918135454, 'support': 123.0}}","[[23 31]
 [27 42]]"
1354,300,0.1,50,-1,gbdt,0.8,0.5346166611350813,0.4,"{'0': {'precision': 0.47540983606557374, 'recall': 0.5370370370370371, 'f1-score': 0.5043478260869565, 'support': 54.0}, '1': {'precision': 0.5967741935483871, 'recall': 0.5362318840579711, 'f1-score': 0.5648854961832062, 'support': 69.0}, 'accuracy': 0.5365853658536586, 'macro avg': {'precision': 0.5360920148069804, 'recall': 0.5366344605475041, 'f1-score': 0.5346166611350813, 'support': 123.0}, 'weighted avg': {'precision': 0.5434922805071519, 'recall': 0.5365853658536586, 'f1-score': 0.5383079824824136, 'support': 123.0}}","[[29 25]
 [32 37]]"
1355,300,0.1,50,-1,gbdt,0.8,0.5039338842975207,0.5,"{'0': {'precision': 0.4507042253521127, 'recall': 0.5925925925925926, 'f1-score': 0.512, 'support': 54.0}, '1': {'precision': 0.5769230769230769, 'recall': 0.43478260869565216, 'f1-score': 0.49586776859504134, 'support': 69.0}, 'accuracy': 0.5040650406504065, 'macro avg': {'precision': 0.5138136511375948, 'recall': 0.5136876006441223, 'f1-score': 0.5039338842975207, 'support': 123.0}, 'weighted avg': {'precision': 0.5215099225748486, 'recall': 0.5040650406504065, 'f1-score': 0.5029502116508769, 'support': 123.0}}","[[32 22]
 [39 30]]"
1356,300,0.1,50,-1,gbdt,1.0,0.51692849404117,0.2,"{'0': {'precision': 0.46, 'recall': 0.42592592592592593, 'f1-score': 0.4423076923076923, 'support': 54.0}, '1': {'precision': 0.5753424657534246, 'recall': 0.6086956521739131, 'f1-score': 0.5915492957746479, 'support': 69.0}, 'accuracy': 0.5284552845528455, 'macro avg': {'precision': 0.5176712328767124, 'recall': 0.5173107890499196, 'f1-score': 0.51692849404117, 'support': 123.0}, 'weighted avg': {'precision': 0.5247043100567992, 'recall': 0.5284552845528455, 'f1-score': 0.5260285918135454, 'support': 123.0}}","[[23 31]
 [27 42]]"
1357,300,0.1,50,-1,gbdt,1.0,0.5346166611350813,0.4,"{'0': {'precision': 0.47540983606557374, 'recall': 0.5370370370370371, 'f1-score': 0.5043478260869565, 'support': 54.0}, '1': {'precision': 0.5967741935483871, 'recall': 0.5362318840579711, 'f1-score': 0.5648854961832062, 'support': 69.0}, 'accuracy': 0.5365853658536586, 'macro avg': {'precision': 0.5360920148069804, 'recall': 0.5366344605475041, 'f1-score': 0.5346166611350813, 'support': 123.0}, 'weighted avg': {'precision': 0.5434922805071519, 'recall': 0.5365853658536586, 'f1-score': 0.5383079824824136, 'support': 123.0}}","[[29 25]
 [32 37]]"
1358,300,0.1,50,-1,gbdt,1.0,0.5039338842975207,0.5,"{'0': {'precision': 0.4507042253521127, 'recall': 0.5925925925925926, 'f1-score': 0.512, 'support': 54.0}, '1': {'precision': 0.5769230769230769, 'recall': 0.43478260869565216, 'f1-score': 0.49586776859504134, 'support': 69.0}, 'accuracy': 0.5040650406504065, 'macro avg': {'precision': 0.5138136511375948, 'recall': 0.5136876006441223, 'f1-score': 0.5039338842975207, 'support': 123.0}, 'weighted avg': {'precision': 0.5215099225748486, 'recall': 0.5040650406504065, 'f1-score': 0.5029502116508769, 'support': 123.0}}","[[32 22]
 [39 30]]"
1359,300,0.1,50,-1,dart,0.7,0.51692849404117,0.4,"{'0': {'precision': 0.46, 'recall': 0.42592592592592593, 'f1-score': 0.4423076923076923, 'support': 54.0}, '1': {'precision': 0.5753424657534246, 'recall': 0.6086956521739131, 'f1-score': 0.5915492957746479, 'support': 69.0}, 'accuracy': 0.5284552845528455, 'macro avg': {'precision': 0.5176712328767124, 'recall': 0.5173107890499196, 'f1-score': 0.51692849404117, 'support': 123.0}, 'weighted avg': {'precision': 0.5247043100567992, 'recall': 0.5284552845528455, 'f1-score': 0.5260285918135454, 'support': 123.0}}","[[23 31]
 [27 42]]"
1360,300,0.1,50,-1,dart,0.7,0.5039338842975207,0.5,"{'0': {'precision': 0.4507042253521127, 'recall': 0.5925925925925926, 'f1-score': 0.512, 'support': 54.0}, '1': {'precision': 0.5769230769230769, 'recall': 0.43478260869565216, 'f1-score': 0.49586776859504134, 'support': 69.0}, 'accuracy': 0.5040650406504065, 'macro avg': {'precision': 0.5138136511375948, 'recall': 0.5136876006441223, 'f1-score': 0.5039338842975207, 'support': 123.0}, 'weighted avg': {'precision': 0.5215099225748486, 'recall': 0.5040650406504065, 'f1-score': 0.5029502116508769, 'support': 123.0}}","[[32 22]
 [39 30]]"
1361,300,0.1,50,-1,dart,0.7,0.4630952380952381,0.5,"{'0': {'precision': 0.4166666666666667, 'recall': 0.5555555555555556, 'f1-score': 0.47619047619047616, 'support': 54.0}, '1': {'precision': 0.5294117647058824, 'recall': 0.391304347826087, 'f1-score': 0.45, 'support': 69.0}, 'accuracy': 0.4634146341463415, 'macro avg': {'precision': 0.4730392156862745, 'recall': 0.47342995169082125, 'f1-score': 0.4630952380952381, 'support': 123.0}, 'weighted avg': {'precision': 0.4799139167862267, 'recall': 0.4634146341463415, 'f1-score': 0.46149825783972126, 'support': 123.0}}","[[30 24]
 [42 27]]"
1362,300,0.1,50,-1,dart,0.8,0.51692849404117,0.4,"{'0': {'precision': 0.46, 'recall': 0.42592592592592593, 'f1-score': 0.4423076923076923, 'support': 54.0}, '1': {'precision': 0.5753424657534246, 'recall': 0.6086956521739131, 'f1-score': 0.5915492957746479, 'support': 69.0}, 'accuracy': 0.5284552845528455, 'macro avg': {'precision': 0.5176712328767124, 'recall': 0.5173107890499196, 'f1-score': 0.51692849404117, 'support': 123.0}, 'weighted avg': {'precision': 0.5247043100567992, 'recall': 0.5284552845528455, 'f1-score': 0.5260285918135454, 'support': 123.0}}","[[23 31]
 [27 42]]"
1363,300,0.1,50,-1,dart,0.8,0.5039338842975207,0.5,"{'0': {'precision': 0.4507042253521127, 'recall': 0.5925925925925926, 'f1-score': 0.512, 'support': 54.0}, '1': {'precision': 0.5769230769230769, 'recall': 0.43478260869565216, 'f1-score': 0.49586776859504134, 'support': 69.0}, 'accuracy': 0.5040650406504065, 'macro avg': {'precision': 0.5138136511375948, 'recall': 0.5136876006441223, 'f1-score': 0.5039338842975207, 'support': 123.0}, 'weighted avg': {'precision': 0.5215099225748486, 'recall': 0.5040650406504065, 'f1-score': 0.5029502116508769, 'support': 123.0}}","[[32 22]
 [39 30]]"
1364,300,0.1,50,-1,dart,0.8,0.4630952380952381,0.5,"{'0': {'precision': 0.4166666666666667, 'recall': 0.5555555555555556, 'f1-score': 0.47619047619047616, 'support': 54.0}, '1': {'precision': 0.5294117647058824, 'recall': 0.391304347826087, 'f1-score': 0.45, 'support': 69.0}, 'accuracy': 0.4634146341463415, 'macro avg': {'precision': 0.4730392156862745, 'recall': 0.47342995169082125, 'f1-score': 0.4630952380952381, 'support': 123.0}, 'weighted avg': {'precision': 0.4799139167862267, 'recall': 0.4634146341463415, 'f1-score': 0.46149825783972126, 'support': 123.0}}","[[30 24]
 [42 27]]"
1365,300,0.1,50,-1,dart,1.0,0.51692849404117,0.4,"{'0': {'precision': 0.46, 'recall': 0.42592592592592593, 'f1-score': 0.4423076923076923, 'support': 54.0}, '1': {'precision': 0.5753424657534246, 'recall': 0.6086956521739131, 'f1-score': 0.5915492957746479, 'support': 69.0}, 'accuracy': 0.5284552845528455, 'macro avg': {'precision': 0.5176712328767124, 'recall': 0.5173107890499196, 'f1-score': 0.51692849404117, 'support': 123.0}, 'weighted avg': {'precision': 0.5247043100567992, 'recall': 0.5284552845528455, 'f1-score': 0.5260285918135454, 'support': 123.0}}","[[23 31]
 [27 42]]"
1366,300,0.1,50,-1,dart,1.0,0.5039338842975207,0.5,"{'0': {'precision': 0.4507042253521127, 'recall': 0.5925925925925926, 'f1-score': 0.512, 'support': 54.0}, '1': {'precision': 0.5769230769230769, 'recall': 0.43478260869565216, 'f1-score': 0.49586776859504134, 'support': 69.0}, 'accuracy': 0.5040650406504065, 'macro avg': {'precision': 0.5138136511375948, 'recall': 0.5136876006441223, 'f1-score': 0.5039338842975207, 'support': 123.0}, 'weighted avg': {'precision': 0.5215099225748486, 'recall': 0.5040650406504065, 'f1-score': 0.5029502116508769, 'support': 123.0}}","[[32 22]
 [39 30]]"
1367,300,0.1,50,-1,dart,1.0,0.4630952380952381,0.5,"{'0': {'precision': 0.4166666666666667, 'recall': 0.5555555555555556, 'f1-score': 0.47619047619047616, 'support': 54.0}, '1': {'precision': 0.5294117647058824, 'recall': 0.391304347826087, 'f1-score': 0.45, 'support': 69.0}, 'accuracy': 0.4634146341463415, 'macro avg': {'precision': 0.4730392156862745, 'recall': 0.47342995169082125, 'f1-score': 0.4630952380952381, 'support': 123.0}, 'weighted avg': {'precision': 0.4799139167862267, 'recall': 0.4634146341463415, 'f1-score': 0.46149825783972126, 'support': 123.0}}","[[30 24]
 [42 27]]"
1368,300,0.1,50,5,gbdt,0.7,0.5259170653907496,0.4,"{'0': {'precision': 0.4666666666666667, 'recall': 0.5185185185185185, 'f1-score': 0.49122807017543857, 'support': 54.0}, '1': {'precision': 0.5873015873015873, 'recall': 0.5362318840579711, 'f1-score': 0.5606060606060606, 'support': 69.0}, 'accuracy': 0.5284552845528455, 'macro avg': {'precision': 0.526984126984127, 'recall': 0.5273752012882448, 'f1-score': 0.5259170653907496, 'support': 123.0}, 'weighted avg': {'precision': 0.5343399148277197, 'recall': 0.5284552845528455, 'f1-score': 0.5301474306609094, 'support': 123.0}}","[[28 26]
 [32 37]]"
1369,300,0.1,50,5,gbdt,0.7,0.5259170653907496,0.30000000000000004,"{'0': {'precision': 0.4666666666666667, 'recall': 0.5185185185185185, 'f1-score': 0.49122807017543857, 'support': 54.0}, '1': {'precision': 0.5873015873015873, 'recall': 0.5362318840579711, 'f1-score': 0.5606060606060606, 'support': 69.0}, 'accuracy': 0.5284552845528455, 'macro avg': {'precision': 0.526984126984127, 'recall': 0.5273752012882448, 'f1-score': 0.5259170653907496, 'support': 123.0}, 'weighted avg': {'precision': 0.5343399148277197, 'recall': 0.5284552845528455, 'f1-score': 0.5301474306609094, 'support': 123.0}}","[[28 26]
 [32 37]]"
1370,300,0.1,50,5,gbdt,0.7,0.5662386053629649,0.30000000000000004,"{'0': {'precision': 0.5084745762711864, 'recall': 0.5555555555555556, 'f1-score': 0.5309734513274337, 'support': 54.0}, '1': {'precision': 0.625, 'recall': 0.5797101449275363, 'f1-score': 0.6015037593984962, 'support': 69.0}, 'accuracy': 0.5691056910569106, 'macro avg': {'precision': 0.5667372881355932, 'recall': 0.567632850241546, 'f1-score': 0.5662386053629649, 'support': 123.0}, 'weighted avg': {'precision': 0.5738424968995453, 'recall': 0.5691056910569106, 'f1-score': 0.5705392339038834, 'support': 123.0}}","[[30 24]
 [29 40]]"
1371,300,0.1,50,5,gbdt,0.8,0.5259170653907496,0.4,"{'0': {'precision': 0.4666666666666667, 'recall': 0.5185185185185185, 'f1-score': 0.49122807017543857, 'support': 54.0}, '1': {'precision': 0.5873015873015873, 'recall': 0.5362318840579711, 'f1-score': 0.5606060606060606, 'support': 69.0}, 'accuracy': 0.5284552845528455, 'macro avg': {'precision': 0.526984126984127, 'recall': 0.5273752012882448, 'f1-score': 0.5259170653907496, 'support': 123.0}, 'weighted avg': {'precision': 0.5343399148277197, 'recall': 0.5284552845528455, 'f1-score': 0.5301474306609094, 'support': 123.0}}","[[28 26]
 [32 37]]"
1372,300,0.1,50,5,gbdt,0.8,0.5259170653907496,0.30000000000000004,"{'0': {'precision': 0.4666666666666667, 'recall': 0.5185185185185185, 'f1-score': 0.49122807017543857, 'support': 54.0}, '1': {'precision': 0.5873015873015873, 'recall': 0.5362318840579711, 'f1-score': 0.5606060606060606, 'support': 69.0}, 'accuracy': 0.5284552845528455, 'macro avg': {'precision': 0.526984126984127, 'recall': 0.5273752012882448, 'f1-score': 0.5259170653907496, 'support': 123.0}, 'weighted avg': {'precision': 0.5343399148277197, 'recall': 0.5284552845528455, 'f1-score': 0.5301474306609094, 'support': 123.0}}","[[28 26]
 [32 37]]"
1373,300,0.1,50,5,gbdt,0.8,0.5662386053629649,0.30000000000000004,"{'0': {'precision': 0.5084745762711864, 'recall': 0.5555555555555556, 'f1-score': 0.5309734513274337, 'support': 54.0}, '1': {'precision': 0.625, 'recall': 0.5797101449275363, 'f1-score': 0.6015037593984962, 'support': 69.0}, 'accuracy': 0.5691056910569106, 'macro avg': {'precision': 0.5667372881355932, 'recall': 0.567632850241546, 'f1-score': 0.5662386053629649, 'support': 123.0}, 'weighted avg': {'precision': 0.5738424968995453, 'recall': 0.5691056910569106, 'f1-score': 0.5705392339038834, 'support': 123.0}}","[[30 24]
 [29 40]]"
1374,300,0.1,50,5,gbdt,1.0,0.5259170653907496,0.4,"{'0': {'precision': 0.4666666666666667, 'recall': 0.5185185185185185, 'f1-score': 0.49122807017543857, 'support': 54.0}, '1': {'precision': 0.5873015873015873, 'recall': 0.5362318840579711, 'f1-score': 0.5606060606060606, 'support': 69.0}, 'accuracy': 0.5284552845528455, 'macro avg': {'precision': 0.526984126984127, 'recall': 0.5273752012882448, 'f1-score': 0.5259170653907496, 'support': 123.0}, 'weighted avg': {'precision': 0.5343399148277197, 'recall': 0.5284552845528455, 'f1-score': 0.5301474306609094, 'support': 123.0}}","[[28 26]
 [32 37]]"
1375,300,0.1,50,5,gbdt,1.0,0.5259170653907496,0.30000000000000004,"{'0': {'precision': 0.4666666666666667, 'recall': 0.5185185185185185, 'f1-score': 0.49122807017543857, 'support': 54.0}, '1': {'precision': 0.5873015873015873, 'recall': 0.5362318840579711, 'f1-score': 0.5606060606060606, 'support': 69.0}, 'accuracy': 0.5284552845528455, 'macro avg': {'precision': 0.526984126984127, 'recall': 0.5273752012882448, 'f1-score': 0.5259170653907496, 'support': 123.0}, 'weighted avg': {'precision': 0.5343399148277197, 'recall': 0.5284552845528455, 'f1-score': 0.5301474306609094, 'support': 123.0}}","[[28 26]
 [32 37]]"
1376,300,0.1,50,5,gbdt,1.0,0.5662386053629649,0.30000000000000004,"{'0': {'precision': 0.5084745762711864, 'recall': 0.5555555555555556, 'f1-score': 0.5309734513274337, 'support': 54.0}, '1': {'precision': 0.625, 'recall': 0.5797101449275363, 'f1-score': 0.6015037593984962, 'support': 69.0}, 'accuracy': 0.5691056910569106, 'macro avg': {'precision': 0.5667372881355932, 'recall': 0.567632850241546, 'f1-score': 0.5662386053629649, 'support': 123.0}, 'weighted avg': {'precision': 0.5738424968995453, 'recall': 0.5691056910569106, 'f1-score': 0.5705392339038834, 'support': 123.0}}","[[30 24]
 [29 40]]"
1377,300,0.1,50,5,dart,0.7,0.49563492063492065,0.5,"{'0': {'precision': 0.4444444444444444, 'recall': 0.5925925925925926, 'f1-score': 0.5079365079365079, 'support': 54.0}, '1': {'precision': 0.5686274509803921, 'recall': 0.42028985507246375, 'f1-score': 0.48333333333333334, 'support': 69.0}, 'accuracy': 0.4959349593495935, 'macro avg': {'precision': 0.5065359477124183, 'recall': 0.5064412238325282, 'f1-score': 0.49563492063492065, 'support': 123.0}, 'weighted avg': {'precision': 0.5141080822572932, 'recall': 0.4959349593495935, 'f1-score': 0.4941347270615563, 'support': 123.0}}","[[32 22]
 [40 29]]"
1378,300,0.1,50,5,dart,0.7,0.5201983471074381,0.5,"{'0': {'precision': 0.4647887323943662, 'recall': 0.6111111111111112, 'f1-score': 0.528, 'support': 54.0}, '1': {'precision': 0.5961538461538461, 'recall': 0.4492753623188406, 'f1-score': 0.512396694214876, 'support': 69.0}, 'accuracy': 0.5203252032520326, 'macro avg': {'precision': 0.5304712892741061, 'recall': 0.5301932367149759, 'f1-score': 0.5201983471074381, 'support': 123.0}, 'weighted avg': {'precision': 0.5384813571862697, 'recall': 0.5203252032520326, 'f1-score': 0.5192469260229792, 'support': 123.0}}","[[33 21]
 [38 31]]"
1379,300,0.1,50,5,dart,0.7,0.5039338842975207,0.5,"{'0': {'precision': 0.44776119402985076, 'recall': 0.5555555555555556, 'f1-score': 0.49586776859504134, 'support': 54.0}, '1': {'precision': 0.5714285714285714, 'recall': 0.463768115942029, 'f1-score': 0.512, 'support': 69.0}, 'accuracy': 0.5040650406504065, 'macro avg': {'precision': 0.509594882729211, 'recall': 0.5096618357487923, 'f1-score': 0.5039338842975207, 'support': 123.0}, 'weighted avg': {'precision': 0.5171355764730354, 'recall': 0.5040650406504065, 'f1-score': 0.5049175569441645, 'support': 123.0}}","[[30 24]
 [37 32]]"
1380,300,0.1,50,5,dart,0.8,0.49563492063492065,0.5,"{'0': {'precision': 0.4444444444444444, 'recall': 0.5925925925925926, 'f1-score': 0.5079365079365079, 'support': 54.0}, '1': {'precision': 0.5686274509803921, 'recall': 0.42028985507246375, 'f1-score': 0.48333333333333334, 'support': 69.0}, 'accuracy': 0.4959349593495935, 'macro avg': {'precision': 0.5065359477124183, 'recall': 0.5064412238325282, 'f1-score': 0.49563492063492065, 'support': 123.0}, 'weighted avg': {'precision': 0.5141080822572932, 'recall': 0.4959349593495935, 'f1-score': 0.4941347270615563, 'support': 123.0}}","[[32 22]
 [40 29]]"
1381,300,0.1,50,5,dart,0.8,0.5201983471074381,0.5,"{'0': {'precision': 0.4647887323943662, 'recall': 0.6111111111111112, 'f1-score': 0.528, 'support': 54.0}, '1': {'precision': 0.5961538461538461, 'recall': 0.4492753623188406, 'f1-score': 0.512396694214876, 'support': 69.0}, 'accuracy': 0.5203252032520326, 'macro avg': {'precision': 0.5304712892741061, 'recall': 0.5301932367149759, 'f1-score': 0.5201983471074381, 'support': 123.0}, 'weighted avg': {'precision': 0.5384813571862697, 'recall': 0.5203252032520326, 'f1-score': 0.5192469260229792, 'support': 123.0}}","[[33 21]
 [38 31]]"
1382,300,0.1,50,5,dart,0.8,0.5039338842975207,0.5,"{'0': {'precision': 0.44776119402985076, 'recall': 0.5555555555555556, 'f1-score': 0.49586776859504134, 'support': 54.0}, '1': {'precision': 0.5714285714285714, 'recall': 0.463768115942029, 'f1-score': 0.512, 'support': 69.0}, 'accuracy': 0.5040650406504065, 'macro avg': {'precision': 0.509594882729211, 'recall': 0.5096618357487923, 'f1-score': 0.5039338842975207, 'support': 123.0}, 'weighted avg': {'precision': 0.5171355764730354, 'recall': 0.5040650406504065, 'f1-score': 0.5049175569441645, 'support': 123.0}}","[[30 24]
 [37 32]]"
1383,300,0.1,50,5,dart,1.0,0.49563492063492065,0.5,"{'0': {'precision': 0.4444444444444444, 'recall': 0.5925925925925926, 'f1-score': 0.5079365079365079, 'support': 54.0}, '1': {'precision': 0.5686274509803921, 'recall': 0.42028985507246375, 'f1-score': 0.48333333333333334, 'support': 69.0}, 'accuracy': 0.4959349593495935, 'macro avg': {'precision': 0.5065359477124183, 'recall': 0.5064412238325282, 'f1-score': 0.49563492063492065, 'support': 123.0}, 'weighted avg': {'precision': 0.5141080822572932, 'recall': 0.4959349593495935, 'f1-score': 0.4941347270615563, 'support': 123.0}}","[[32 22]
 [40 29]]"
1384,300,0.1,50,5,dart,1.0,0.5201983471074381,0.5,"{'0': {'precision': 0.4647887323943662, 'recall': 0.6111111111111112, 'f1-score': 0.528, 'support': 54.0}, '1': {'precision': 0.5961538461538461, 'recall': 0.4492753623188406, 'f1-score': 0.512396694214876, 'support': 69.0}, 'accuracy': 0.5203252032520326, 'macro avg': {'precision': 0.5304712892741061, 'recall': 0.5301932367149759, 'f1-score': 0.5201983471074381, 'support': 123.0}, 'weighted avg': {'precision': 0.5384813571862697, 'recall': 0.5203252032520326, 'f1-score': 0.5192469260229792, 'support': 123.0}}","[[33 21]
 [38 31]]"
1385,300,0.1,50,5,dart,1.0,0.5039338842975207,0.5,"{'0': {'precision': 0.44776119402985076, 'recall': 0.5555555555555556, 'f1-score': 0.49586776859504134, 'support': 54.0}, '1': {'precision': 0.5714285714285714, 'recall': 0.463768115942029, 'f1-score': 0.512, 'support': 69.0}, 'accuracy': 0.5040650406504065, 'macro avg': {'precision': 0.509594882729211, 'recall': 0.5096618357487923, 'f1-score': 0.5039338842975207, 'support': 123.0}, 'weighted avg': {'precision': 0.5171355764730354, 'recall': 0.5040650406504065, 'f1-score': 0.5049175569441645, 'support': 123.0}}","[[30 24]
 [37 32]]"
1386,300,0.1,50,10,gbdt,0.7,0.51692849404117,0.2,"{'0': {'precision': 0.46, 'recall': 0.42592592592592593, 'f1-score': 0.4423076923076923, 'support': 54.0}, '1': {'precision': 0.5753424657534246, 'recall': 0.6086956521739131, 'f1-score': 0.5915492957746479, 'support': 69.0}, 'accuracy': 0.5284552845528455, 'macro avg': {'precision': 0.5176712328767124, 'recall': 0.5173107890499196, 'f1-score': 0.51692849404117, 'support': 123.0}, 'weighted avg': {'precision': 0.5247043100567992, 'recall': 0.5284552845528455, 'f1-score': 0.5260285918135454, 'support': 123.0}}","[[23 31]
 [27 42]]"
1387,300,0.1,50,10,gbdt,0.7,0.5346166611350813,0.4,"{'0': {'precision': 0.47540983606557374, 'recall': 0.5370370370370371, 'f1-score': 0.5043478260869565, 'support': 54.0}, '1': {'precision': 0.5967741935483871, 'recall': 0.5362318840579711, 'f1-score': 0.5648854961832062, 'support': 69.0}, 'accuracy': 0.5365853658536586, 'macro avg': {'precision': 0.5360920148069804, 'recall': 0.5366344605475041, 'f1-score': 0.5346166611350813, 'support': 123.0}, 'weighted avg': {'precision': 0.5434922805071519, 'recall': 0.5365853658536586, 'f1-score': 0.5383079824824136, 'support': 123.0}}","[[29 25]
 [32 37]]"
1388,300,0.1,50,10,gbdt,0.7,0.49187100213219614,0.7000000000000001,"{'0': {'precision': 0.45, 'recall': 0.6666666666666666, 'f1-score': 0.5373134328358209, 'support': 54.0}, '1': {'precision': 0.5813953488372093, 'recall': 0.36231884057971014, 'f1-score': 0.44642857142857145, 'support': 69.0}, 'accuracy': 0.4959349593495935, 'macro avg': {'precision': 0.5156976744186047, 'recall': 0.5144927536231884, 'f1-score': 0.49187100213219614, 'support': 123.0}, 'weighted avg': {'precision': 0.5237095859330686, 'recall': 0.4959349593495935, 'f1-score': 0.48632924229029073, 'support': 123.0}}","[[36 18]
 [44 25]]"
1389,300,0.1,50,10,gbdt,0.8,0.51692849404117,0.2,"{'0': {'precision': 0.46, 'recall': 0.42592592592592593, 'f1-score': 0.4423076923076923, 'support': 54.0}, '1': {'precision': 0.5753424657534246, 'recall': 0.6086956521739131, 'f1-score': 0.5915492957746479, 'support': 69.0}, 'accuracy': 0.5284552845528455, 'macro avg': {'precision': 0.5176712328767124, 'recall': 0.5173107890499196, 'f1-score': 0.51692849404117, 'support': 123.0}, 'weighted avg': {'precision': 0.5247043100567992, 'recall': 0.5284552845528455, 'f1-score': 0.5260285918135454, 'support': 123.0}}","[[23 31]
 [27 42]]"
1390,300,0.1,50,10,gbdt,0.8,0.5346166611350813,0.4,"{'0': {'precision': 0.47540983606557374, 'recall': 0.5370370370370371, 'f1-score': 0.5043478260869565, 'support': 54.0}, '1': {'precision': 0.5967741935483871, 'recall': 0.5362318840579711, 'f1-score': 0.5648854961832062, 'support': 69.0}, 'accuracy': 0.5365853658536586, 'macro avg': {'precision': 0.5360920148069804, 'recall': 0.5366344605475041, 'f1-score': 0.5346166611350813, 'support': 123.0}, 'weighted avg': {'precision': 0.5434922805071519, 'recall': 0.5365853658536586, 'f1-score': 0.5383079824824136, 'support': 123.0}}","[[29 25]
 [32 37]]"
1391,300,0.1,50,10,gbdt,0.8,0.49187100213219614,0.7000000000000001,"{'0': {'precision': 0.45, 'recall': 0.6666666666666666, 'f1-score': 0.5373134328358209, 'support': 54.0}, '1': {'precision': 0.5813953488372093, 'recall': 0.36231884057971014, 'f1-score': 0.44642857142857145, 'support': 69.0}, 'accuracy': 0.4959349593495935, 'macro avg': {'precision': 0.5156976744186047, 'recall': 0.5144927536231884, 'f1-score': 0.49187100213219614, 'support': 123.0}, 'weighted avg': {'precision': 0.5237095859330686, 'recall': 0.4959349593495935, 'f1-score': 0.48632924229029073, 'support': 123.0}}","[[36 18]
 [44 25]]"
1392,300,0.1,50,10,gbdt,1.0,0.51692849404117,0.2,"{'0': {'precision': 0.46, 'recall': 0.42592592592592593, 'f1-score': 0.4423076923076923, 'support': 54.0}, '1': {'precision': 0.5753424657534246, 'recall': 0.6086956521739131, 'f1-score': 0.5915492957746479, 'support': 69.0}, 'accuracy': 0.5284552845528455, 'macro avg': {'precision': 0.5176712328767124, 'recall': 0.5173107890499196, 'f1-score': 0.51692849404117, 'support': 123.0}, 'weighted avg': {'precision': 0.5247043100567992, 'recall': 0.5284552845528455, 'f1-score': 0.5260285918135454, 'support': 123.0}}","[[23 31]
 [27 42]]"
1393,300,0.1,50,10,gbdt,1.0,0.5346166611350813,0.4,"{'0': {'precision': 0.47540983606557374, 'recall': 0.5370370370370371, 'f1-score': 0.5043478260869565, 'support': 54.0}, '1': {'precision': 0.5967741935483871, 'recall': 0.5362318840579711, 'f1-score': 0.5648854961832062, 'support': 69.0}, 'accuracy': 0.5365853658536586, 'macro avg': {'precision': 0.5360920148069804, 'recall': 0.5366344605475041, 'f1-score': 0.5346166611350813, 'support': 123.0}, 'weighted avg': {'precision': 0.5434922805071519, 'recall': 0.5365853658536586, 'f1-score': 0.5383079824824136, 'support': 123.0}}","[[29 25]
 [32 37]]"
1394,300,0.1,50,10,gbdt,1.0,0.49187100213219614,0.7000000000000001,"{'0': {'precision': 0.45, 'recall': 0.6666666666666666, 'f1-score': 0.5373134328358209, 'support': 54.0}, '1': {'precision': 0.5813953488372093, 'recall': 0.36231884057971014, 'f1-score': 0.44642857142857145, 'support': 69.0}, 'accuracy': 0.4959349593495935, 'macro avg': {'precision': 0.5156976744186047, 'recall': 0.5144927536231884, 'f1-score': 0.49187100213219614, 'support': 123.0}, 'weighted avg': {'precision': 0.5237095859330686, 'recall': 0.4959349593495935, 'f1-score': 0.48632924229029073, 'support': 123.0}}","[[36 18]
 [44 25]]"
1395,300,0.1,50,10,dart,0.7,0.51692849404117,0.4,"{'0': {'precision': 0.46, 'recall': 0.42592592592592593, 'f1-score': 0.4423076923076923, 'support': 54.0}, '1': {'precision': 0.5753424657534246, 'recall': 0.6086956521739131, 'f1-score': 0.5915492957746479, 'support': 69.0}, 'accuracy': 0.5284552845528455, 'macro avg': {'precision': 0.5176712328767124, 'recall': 0.5173107890499196, 'f1-score': 0.51692849404117, 'support': 123.0}, 'weighted avg': {'precision': 0.5247043100567992, 'recall': 0.5284552845528455, 'f1-score': 0.5260285918135454, 'support': 123.0}}","[[23 31]
 [27 42]]"
1396,300,0.1,50,10,dart,0.7,0.5231283422459893,0.4,"{'0': {'precision': 0.4642857142857143, 'recall': 0.48148148148148145, 'f1-score': 0.4727272727272727, 'support': 54.0}, '1': {'precision': 0.582089552238806, 'recall': 0.5652173913043478, 'f1-score': 0.5735294117647058, 'support': 69.0}, 'accuracy': 0.5284552845528455, 'macro avg': {'precision': 0.5231876332622601, 'recall': 0.5233494363929146, 'f1-score': 0.5231283422459893, 'support': 123.0}, 'weighted avg': {'precision': 0.5303707941130584, 'recall': 0.5284552845528455, 'f1-score': 0.5292748141385156, 'support': 123.0}}","[[26 28]
 [30 39]]"
1397,300,0.1,50,10,dart,0.7,0.4630952380952381,0.5,"{'0': {'precision': 0.4166666666666667, 'recall': 0.5555555555555556, 'f1-score': 0.47619047619047616, 'support': 54.0}, '1': {'precision': 0.5294117647058824, 'recall': 0.391304347826087, 'f1-score': 0.45, 'support': 69.0}, 'accuracy': 0.4634146341463415, 'macro avg': {'precision': 0.4730392156862745, 'recall': 0.47342995169082125, 'f1-score': 0.4630952380952381, 'support': 123.0}, 'weighted avg': {'precision': 0.4799139167862267, 'recall': 0.4634146341463415, 'f1-score': 0.46149825783972126, 'support': 123.0}}","[[30 24]
 [42 27]]"
1398,300,0.1,50,10,dart,0.8,0.51692849404117,0.4,"{'0': {'precision': 0.46, 'recall': 0.42592592592592593, 'f1-score': 0.4423076923076923, 'support': 54.0}, '1': {'precision': 0.5753424657534246, 'recall': 0.6086956521739131, 'f1-score': 0.5915492957746479, 'support': 69.0}, 'accuracy': 0.5284552845528455, 'macro avg': {'precision': 0.5176712328767124, 'recall': 0.5173107890499196, 'f1-score': 0.51692849404117, 'support': 123.0}, 'weighted avg': {'precision': 0.5247043100567992, 'recall': 0.5284552845528455, 'f1-score': 0.5260285918135454, 'support': 123.0}}","[[23 31]
 [27 42]]"
1399,300,0.1,50,10,dart,0.8,0.5231283422459893,0.4,"{'0': {'precision': 0.4642857142857143, 'recall': 0.48148148148148145, 'f1-score': 0.4727272727272727, 'support': 54.0}, '1': {'precision': 0.582089552238806, 'recall': 0.5652173913043478, 'f1-score': 0.5735294117647058, 'support': 69.0}, 'accuracy': 0.5284552845528455, 'macro avg': {'precision': 0.5231876332622601, 'recall': 0.5233494363929146, 'f1-score': 0.5231283422459893, 'support': 123.0}, 'weighted avg': {'precision': 0.5303707941130584, 'recall': 0.5284552845528455, 'f1-score': 0.5292748141385156, 'support': 123.0}}","[[26 28]
 [30 39]]"
1400,300,0.1,50,10,dart,0.8,0.4630952380952381,0.5,"{'0': {'precision': 0.4166666666666667, 'recall': 0.5555555555555556, 'f1-score': 0.47619047619047616, 'support': 54.0}, '1': {'precision': 0.5294117647058824, 'recall': 0.391304347826087, 'f1-score': 0.45, 'support': 69.0}, 'accuracy': 0.4634146341463415, 'macro avg': {'precision': 0.4730392156862745, 'recall': 0.47342995169082125, 'f1-score': 0.4630952380952381, 'support': 123.0}, 'weighted avg': {'precision': 0.4799139167862267, 'recall': 0.4634146341463415, 'f1-score': 0.46149825783972126, 'support': 123.0}}","[[30 24]
 [42 27]]"
1401,300,0.1,50,10,dart,1.0,0.51692849404117,0.4,"{'0': {'precision': 0.46, 'recall': 0.42592592592592593, 'f1-score': 0.4423076923076923, 'support': 54.0}, '1': {'precision': 0.5753424657534246, 'recall': 0.6086956521739131, 'f1-score': 0.5915492957746479, 'support': 69.0}, 'accuracy': 0.5284552845528455, 'macro avg': {'precision': 0.5176712328767124, 'recall': 0.5173107890499196, 'f1-score': 0.51692849404117, 'support': 123.0}, 'weighted avg': {'precision': 0.5247043100567992, 'recall': 0.5284552845528455, 'f1-score': 0.5260285918135454, 'support': 123.0}}","[[23 31]
 [27 42]]"
1402,300,0.1,50,10,dart,1.0,0.5231283422459893,0.4,"{'0': {'precision': 0.4642857142857143, 'recall': 0.48148148148148145, 'f1-score': 0.4727272727272727, 'support': 54.0}, '1': {'precision': 0.582089552238806, 'recall': 0.5652173913043478, 'f1-score': 0.5735294117647058, 'support': 69.0}, 'accuracy': 0.5284552845528455, 'macro avg': {'precision': 0.5231876332622601, 'recall': 0.5233494363929146, 'f1-score': 0.5231283422459893, 'support': 123.0}, 'weighted avg': {'precision': 0.5303707941130584, 'recall': 0.5284552845528455, 'f1-score': 0.5292748141385156, 'support': 123.0}}","[[26 28]
 [30 39]]"
1403,300,0.1,50,10,dart,1.0,0.4630952380952381,0.5,"{'0': {'precision': 0.4166666666666667, 'recall': 0.5555555555555556, 'f1-score': 0.47619047619047616, 'support': 54.0}, '1': {'precision': 0.5294117647058824, 'recall': 0.391304347826087, 'f1-score': 0.45, 'support': 69.0}, 'accuracy': 0.4634146341463415, 'macro avg': {'precision': 0.4730392156862745, 'recall': 0.47342995169082125, 'f1-score': 0.4630952380952381, 'support': 123.0}, 'weighted avg': {'precision': 0.4799139167862267, 'recall': 0.4634146341463415, 'f1-score': 0.46149825783972126, 'support': 123.0}}","[[30 24]
 [42 27]]"
1404,300,0.1,70,-1,gbdt,0.7,0.51692849404117,0.2,"{'0': {'precision': 0.46, 'recall': 0.42592592592592593, 'f1-score': 0.4423076923076923, 'support': 54.0}, '1': {'precision': 0.5753424657534246, 'recall': 0.6086956521739131, 'f1-score': 0.5915492957746479, 'support': 69.0}, 'accuracy': 0.5284552845528455, 'macro avg': {'precision': 0.5176712328767124, 'recall': 0.5173107890499196, 'f1-score': 0.51692849404117, 'support': 123.0}, 'weighted avg': {'precision': 0.5247043100567992, 'recall': 0.5284552845528455, 'f1-score': 0.5260285918135454, 'support': 123.0}}","[[23 31]
 [27 42]]"
1405,300,0.1,70,-1,gbdt,0.7,0.5346166611350813,0.4,"{'0': {'precision': 0.47540983606557374, 'recall': 0.5370370370370371, 'f1-score': 0.5043478260869565, 'support': 54.0}, '1': {'precision': 0.5967741935483871, 'recall': 0.5362318840579711, 'f1-score': 0.5648854961832062, 'support': 69.0}, 'accuracy': 0.5365853658536586, 'macro avg': {'precision': 0.5360920148069804, 'recall': 0.5366344605475041, 'f1-score': 0.5346166611350813, 'support': 123.0}, 'weighted avg': {'precision': 0.5434922805071519, 'recall': 0.5365853658536586, 'f1-score': 0.5383079824824136, 'support': 123.0}}","[[29 25]
 [32 37]]"
1406,300,0.1,70,-1,gbdt,0.7,0.5039338842975207,0.5,"{'0': {'precision': 0.4507042253521127, 'recall': 0.5925925925925926, 'f1-score': 0.512, 'support': 54.0}, '1': {'precision': 0.5769230769230769, 'recall': 0.43478260869565216, 'f1-score': 0.49586776859504134, 'support': 69.0}, 'accuracy': 0.5040650406504065, 'macro avg': {'precision': 0.5138136511375948, 'recall': 0.5136876006441223, 'f1-score': 0.5039338842975207, 'support': 123.0}, 'weighted avg': {'precision': 0.5215099225748486, 'recall': 0.5040650406504065, 'f1-score': 0.5029502116508769, 'support': 123.0}}","[[32 22]
 [39 30]]"
1407,300,0.1,70,-1,gbdt,0.8,0.51692849404117,0.2,"{'0': {'precision': 0.46, 'recall': 0.42592592592592593, 'f1-score': 0.4423076923076923, 'support': 54.0}, '1': {'precision': 0.5753424657534246, 'recall': 0.6086956521739131, 'f1-score': 0.5915492957746479, 'support': 69.0}, 'accuracy': 0.5284552845528455, 'macro avg': {'precision': 0.5176712328767124, 'recall': 0.5173107890499196, 'f1-score': 0.51692849404117, 'support': 123.0}, 'weighted avg': {'precision': 0.5247043100567992, 'recall': 0.5284552845528455, 'f1-score': 0.5260285918135454, 'support': 123.0}}","[[23 31]
 [27 42]]"
1408,300,0.1,70,-1,gbdt,0.8,0.5346166611350813,0.4,"{'0': {'precision': 0.47540983606557374, 'recall': 0.5370370370370371, 'f1-score': 0.5043478260869565, 'support': 54.0}, '1': {'precision': 0.5967741935483871, 'recall': 0.5362318840579711, 'f1-score': 0.5648854961832062, 'support': 69.0}, 'accuracy': 0.5365853658536586, 'macro avg': {'precision': 0.5360920148069804, 'recall': 0.5366344605475041, 'f1-score': 0.5346166611350813, 'support': 123.0}, 'weighted avg': {'precision': 0.5434922805071519, 'recall': 0.5365853658536586, 'f1-score': 0.5383079824824136, 'support': 123.0}}","[[29 25]
 [32 37]]"
1409,300,0.1,70,-1,gbdt,0.8,0.5039338842975207,0.5,"{'0': {'precision': 0.4507042253521127, 'recall': 0.5925925925925926, 'f1-score': 0.512, 'support': 54.0}, '1': {'precision': 0.5769230769230769, 'recall': 0.43478260869565216, 'f1-score': 0.49586776859504134, 'support': 69.0}, 'accuracy': 0.5040650406504065, 'macro avg': {'precision': 0.5138136511375948, 'recall': 0.5136876006441223, 'f1-score': 0.5039338842975207, 'support': 123.0}, 'weighted avg': {'precision': 0.5215099225748486, 'recall': 0.5040650406504065, 'f1-score': 0.5029502116508769, 'support': 123.0}}","[[32 22]
 [39 30]]"
1410,300,0.1,70,-1,gbdt,1.0,0.51692849404117,0.2,"{'0': {'precision': 0.46, 'recall': 0.42592592592592593, 'f1-score': 0.4423076923076923, 'support': 54.0}, '1': {'precision': 0.5753424657534246, 'recall': 0.6086956521739131, 'f1-score': 0.5915492957746479, 'support': 69.0}, 'accuracy': 0.5284552845528455, 'macro avg': {'precision': 0.5176712328767124, 'recall': 0.5173107890499196, 'f1-score': 0.51692849404117, 'support': 123.0}, 'weighted avg': {'precision': 0.5247043100567992, 'recall': 0.5284552845528455, 'f1-score': 0.5260285918135454, 'support': 123.0}}","[[23 31]
 [27 42]]"
1411,300,0.1,70,-1,gbdt,1.0,0.5346166611350813,0.4,"{'0': {'precision': 0.47540983606557374, 'recall': 0.5370370370370371, 'f1-score': 0.5043478260869565, 'support': 54.0}, '1': {'precision': 0.5967741935483871, 'recall': 0.5362318840579711, 'f1-score': 0.5648854961832062, 'support': 69.0}, 'accuracy': 0.5365853658536586, 'macro avg': {'precision': 0.5360920148069804, 'recall': 0.5366344605475041, 'f1-score': 0.5346166611350813, 'support': 123.0}, 'weighted avg': {'precision': 0.5434922805071519, 'recall': 0.5365853658536586, 'f1-score': 0.5383079824824136, 'support': 123.0}}","[[29 25]
 [32 37]]"
1412,300,0.1,70,-1,gbdt,1.0,0.5039338842975207,0.5,"{'0': {'precision': 0.4507042253521127, 'recall': 0.5925925925925926, 'f1-score': 0.512, 'support': 54.0}, '1': {'precision': 0.5769230769230769, 'recall': 0.43478260869565216, 'f1-score': 0.49586776859504134, 'support': 69.0}, 'accuracy': 0.5040650406504065, 'macro avg': {'precision': 0.5138136511375948, 'recall': 0.5136876006441223, 'f1-score': 0.5039338842975207, 'support': 123.0}, 'weighted avg': {'precision': 0.5215099225748486, 'recall': 0.5040650406504065, 'f1-score': 0.5029502116508769, 'support': 123.0}}","[[32 22]
 [39 30]]"
1413,300,0.1,70,-1,dart,0.7,0.51692849404117,0.4,"{'0': {'precision': 0.46, 'recall': 0.42592592592592593, 'f1-score': 0.4423076923076923, 'support': 54.0}, '1': {'precision': 0.5753424657534246, 'recall': 0.6086956521739131, 'f1-score': 0.5915492957746479, 'support': 69.0}, 'accuracy': 0.5284552845528455, 'macro avg': {'precision': 0.5176712328767124, 'recall': 0.5173107890499196, 'f1-score': 0.51692849404117, 'support': 123.0}, 'weighted avg': {'precision': 0.5247043100567992, 'recall': 0.5284552845528455, 'f1-score': 0.5260285918135454, 'support': 123.0}}","[[23 31]
 [27 42]]"
1414,300,0.1,70,-1,dart,0.7,0.5039338842975207,0.5,"{'0': {'precision': 0.4507042253521127, 'recall': 0.5925925925925926, 'f1-score': 0.512, 'support': 54.0}, '1': {'precision': 0.5769230769230769, 'recall': 0.43478260869565216, 'f1-score': 0.49586776859504134, 'support': 69.0}, 'accuracy': 0.5040650406504065, 'macro avg': {'precision': 0.5138136511375948, 'recall': 0.5136876006441223, 'f1-score': 0.5039338842975207, 'support': 123.0}, 'weighted avg': {'precision': 0.5215099225748486, 'recall': 0.5040650406504065, 'f1-score': 0.5029502116508769, 'support': 123.0}}","[[32 22]
 [39 30]]"
1415,300,0.1,70,-1,dart,0.7,0.4630952380952381,0.5,"{'0': {'precision': 0.4166666666666667, 'recall': 0.5555555555555556, 'f1-score': 0.47619047619047616, 'support': 54.0}, '1': {'precision': 0.5294117647058824, 'recall': 0.391304347826087, 'f1-score': 0.45, 'support': 69.0}, 'accuracy': 0.4634146341463415, 'macro avg': {'precision': 0.4730392156862745, 'recall': 0.47342995169082125, 'f1-score': 0.4630952380952381, 'support': 123.0}, 'weighted avg': {'precision': 0.4799139167862267, 'recall': 0.4634146341463415, 'f1-score': 0.46149825783972126, 'support': 123.0}}","[[30 24]
 [42 27]]"
1416,300,0.1,70,-1,dart,0.8,0.51692849404117,0.4,"{'0': {'precision': 0.46, 'recall': 0.42592592592592593, 'f1-score': 0.4423076923076923, 'support': 54.0}, '1': {'precision': 0.5753424657534246, 'recall': 0.6086956521739131, 'f1-score': 0.5915492957746479, 'support': 69.0}, 'accuracy': 0.5284552845528455, 'macro avg': {'precision': 0.5176712328767124, 'recall': 0.5173107890499196, 'f1-score': 0.51692849404117, 'support': 123.0}, 'weighted avg': {'precision': 0.5247043100567992, 'recall': 0.5284552845528455, 'f1-score': 0.5260285918135454, 'support': 123.0}}","[[23 31]
 [27 42]]"
1417,300,0.1,70,-1,dart,0.8,0.5039338842975207,0.5,"{'0': {'precision': 0.4507042253521127, 'recall': 0.5925925925925926, 'f1-score': 0.512, 'support': 54.0}, '1': {'precision': 0.5769230769230769, 'recall': 0.43478260869565216, 'f1-score': 0.49586776859504134, 'support': 69.0}, 'accuracy': 0.5040650406504065, 'macro avg': {'precision': 0.5138136511375948, 'recall': 0.5136876006441223, 'f1-score': 0.5039338842975207, 'support': 123.0}, 'weighted avg': {'precision': 0.5215099225748486, 'recall': 0.5040650406504065, 'f1-score': 0.5029502116508769, 'support': 123.0}}","[[32 22]
 [39 30]]"
1418,300,0.1,70,-1,dart,0.8,0.4630952380952381,0.5,"{'0': {'precision': 0.4166666666666667, 'recall': 0.5555555555555556, 'f1-score': 0.47619047619047616, 'support': 54.0}, '1': {'precision': 0.5294117647058824, 'recall': 0.391304347826087, 'f1-score': 0.45, 'support': 69.0}, 'accuracy': 0.4634146341463415, 'macro avg': {'precision': 0.4730392156862745, 'recall': 0.47342995169082125, 'f1-score': 0.4630952380952381, 'support': 123.0}, 'weighted avg': {'precision': 0.4799139167862267, 'recall': 0.4634146341463415, 'f1-score': 0.46149825783972126, 'support': 123.0}}","[[30 24]
 [42 27]]"
1419,300,0.1,70,-1,dart,1.0,0.51692849404117,0.4,"{'0': {'precision': 0.46, 'recall': 0.42592592592592593, 'f1-score': 0.4423076923076923, 'support': 54.0}, '1': {'precision': 0.5753424657534246, 'recall': 0.6086956521739131, 'f1-score': 0.5915492957746479, 'support': 69.0}, 'accuracy': 0.5284552845528455, 'macro avg': {'precision': 0.5176712328767124, 'recall': 0.5173107890499196, 'f1-score': 0.51692849404117, 'support': 123.0}, 'weighted avg': {'precision': 0.5247043100567992, 'recall': 0.5284552845528455, 'f1-score': 0.5260285918135454, 'support': 123.0}}","[[23 31]
 [27 42]]"
1420,300,0.1,70,-1,dart,1.0,0.5039338842975207,0.5,"{'0': {'precision': 0.4507042253521127, 'recall': 0.5925925925925926, 'f1-score': 0.512, 'support': 54.0}, '1': {'precision': 0.5769230769230769, 'recall': 0.43478260869565216, 'f1-score': 0.49586776859504134, 'support': 69.0}, 'accuracy': 0.5040650406504065, 'macro avg': {'precision': 0.5138136511375948, 'recall': 0.5136876006441223, 'f1-score': 0.5039338842975207, 'support': 123.0}, 'weighted avg': {'precision': 0.5215099225748486, 'recall': 0.5040650406504065, 'f1-score': 0.5029502116508769, 'support': 123.0}}","[[32 22]
 [39 30]]"
1421,300,0.1,70,-1,dart,1.0,0.4630952380952381,0.5,"{'0': {'precision': 0.4166666666666667, 'recall': 0.5555555555555556, 'f1-score': 0.47619047619047616, 'support': 54.0}, '1': {'precision': 0.5294117647058824, 'recall': 0.391304347826087, 'f1-score': 0.45, 'support': 69.0}, 'accuracy': 0.4634146341463415, 'macro avg': {'precision': 0.4730392156862745, 'recall': 0.47342995169082125, 'f1-score': 0.4630952380952381, 'support': 123.0}, 'weighted avg': {'precision': 0.4799139167862267, 'recall': 0.4634146341463415, 'f1-score': 0.46149825783972126, 'support': 123.0}}","[[30 24]
 [42 27]]"
1422,300,0.1,70,5,gbdt,0.7,0.5259170653907496,0.4,"{'0': {'precision': 0.4666666666666667, 'recall': 0.5185185185185185, 'f1-score': 0.49122807017543857, 'support': 54.0}, '1': {'precision': 0.5873015873015873, 'recall': 0.5362318840579711, 'f1-score': 0.5606060606060606, 'support': 69.0}, 'accuracy': 0.5284552845528455, 'macro avg': {'precision': 0.526984126984127, 'recall': 0.5273752012882448, 'f1-score': 0.5259170653907496, 'support': 123.0}, 'weighted avg': {'precision': 0.5343399148277197, 'recall': 0.5284552845528455, 'f1-score': 0.5301474306609094, 'support': 123.0}}","[[28 26]
 [32 37]]"
1423,300,0.1,70,5,gbdt,0.7,0.5259170653907496,0.30000000000000004,"{'0': {'precision': 0.4666666666666667, 'recall': 0.5185185185185185, 'f1-score': 0.49122807017543857, 'support': 54.0}, '1': {'precision': 0.5873015873015873, 'recall': 0.5362318840579711, 'f1-score': 0.5606060606060606, 'support': 69.0}, 'accuracy': 0.5284552845528455, 'macro avg': {'precision': 0.526984126984127, 'recall': 0.5273752012882448, 'f1-score': 0.5259170653907496, 'support': 123.0}, 'weighted avg': {'precision': 0.5343399148277197, 'recall': 0.5284552845528455, 'f1-score': 0.5301474306609094, 'support': 123.0}}","[[28 26]
 [32 37]]"
1424,300,0.1,70,5,gbdt,0.7,0.5662386053629649,0.30000000000000004,"{'0': {'precision': 0.5084745762711864, 'recall': 0.5555555555555556, 'f1-score': 0.5309734513274337, 'support': 54.0}, '1': {'precision': 0.625, 'recall': 0.5797101449275363, 'f1-score': 0.6015037593984962, 'support': 69.0}, 'accuracy': 0.5691056910569106, 'macro avg': {'precision': 0.5667372881355932, 'recall': 0.567632850241546, 'f1-score': 0.5662386053629649, 'support': 123.0}, 'weighted avg': {'precision': 0.5738424968995453, 'recall': 0.5691056910569106, 'f1-score': 0.5705392339038834, 'support': 123.0}}","[[30 24]
 [29 40]]"
1425,300,0.1,70,5,gbdt,0.8,0.5259170653907496,0.4,"{'0': {'precision': 0.4666666666666667, 'recall': 0.5185185185185185, 'f1-score': 0.49122807017543857, 'support': 54.0}, '1': {'precision': 0.5873015873015873, 'recall': 0.5362318840579711, 'f1-score': 0.5606060606060606, 'support': 69.0}, 'accuracy': 0.5284552845528455, 'macro avg': {'precision': 0.526984126984127, 'recall': 0.5273752012882448, 'f1-score': 0.5259170653907496, 'support': 123.0}, 'weighted avg': {'precision': 0.5343399148277197, 'recall': 0.5284552845528455, 'f1-score': 0.5301474306609094, 'support': 123.0}}","[[28 26]
 [32 37]]"
1426,300,0.1,70,5,gbdt,0.8,0.5259170653907496,0.30000000000000004,"{'0': {'precision': 0.4666666666666667, 'recall': 0.5185185185185185, 'f1-score': 0.49122807017543857, 'support': 54.0}, '1': {'precision': 0.5873015873015873, 'recall': 0.5362318840579711, 'f1-score': 0.5606060606060606, 'support': 69.0}, 'accuracy': 0.5284552845528455, 'macro avg': {'precision': 0.526984126984127, 'recall': 0.5273752012882448, 'f1-score': 0.5259170653907496, 'support': 123.0}, 'weighted avg': {'precision': 0.5343399148277197, 'recall': 0.5284552845528455, 'f1-score': 0.5301474306609094, 'support': 123.0}}","[[28 26]
 [32 37]]"
1427,300,0.1,70,5,gbdt,0.8,0.5662386053629649,0.30000000000000004,"{'0': {'precision': 0.5084745762711864, 'recall': 0.5555555555555556, 'f1-score': 0.5309734513274337, 'support': 54.0}, '1': {'precision': 0.625, 'recall': 0.5797101449275363, 'f1-score': 0.6015037593984962, 'support': 69.0}, 'accuracy': 0.5691056910569106, 'macro avg': {'precision': 0.5667372881355932, 'recall': 0.567632850241546, 'f1-score': 0.5662386053629649, 'support': 123.0}, 'weighted avg': {'precision': 0.5738424968995453, 'recall': 0.5691056910569106, 'f1-score': 0.5705392339038834, 'support': 123.0}}","[[30 24]
 [29 40]]"
1428,300,0.1,70,5,gbdt,1.0,0.5259170653907496,0.4,"{'0': {'precision': 0.4666666666666667, 'recall': 0.5185185185185185, 'f1-score': 0.49122807017543857, 'support': 54.0}, '1': {'precision': 0.5873015873015873, 'recall': 0.5362318840579711, 'f1-score': 0.5606060606060606, 'support': 69.0}, 'accuracy': 0.5284552845528455, 'macro avg': {'precision': 0.526984126984127, 'recall': 0.5273752012882448, 'f1-score': 0.5259170653907496, 'support': 123.0}, 'weighted avg': {'precision': 0.5343399148277197, 'recall': 0.5284552845528455, 'f1-score': 0.5301474306609094, 'support': 123.0}}","[[28 26]
 [32 37]]"
1429,300,0.1,70,5,gbdt,1.0,0.5259170653907496,0.30000000000000004,"{'0': {'precision': 0.4666666666666667, 'recall': 0.5185185185185185, 'f1-score': 0.49122807017543857, 'support': 54.0}, '1': {'precision': 0.5873015873015873, 'recall': 0.5362318840579711, 'f1-score': 0.5606060606060606, 'support': 69.0}, 'accuracy': 0.5284552845528455, 'macro avg': {'precision': 0.526984126984127, 'recall': 0.5273752012882448, 'f1-score': 0.5259170653907496, 'support': 123.0}, 'weighted avg': {'precision': 0.5343399148277197, 'recall': 0.5284552845528455, 'f1-score': 0.5301474306609094, 'support': 123.0}}","[[28 26]
 [32 37]]"
1430,300,0.1,70,5,gbdt,1.0,0.5662386053629649,0.30000000000000004,"{'0': {'precision': 0.5084745762711864, 'recall': 0.5555555555555556, 'f1-score': 0.5309734513274337, 'support': 54.0}, '1': {'precision': 0.625, 'recall': 0.5797101449275363, 'f1-score': 0.6015037593984962, 'support': 69.0}, 'accuracy': 0.5691056910569106, 'macro avg': {'precision': 0.5667372881355932, 'recall': 0.567632850241546, 'f1-score': 0.5662386053629649, 'support': 123.0}, 'weighted avg': {'precision': 0.5738424968995453, 'recall': 0.5691056910569106, 'f1-score': 0.5705392339038834, 'support': 123.0}}","[[30 24]
 [29 40]]"
1431,300,0.1,70,5,dart,0.7,0.49563492063492065,0.5,"{'0': {'precision': 0.4444444444444444, 'recall': 0.5925925925925926, 'f1-score': 0.5079365079365079, 'support': 54.0}, '1': {'precision': 0.5686274509803921, 'recall': 0.42028985507246375, 'f1-score': 0.48333333333333334, 'support': 69.0}, 'accuracy': 0.4959349593495935, 'macro avg': {'precision': 0.5065359477124183, 'recall': 0.5064412238325282, 'f1-score': 0.49563492063492065, 'support': 123.0}, 'weighted avg': {'precision': 0.5141080822572932, 'recall': 0.4959349593495935, 'f1-score': 0.4941347270615563, 'support': 123.0}}","[[32 22]
 [40 29]]"
1432,300,0.1,70,5,dart,0.7,0.5201983471074381,0.5,"{'0': {'precision': 0.4647887323943662, 'recall': 0.6111111111111112, 'f1-score': 0.528, 'support': 54.0}, '1': {'precision': 0.5961538461538461, 'recall': 0.4492753623188406, 'f1-score': 0.512396694214876, 'support': 69.0}, 'accuracy': 0.5203252032520326, 'macro avg': {'precision': 0.5304712892741061, 'recall': 0.5301932367149759, 'f1-score': 0.5201983471074381, 'support': 123.0}, 'weighted avg': {'precision': 0.5384813571862697, 'recall': 0.5203252032520326, 'f1-score': 0.5192469260229792, 'support': 123.0}}","[[33 21]
 [38 31]]"
1433,300,0.1,70,5,dart,0.7,0.5039338842975207,0.5,"{'0': {'precision': 0.44776119402985076, 'recall': 0.5555555555555556, 'f1-score': 0.49586776859504134, 'support': 54.0}, '1': {'precision': 0.5714285714285714, 'recall': 0.463768115942029, 'f1-score': 0.512, 'support': 69.0}, 'accuracy': 0.5040650406504065, 'macro avg': {'precision': 0.509594882729211, 'recall': 0.5096618357487923, 'f1-score': 0.5039338842975207, 'support': 123.0}, 'weighted avg': {'precision': 0.5171355764730354, 'recall': 0.5040650406504065, 'f1-score': 0.5049175569441645, 'support': 123.0}}","[[30 24]
 [37 32]]"
1434,300,0.1,70,5,dart,0.8,0.49563492063492065,0.5,"{'0': {'precision': 0.4444444444444444, 'recall': 0.5925925925925926, 'f1-score': 0.5079365079365079, 'support': 54.0}, '1': {'precision': 0.5686274509803921, 'recall': 0.42028985507246375, 'f1-score': 0.48333333333333334, 'support': 69.0}, 'accuracy': 0.4959349593495935, 'macro avg': {'precision': 0.5065359477124183, 'recall': 0.5064412238325282, 'f1-score': 0.49563492063492065, 'support': 123.0}, 'weighted avg': {'precision': 0.5141080822572932, 'recall': 0.4959349593495935, 'f1-score': 0.4941347270615563, 'support': 123.0}}","[[32 22]
 [40 29]]"
1435,300,0.1,70,5,dart,0.8,0.5201983471074381,0.5,"{'0': {'precision': 0.4647887323943662, 'recall': 0.6111111111111112, 'f1-score': 0.528, 'support': 54.0}, '1': {'precision': 0.5961538461538461, 'recall': 0.4492753623188406, 'f1-score': 0.512396694214876, 'support': 69.0}, 'accuracy': 0.5203252032520326, 'macro avg': {'precision': 0.5304712892741061, 'recall': 0.5301932367149759, 'f1-score': 0.5201983471074381, 'support': 123.0}, 'weighted avg': {'precision': 0.5384813571862697, 'recall': 0.5203252032520326, 'f1-score': 0.5192469260229792, 'support': 123.0}}","[[33 21]
 [38 31]]"
1436,300,0.1,70,5,dart,0.8,0.5039338842975207,0.5,"{'0': {'precision': 0.44776119402985076, 'recall': 0.5555555555555556, 'f1-score': 0.49586776859504134, 'support': 54.0}, '1': {'precision': 0.5714285714285714, 'recall': 0.463768115942029, 'f1-score': 0.512, 'support': 69.0}, 'accuracy': 0.5040650406504065, 'macro avg': {'precision': 0.509594882729211, 'recall': 0.5096618357487923, 'f1-score': 0.5039338842975207, 'support': 123.0}, 'weighted avg': {'precision': 0.5171355764730354, 'recall': 0.5040650406504065, 'f1-score': 0.5049175569441645, 'support': 123.0}}","[[30 24]
 [37 32]]"
1437,300,0.1,70,5,dart,1.0,0.49563492063492065,0.5,"{'0': {'precision': 0.4444444444444444, 'recall': 0.5925925925925926, 'f1-score': 0.5079365079365079, 'support': 54.0}, '1': {'precision': 0.5686274509803921, 'recall': 0.42028985507246375, 'f1-score': 0.48333333333333334, 'support': 69.0}, 'accuracy': 0.4959349593495935, 'macro avg': {'precision': 0.5065359477124183, 'recall': 0.5064412238325282, 'f1-score': 0.49563492063492065, 'support': 123.0}, 'weighted avg': {'precision': 0.5141080822572932, 'recall': 0.4959349593495935, 'f1-score': 0.4941347270615563, 'support': 123.0}}","[[32 22]
 [40 29]]"
1438,300,0.1,70,5,dart,1.0,0.5201983471074381,0.5,"{'0': {'precision': 0.4647887323943662, 'recall': 0.6111111111111112, 'f1-score': 0.528, 'support': 54.0}, '1': {'precision': 0.5961538461538461, 'recall': 0.4492753623188406, 'f1-score': 0.512396694214876, 'support': 69.0}, 'accuracy': 0.5203252032520326, 'macro avg': {'precision': 0.5304712892741061, 'recall': 0.5301932367149759, 'f1-score': 0.5201983471074381, 'support': 123.0}, 'weighted avg': {'precision': 0.5384813571862697, 'recall': 0.5203252032520326, 'f1-score': 0.5192469260229792, 'support': 123.0}}","[[33 21]
 [38 31]]"
1439,300,0.1,70,5,dart,1.0,0.5039338842975207,0.5,"{'0': {'precision': 0.44776119402985076, 'recall': 0.5555555555555556, 'f1-score': 0.49586776859504134, 'support': 54.0}, '1': {'precision': 0.5714285714285714, 'recall': 0.463768115942029, 'f1-score': 0.512, 'support': 69.0}, 'accuracy': 0.5040650406504065, 'macro avg': {'precision': 0.509594882729211, 'recall': 0.5096618357487923, 'f1-score': 0.5039338842975207, 'support': 123.0}, 'weighted avg': {'precision': 0.5171355764730354, 'recall': 0.5040650406504065, 'f1-score': 0.5049175569441645, 'support': 123.0}}","[[30 24]
 [37 32]]"
1440,300,0.1,70,10,gbdt,0.7,0.51692849404117,0.2,"{'0': {'precision': 0.46, 'recall': 0.42592592592592593, 'f1-score': 0.4423076923076923, 'support': 54.0}, '1': {'precision': 0.5753424657534246, 'recall': 0.6086956521739131, 'f1-score': 0.5915492957746479, 'support': 69.0}, 'accuracy': 0.5284552845528455, 'macro avg': {'precision': 0.5176712328767124, 'recall': 0.5173107890499196, 'f1-score': 0.51692849404117, 'support': 123.0}, 'weighted avg': {'precision': 0.5247043100567992, 'recall': 0.5284552845528455, 'f1-score': 0.5260285918135454, 'support': 123.0}}","[[23 31]
 [27 42]]"
1441,300,0.1,70,10,gbdt,0.7,0.5346166611350813,0.4,"{'0': {'precision': 0.47540983606557374, 'recall': 0.5370370370370371, 'f1-score': 0.5043478260869565, 'support': 54.0}, '1': {'precision': 0.5967741935483871, 'recall': 0.5362318840579711, 'f1-score': 0.5648854961832062, 'support': 69.0}, 'accuracy': 0.5365853658536586, 'macro avg': {'precision': 0.5360920148069804, 'recall': 0.5366344605475041, 'f1-score': 0.5346166611350813, 'support': 123.0}, 'weighted avg': {'precision': 0.5434922805071519, 'recall': 0.5365853658536586, 'f1-score': 0.5383079824824136, 'support': 123.0}}","[[29 25]
 [32 37]]"
1442,300,0.1,70,10,gbdt,0.7,0.49187100213219614,0.7000000000000001,"{'0': {'precision': 0.45, 'recall': 0.6666666666666666, 'f1-score': 0.5373134328358209, 'support': 54.0}, '1': {'precision': 0.5813953488372093, 'recall': 0.36231884057971014, 'f1-score': 0.44642857142857145, 'support': 69.0}, 'accuracy': 0.4959349593495935, 'macro avg': {'precision': 0.5156976744186047, 'recall': 0.5144927536231884, 'f1-score': 0.49187100213219614, 'support': 123.0}, 'weighted avg': {'precision': 0.5237095859330686, 'recall': 0.4959349593495935, 'f1-score': 0.48632924229029073, 'support': 123.0}}","[[36 18]
 [44 25]]"
1443,300,0.1,70,10,gbdt,0.8,0.51692849404117,0.2,"{'0': {'precision': 0.46, 'recall': 0.42592592592592593, 'f1-score': 0.4423076923076923, 'support': 54.0}, '1': {'precision': 0.5753424657534246, 'recall': 0.6086956521739131, 'f1-score': 0.5915492957746479, 'support': 69.0}, 'accuracy': 0.5284552845528455, 'macro avg': {'precision': 0.5176712328767124, 'recall': 0.5173107890499196, 'f1-score': 0.51692849404117, 'support': 123.0}, 'weighted avg': {'precision': 0.5247043100567992, 'recall': 0.5284552845528455, 'f1-score': 0.5260285918135454, 'support': 123.0}}","[[23 31]
 [27 42]]"
1444,300,0.1,70,10,gbdt,0.8,0.5346166611350813,0.4,"{'0': {'precision': 0.47540983606557374, 'recall': 0.5370370370370371, 'f1-score': 0.5043478260869565, 'support': 54.0}, '1': {'precision': 0.5967741935483871, 'recall': 0.5362318840579711, 'f1-score': 0.5648854961832062, 'support': 69.0}, 'accuracy': 0.5365853658536586, 'macro avg': {'precision': 0.5360920148069804, 'recall': 0.5366344605475041, 'f1-score': 0.5346166611350813, 'support': 123.0}, 'weighted avg': {'precision': 0.5434922805071519, 'recall': 0.5365853658536586, 'f1-score': 0.5383079824824136, 'support': 123.0}}","[[29 25]
 [32 37]]"
1445,300,0.1,70,10,gbdt,0.8,0.49187100213219614,0.7000000000000001,"{'0': {'precision': 0.45, 'recall': 0.6666666666666666, 'f1-score': 0.5373134328358209, 'support': 54.0}, '1': {'precision': 0.5813953488372093, 'recall': 0.36231884057971014, 'f1-score': 0.44642857142857145, 'support': 69.0}, 'accuracy': 0.4959349593495935, 'macro avg': {'precision': 0.5156976744186047, 'recall': 0.5144927536231884, 'f1-score': 0.49187100213219614, 'support': 123.0}, 'weighted avg': {'precision': 0.5237095859330686, 'recall': 0.4959349593495935, 'f1-score': 0.48632924229029073, 'support': 123.0}}","[[36 18]
 [44 25]]"
1446,300,0.1,70,10,gbdt,1.0,0.51692849404117,0.2,"{'0': {'precision': 0.46, 'recall': 0.42592592592592593, 'f1-score': 0.4423076923076923, 'support': 54.0}, '1': {'precision': 0.5753424657534246, 'recall': 0.6086956521739131, 'f1-score': 0.5915492957746479, 'support': 69.0}, 'accuracy': 0.5284552845528455, 'macro avg': {'precision': 0.5176712328767124, 'recall': 0.5173107890499196, 'f1-score': 0.51692849404117, 'support': 123.0}, 'weighted avg': {'precision': 0.5247043100567992, 'recall': 0.5284552845528455, 'f1-score': 0.5260285918135454, 'support': 123.0}}","[[23 31]
 [27 42]]"
1447,300,0.1,70,10,gbdt,1.0,0.5346166611350813,0.4,"{'0': {'precision': 0.47540983606557374, 'recall': 0.5370370370370371, 'f1-score': 0.5043478260869565, 'support': 54.0}, '1': {'precision': 0.5967741935483871, 'recall': 0.5362318840579711, 'f1-score': 0.5648854961832062, 'support': 69.0}, 'accuracy': 0.5365853658536586, 'macro avg': {'precision': 0.5360920148069804, 'recall': 0.5366344605475041, 'f1-score': 0.5346166611350813, 'support': 123.0}, 'weighted avg': {'precision': 0.5434922805071519, 'recall': 0.5365853658536586, 'f1-score': 0.5383079824824136, 'support': 123.0}}","[[29 25]
 [32 37]]"
1448,300,0.1,70,10,gbdt,1.0,0.49187100213219614,0.7000000000000001,"{'0': {'precision': 0.45, 'recall': 0.6666666666666666, 'f1-score': 0.5373134328358209, 'support': 54.0}, '1': {'precision': 0.5813953488372093, 'recall': 0.36231884057971014, 'f1-score': 0.44642857142857145, 'support': 69.0}, 'accuracy': 0.4959349593495935, 'macro avg': {'precision': 0.5156976744186047, 'recall': 0.5144927536231884, 'f1-score': 0.49187100213219614, 'support': 123.0}, 'weighted avg': {'precision': 0.5237095859330686, 'recall': 0.4959349593495935, 'f1-score': 0.48632924229029073, 'support': 123.0}}","[[36 18]
 [44 25]]"
1449,300,0.1,70,10,dart,0.7,0.51692849404117,0.4,"{'0': {'precision': 0.46, 'recall': 0.42592592592592593, 'f1-score': 0.4423076923076923, 'support': 54.0}, '1': {'precision': 0.5753424657534246, 'recall': 0.6086956521739131, 'f1-score': 0.5915492957746479, 'support': 69.0}, 'accuracy': 0.5284552845528455, 'macro avg': {'precision': 0.5176712328767124, 'recall': 0.5173107890499196, 'f1-score': 0.51692849404117, 'support': 123.0}, 'weighted avg': {'precision': 0.5247043100567992, 'recall': 0.5284552845528455, 'f1-score': 0.5260285918135454, 'support': 123.0}}","[[23 31]
 [27 42]]"
1450,300,0.1,70,10,dart,0.7,0.5231283422459893,0.4,"{'0': {'precision': 0.4642857142857143, 'recall': 0.48148148148148145, 'f1-score': 0.4727272727272727, 'support': 54.0}, '1': {'precision': 0.582089552238806, 'recall': 0.5652173913043478, 'f1-score': 0.5735294117647058, 'support': 69.0}, 'accuracy': 0.5284552845528455, 'macro avg': {'precision': 0.5231876332622601, 'recall': 0.5233494363929146, 'f1-score': 0.5231283422459893, 'support': 123.0}, 'weighted avg': {'precision': 0.5303707941130584, 'recall': 0.5284552845528455, 'f1-score': 0.5292748141385156, 'support': 123.0}}","[[26 28]
 [30 39]]"
1451,300,0.1,70,10,dart,0.7,0.4630952380952381,0.5,"{'0': {'precision': 0.4166666666666667, 'recall': 0.5555555555555556, 'f1-score': 0.47619047619047616, 'support': 54.0}, '1': {'precision': 0.5294117647058824, 'recall': 0.391304347826087, 'f1-score': 0.45, 'support': 69.0}, 'accuracy': 0.4634146341463415, 'macro avg': {'precision': 0.4730392156862745, 'recall': 0.47342995169082125, 'f1-score': 0.4630952380952381, 'support': 123.0}, 'weighted avg': {'precision': 0.4799139167862267, 'recall': 0.4634146341463415, 'f1-score': 0.46149825783972126, 'support': 123.0}}","[[30 24]
 [42 27]]"
1452,300,0.1,70,10,dart,0.8,0.51692849404117,0.4,"{'0': {'precision': 0.46, 'recall': 0.42592592592592593, 'f1-score': 0.4423076923076923, 'support': 54.0}, '1': {'precision': 0.5753424657534246, 'recall': 0.6086956521739131, 'f1-score': 0.5915492957746479, 'support': 69.0}, 'accuracy': 0.5284552845528455, 'macro avg': {'precision': 0.5176712328767124, 'recall': 0.5173107890499196, 'f1-score': 0.51692849404117, 'support': 123.0}, 'weighted avg': {'precision': 0.5247043100567992, 'recall': 0.5284552845528455, 'f1-score': 0.5260285918135454, 'support': 123.0}}","[[23 31]
 [27 42]]"
1453,300,0.1,70,10,dart,0.8,0.5231283422459893,0.4,"{'0': {'precision': 0.4642857142857143, 'recall': 0.48148148148148145, 'f1-score': 0.4727272727272727, 'support': 54.0}, '1': {'precision': 0.582089552238806, 'recall': 0.5652173913043478, 'f1-score': 0.5735294117647058, 'support': 69.0}, 'accuracy': 0.5284552845528455, 'macro avg': {'precision': 0.5231876332622601, 'recall': 0.5233494363929146, 'f1-score': 0.5231283422459893, 'support': 123.0}, 'weighted avg': {'precision': 0.5303707941130584, 'recall': 0.5284552845528455, 'f1-score': 0.5292748141385156, 'support': 123.0}}","[[26 28]
 [30 39]]"
1454,300,0.1,70,10,dart,0.8,0.4630952380952381,0.5,"{'0': {'precision': 0.4166666666666667, 'recall': 0.5555555555555556, 'f1-score': 0.47619047619047616, 'support': 54.0}, '1': {'precision': 0.5294117647058824, 'recall': 0.391304347826087, 'f1-score': 0.45, 'support': 69.0}, 'accuracy': 0.4634146341463415, 'macro avg': {'precision': 0.4730392156862745, 'recall': 0.47342995169082125, 'f1-score': 0.4630952380952381, 'support': 123.0}, 'weighted avg': {'precision': 0.4799139167862267, 'recall': 0.4634146341463415, 'f1-score': 0.46149825783972126, 'support': 123.0}}","[[30 24]
 [42 27]]"
1455,300,0.1,70,10,dart,1.0,0.51692849404117,0.4,"{'0': {'precision': 0.46, 'recall': 0.42592592592592593, 'f1-score': 0.4423076923076923, 'support': 54.0}, '1': {'precision': 0.5753424657534246, 'recall': 0.6086956521739131, 'f1-score': 0.5915492957746479, 'support': 69.0}, 'accuracy': 0.5284552845528455, 'macro avg': {'precision': 0.5176712328767124, 'recall': 0.5173107890499196, 'f1-score': 0.51692849404117, 'support': 123.0}, 'weighted avg': {'precision': 0.5247043100567992, 'recall': 0.5284552845528455, 'f1-score': 0.5260285918135454, 'support': 123.0}}","[[23 31]
 [27 42]]"
1456,300,0.1,70,10,dart,1.0,0.5231283422459893,0.4,"{'0': {'precision': 0.4642857142857143, 'recall': 0.48148148148148145, 'f1-score': 0.4727272727272727, 'support': 54.0}, '1': {'precision': 0.582089552238806, 'recall': 0.5652173913043478, 'f1-score': 0.5735294117647058, 'support': 69.0}, 'accuracy': 0.5284552845528455, 'macro avg': {'precision': 0.5231876332622601, 'recall': 0.5233494363929146, 'f1-score': 0.5231283422459893, 'support': 123.0}, 'weighted avg': {'precision': 0.5303707941130584, 'recall': 0.5284552845528455, 'f1-score': 0.5292748141385156, 'support': 123.0}}","[[26 28]
 [30 39]]"
1457,300,0.1,70,10,dart,1.0,0.4630952380952381,0.5,"{'0': {'precision': 0.4166666666666667, 'recall': 0.5555555555555556, 'f1-score': 0.47619047619047616, 'support': 54.0}, '1': {'precision': 0.5294117647058824, 'recall': 0.391304347826087, 'f1-score': 0.45, 'support': 69.0}, 'accuracy': 0.4634146341463415, 'macro avg': {'precision': 0.4730392156862745, 'recall': 0.47342995169082125, 'f1-score': 0.4630952380952381, 'support': 123.0}, 'weighted avg': {'precision': 0.4799139167862267, 'recall': 0.4634146341463415, 'f1-score': 0.46149825783972126, 'support': 123.0}}","[[30 24]
 [42 27]]"
